Jenny Sharon,"11/02/2020, 15:07:23",@ladygaga #Trump2020,https://twitter.com/jenny4congress/status/1323280551239929856
Theresa Raborn,"11/02/2020, 01:56:56","The tide is forming and Tuesday is will come forth as the greatest red tsunami our great nation has ever seen!  

History in the making! https://t.co/5oRNmZ6Yql",https://twitter.com/Raborn4Congress/status/1323081629728940040
Josh Barnett,"10/29/2020, 14:45:12",@elo3852 @JDRucker There‚Äôs so much wrong with these I don‚Äôt even have time to correct them. Please do your research and not on cnn,https://twitter.com/BarnettforAZ/status/1321825417313939461
Josh Barnett,"10/23/2020, 15:46:14","@9thFloorAZ The use of hydroxychloroquine, zinc and azithromycin reduces hospitalization by 84%. Why is it not being widely used? @zev_dr @richardursomd @JamesTodaroMD",https://twitter.com/BarnettforAZ/status/1319666451502919680
Kimberly Klacik,"10/03/2020, 02:45:23","Just wanted to take a second to point out members of Congress were able to hash a deal avoiding a government shutdown, guaranteeing their paychecks, but can‚Äôt agree on a stimulus to help the people they were elected to represent.

Pls stop voting for these clowns.
November 3rd üá∫üá∏",https://twitter.com/kimKBaltimore/status/1312222185239478272
Jeff Gorman,"10/10/2020, 20:42:19",@QmagaMike @DcdRetblue @FarRight1_2 @7mdk7 @Brixea @DFBHarvard @BelannF @Boweadroit @702barry @kwick1988 @gringo_maximo @GATrumpster @alexmjordan @JeffreyFrye @Rykwilliamz @TDogPatriot @marsha20201 @SealeyGerald @JDPHD2 @JHTX77 @tweets4poppy @RickPhi1 @chiefkelley46 @rowdydowdys1 @Lybio @onebigbeer https://t.co/74BIPp0ma4,https://twitter.com/JeffGormanMRY/status/1315029919487848449
Jenny Sharon,"10/08/2020, 02:14:04","@TheJordanRachel @fliflisky She is a child. I‚Äôm still waiting for her giggle fest.
#VPDebates 
#KamalaHarris",https://twitter.com/jenny4congress/status/1314026242207817728
George Mitris,"10/16/2020, 23:55:36","If you missed the debate, here it is. It gets really interesting at third question. #roc @swatchic404 @maskulada @LovelyWarrenRoc @lovelyawarren @BobLonsberry https://t.co/EpJX0Mdx89",https://twitter.com/GeorgeMitris1/status/1317252889375629315
Wesley Hunt,"11/02/2020, 16:49:37","No better way to start the day than breakfast &amp; quality conversation with the folks at Buffalo Grille here in #TX07.

If you haven't done so already, make sure to head to the polls tomorrow &amp; #vote! https://t.co/79kPadFOOf",https://twitter.com/WesleyHuntTX/status/1323306279691902977
Luke Negron,"10/04/2020, 21:39:53",The President is battling Covid and has still done more appearances than Biden today. https://t.co/HaINATGbPM,https://twitter.com/LukeEdison20/status/1312870081244942337
Brian Maryott,"10/10/2020, 16:18:57",So if BLM‚Äôs agenda (BREATH Act) passes - how do we lock this guy up? (calls for no more jails) Black Lives dont just ‚Äúmatter‚Äù- that choice of words is condescending and offensive- Black Lives Are Precious. But the BLM legislative agenda is dangerous. #CA49 https://t.co/ibjl8TsIQR,https://twitter.com/brianlmaryott/status/1314963642622697474
Kimberly Klacik,"10/05/2020, 20:57:27","Thank you @FOXBaltimore for having me for a LIVE interview. You are the only local network that doesn‚Äôt insist on a prerecorded interview that ends up heavily edited after packaging. 

You are appreciated üá∫üá∏
https://t.co/sDJbWLtWbr https://t.co/SNY5zlKt8Q",https://twitter.com/kimKBaltimore/status/1313221790479638529
"Kim, Young","10/26/2020, 15:00:01","8 days out, the latest poll has us in the lead -- but victory‚Äôs within the margin of error! Can you chip in to help us WIN on November 3rd? #TeamYoung #VoteYoungKim

https://t.co/vczIXaRmzs",https://twitter.com/YoungKimCA/status/1320741981115555841
Lisa Scheller,"10/05/2020, 23:46:04","I know how hard this pandemic has been on businesses first hand. When this pandemic started and my business was struggling, I took my salary to zero so that we could maintain our current workforce. #PA07",https://twitter.com/SchellerforPA/status/1313264224219664384
Lavern Spicer,"10/25/2020, 15:54:01","Play the arrogant ""rich guy"" card all you want against Trump. Anyone with a brain can see that everything he has been doing is to help REAL, HARD WORKING AMERICANS. Biden is a high tax, open border, baby killing lunatic.",https://twitter.com/lavern_spicer/status/1320393184258723843
Greg Musselwhite,"10/30/2020, 17:44:35",@GordonJCampbel3 @realDonaldTrump @RealRLimbaugh https://t.co/lESkIyU7zY,https://twitter.com/GregMusselwhit3/status/1322232949312544770
Joe Collins,"10/17/2020, 23:51:32","I‚Äôm proud to announce that the campaign has been endorsed by @RepAndyBiggsAZ 

Give him a huge THANK YOU in the comments. 

Let‚Äôs fire üî• Maxine Waters once and for all! https://t.co/201uZeVset",https://twitter.com/joeecollins3/status/1317614254015442949
Alison Hayden,"10/24/2020, 14:30:39",#EyesWideOpen #KnowYourEnemy #KnowYourCanidate  @RepSwalwell is aligned with the Radical-Left.                                              #VoteYourValues #freedom https://t.co/GGvxsLWlLe,https://twitter.com/Alison4Congress/status/1320009815263834115
Nisha Sharma,"11/01/2020, 19:08:43","TWO DAYS to the most important elections of our times. I thank the #Republicans, locally &amp; nationally for the immense energy they have put into the campaign. Together we will #TakeBackTheHouse . We will ensure that @POTUS has all the support he needs to #MAGA in his 2nd term https://t.co/aA0b22MScJ",https://twitter.com/UsaNisha/status/1322978899014406156
Jenny Sharon,"10/11/2020, 15:27:34",@DiamondandSilk Amen üôè,https://twitter.com/jenny4congress/status/1315313097876344837
Josh Barnett,"11/01/2020, 16:19:08",@realDonaldTrump @PinkieCLC @Facebook ‚ÄúError‚Äù. Yeah right,https://twitter.com/BarnettforAZ/status/1322936220029128704
"Fischbach, Michelle","10/31/2020, 14:21:35",Your county should be open from 10am - 3pm today to vote early in-person or to drop off your ballot if you already have one. Check https://t.co/5nfxrV2c1M for details. #mn07,https://twitter.com/FischbachMN7/status/1322544251184521221
Johsie Cruz,"10/06/2020, 09:31:29",.@_WilliamsonBen @w_terrence @Alyssafarah @MarkMeadows @SebGorka @NicoleFrazier45 @JuddPDeere45 @JHorstman45 @AshleyBell45 @ScottTurner45 @JaRonSmith45 @RussVought45 @Catfletcher69 @kenmcclenton @EquipoTrump @OANN @GOP @DeKalbGOP @GwinnettGOP @Rockdalegop @cobbgop @FultonGOP üëá https://t.co/zmnnMfbknT,https://twitter.com/JohsieC/status/1313411545116946432
Charles Winn,"10/13/2020, 21:43:36",Our future generation should not be at a disadvantage in their education because of where they live. I will offer much more flexibility for parents and children to CHOOSE their education by favoring the creation of new charter schools to bring competition for public schools.,https://twitter.com/DrCharlieWinn/status/1316132505314095110
Kathy Barnette,"10/06/2020, 20:19:14","National Night Out @ Lower Merion Police Dept. Bring a donation... #backtheblue
https://t.co/gfluHMsUM1",https://twitter.com/Kathy4Truth/status/1313574560130895872
Douglas Tuman,"10/23/2020, 01:23:55",New York is not a model for Coronavirus. Highest deaths in the country! #Debates2020,https://twitter.com/ElectTuman/status/1319449438591516672
"Fischbach, Michelle","10/13/2020, 17:13:16",Congratulations and thank you to the @USNavy for 245 years of protecting our country on the seas. https://t.co/DCld0zOCOa,https://twitter.com/FischbachMN7/status/1316064474810458113
Dave Giles,"10/26/2020, 02:06:33",Vote Giles https://t.co/WX9OWwLzwP,https://twitter.com/VoteGiles/status/1320547333881298944
Josh Barnett,"10/17/2020, 01:50:34",@BoKnowsNews Asking a legit question and he won‚Äôt answer it. I expect nothing less from @JoeBiden or any other Democrat,https://twitter.com/BarnettforAZ/status/1317281819289550848
Rob Weber,"10/12/2020, 15:14:01","If Gretchen Whitmer plans to ignore election voting deadlines I say we just don't count her state. We've had this system for centuries, no way one corrupt governor can tank it.",https://twitter.com/WestPointWeber/status/1315672076863320066
Agnes Gibboney,"10/30/2020, 16:50:55","Frustrating! Last night 50 campaign yard signs were put out in Rancho Cucamonga,  they're all gone by this morning!! I hope it backfires on them.",https://twitter.com/agnes_gibboney/status/1322219442160328704
Josh Barnett,"10/15/2020, 15:11:42",@icecube 2/2 ‚ÄúNet worth also increased among blacks (32.1%) and Hispanics (63.6%) compared to whites (4%).‚Äù Love him or hate him- Trump economic policies work,https://twitter.com/BarnettforAZ/status/1316758657380446208
Jesse Jensen,"10/20/2020, 04:54:10",Congrats @carmenbest! https://t.co/aexfaZHjXp,https://twitter.com/JesseJensenWA/status/1318415187888676865
Thomas Kean Jr.,"10/04/2020, 23:58:49",Mayor Matt Morello and I sat down with local restaurant owners in Long Valley and heard stories of the immense struggles they‚Äôve had to endure this year. The public sector needs to work in lock step with the private sector to grow our economy out of the COVID crisis. #NJ07 https://t.co/zi1bO4cXN9,https://twitter.com/KeanForCongress/status/1312905044585578497
Josh Barnett,"10/23/2020, 04:00:50",Big win for @realDonaldTrump in tonight‚Äôs debate,https://twitter.com/BarnettforAZ/status/1319488929343565824
Luke Negron,"10/28/2020, 17:33:50",@SterlingArrow @realDonaldTrump The red hat in your photo is a knockoff. The official MAGA hat is Made in America. https://t.co/hR33HoEyQM,https://twitter.com/LukeEdison20/status/1321505467705810946
Nisha Sharma,"10/28/2020, 06:05:30",Thanks for your encouragement @DougLaMalfa. I hope to be your colleague after next week. #TakeBackTheHouse üá∫üá∏ https://t.co/Xy6jI69ceh,https://twitter.com/UsaNisha/status/1321332244623937537
Johsie Cruz,"10/27/2020, 22:12:01",@neangarita @EagleSMBL @RepHankJohnson https://t.co/OLSvrpx4T0,https://twitter.com/JohsieC/status/1321213085575761925
Douglas Tuman,"10/29/2020, 13:18:21","GDP under Biden = 2%
Under @realDonaldTrump = 33%!!!!

Vote wisely!!!! üá∫üá∏ #ThursdayThoughts",https://twitter.com/ElectTuman/status/1321803559315349504
Errol Webber,"10/30/2020, 22:00:31","If you give a Democrat politician a fish, he'll complain that it's not lobster and then call the lobster a basic human right.",https://twitter.com/ErrolWebber/status/1322297356310794245
Aliscia Andrews,"10/22/2020, 12:24:22",Thank you üá∫üá∏ https://t.co/jgXYGVznic,https://twitter.com/alisciaandrews/status/1319253260587380736
Robert Lancia,"10/26/2020, 22:07:00","With Rebecca this evening in Scituate, RI as the sun sets! She is a nurse and a big supporter! Thanks for asking for a sign! https://t.co/v0A6Ev0CRM",https://twitter.com/BobLancia/status/1320849438445834240
Errol Webber,"10/21/2020, 22:12:17","In a state where some races have been decided by fewer than 500 votes, this is deeply concerning.

https://t.co/6o0fClLwEO",https://twitter.com/ErrolWebber/status/1319038827885850629
Errol Webber,"10/17/2020, 13:25:13","Is @Diddy's #ourblackparty as exclusive as it sounds? Didn't really work out so well for the NAZI Party, did it?",https://twitter.com/ErrolWebber/status/1317456634122280960
Joe Collins,"10/10/2020, 22:30:31",@curtharding @stclairashley Thank you!,https://twitter.com/joeecollins3/status/1315057149018435584
Jesse Jensen,"10/07/2020, 16:49:41","The two monsters that raped, beheaded, and murdered at least 27 are going to face the American justice system. The long arm of American might will bring evil doers to account. ISIS is dead. #NeverForget

https://t.co/xh7ypL7Udw",https://twitter.com/JesseJensenWA/status/1313884211581915140
Mark Richardson,"10/24/2020, 11:46:57","@realDonaldTrump Coming to Ohio today. Really could use a little recognition. Vote For The Veteran, Vote Mark Richardson For OH03 https://t.co/p9fFPMg4x3",https://twitter.com/RichardsonOH3/status/1319968621980942337
Wendell Champion,"10/19/2020, 20:46:24","Team Champion is at West Gray Metropolitan Multi-Services Center polling location. Thank you, Emelie!

üá∫üá∏VOTE for Wendell Champion for Congress
Early Voting: TODAY - Oct. 30
Election Day: Nov. 3

Find your nearest polling location at https://t.co/MrBJtpMJqA
with @EmelieEnglehart https://t.co/ku5Lo05jUJ",https://twitter.com/ChampionTx2020/status/1318292436930732035
John Briscoe,"10/28/2020, 16:41:15",Plant a tree today.....plant several!  @TrillionTreesIn will absorb all the carbon we put out. HEY a natural solution to the purported carbon problem. We all like natural and organic! Plant several trees at your house if you have one. Call your city to plant parkway with trees!,https://twitter.com/johnfbriscoe/status/1321492233577586689
Lisa Scheller,"10/16/2020, 21:40:01",Thank you to all who came out and supported me today at the AF Boyer Gun Shop! It was so nice to see so many fired up volunteers and supporters. #PA07 https://t.co/PW4FONyp3e,https://twitter.com/SchellerforPA/status/1317218768700002305
Casper Stockham,"10/15/2020, 03:27:46",@lemonmaid3 @Getaclue77 @realDonaldTrump Report them to your elected officials and the press. Make a lot of noise.,https://twitter.com/Casper4Colorado/status/1316581506324803584
Chris Bish,"10/29/2020, 06:35:57",@trt0597jimmie Absolutely stupid and arrogant,https://twitter.com/BishForCongress/status/1321702294203740163
Alek Skarlatos,"10/15/2020, 23:04:46",@RKogan5 Thank you @RKogan5!,https://twitter.com/alekskarlatos/status/1316877708823994369
Lisa Scheller,"10/28/2020, 21:08:31","The Liberal Mob has come to our doorstep, but @wildforcongress wants to defund our law enforcement officers and leave us helpless to the mob #PA07

https://t.co/72yRojv9f9",https://twitter.com/SchellerforPA/status/1321559493264723969
Josh Barnett,"10/05/2020, 23:03:27",@FloridaDude297 Very true. I‚Äôm pulling for her,https://twitter.com/BarnettforAZ/status/1313253497568026625
Chris Palombi,"10/06/2020, 17:18:25",Great meeting @DC_Draino at the #WalkAway #UnSilentMarch. Thanks for the support! https://t.co/EL6qbhQsBP,https://twitter.com/ChrisPalombi/status/1313529055724044290
Rob Weber,"11/01/2020, 21:27:52",Time to put an end to career politicians. #WestPointWeber for #OH09. Time to end the reign of 38-year incumbent Marcy Kaptur. @AlysonJFrost https://t.co/qhlf8geOXF,https://twitter.com/WestPointWeber/status/1323013916763586563
Greg Musselwhite,"10/31/2020, 09:54:11","And... nothing has, or will happen. https://t.co/QyheiDHZUm",https://twitter.com/GregMusselwhit3/status/1322476957720891398
Jeanne Ives,"10/31/2020, 18:57:10",It's a great day to be out in the field! Help us with our final push before Election Day. The Freedom Summit is IL06: https://t.co/y6rp5uxI4s https://t.co/KLfvUOoVB6,https://twitter.com/JeanneIves/status/1322613604269568003
Jim Marchant,"10/28/2020, 21:32:59",Join Republican candidate for NV-04 Jim Marchant and the Honorable Ben Carson for a special Zoom Event this Friday at 11:00 AM PST. Register here: https://t.co/CTuiZdMcmu https://t.co/CErhH2krKM,https://twitter.com/VoteJimMarchant/status/1321565653363544065
Errol Webber,"10/12/2020, 13:03:42",@realDonaldTrump The media is losing their minds! Wait until we flip CA-37! They won‚Äôt know what to do. https://t.co/M8dJ01yxgH,https://twitter.com/ErrolWebber/status/1315639281369612289
Lisa Scheller,"10/05/2020, 23:46:05",I needed to help my business and I did what was needed. I will do the same for #PA07 families. I am a job creator and a voice for #PA07 because I am a member of our community.,https://twitter.com/SchellerforPA/status/1313264225201119232
Errol Webber,"10/18/2020, 19:06:30",See you all in 1 HOUR! Let‚Äôs shoot some guns! https://t.co/WZtJGW15Zs,https://twitter.com/ErrolWebber/status/1317904909753151488
Tiffany Shedd,"10/06/2020, 16:14:00",Our first and hopefully not last debate is this Thursday. I look forward to discussing important issues to rural Arizonans and provide a stark contrast to Tom O‚ÄôHalleran who votes 97% of the time with Nancy Pelosi.,https://twitter.com/Tiffany_Shedd/status/1313512842713206785
Josh Barnett,"10/31/2020, 16:36:49",@VaughnHillyard @CaptMarkKelly So desperate to talk to negative about our President,https://twitter.com/BarnettforAZ/status/1322578283389595648
Johsie Cruz,"10/17/2020, 02:29:40",@JoelvinRV @NuadaSword @realDonaldTrump @VP @GOP https://t.co/Lp2o8Wmo4k,https://twitter.com/JohsieC/status/1317291659458117632
Dasha Pruett,"11/02/2020, 18:55:03",Stop the #hate and #racism  https://t.co/Ic0bPNZ3RC #walkaway #flipthehouse #votefordasha https://t.co/6JAQDECcI9,https://twitter.com/DashaPruett/status/1323337846867066883
Alison Hayden,"10/03/2020, 15:01:52",@PastorDScott @AnnCoulter She's a Romney employee these days,https://twitter.com/Alison4Congress/status/1312407526739066881
Greg Musselwhite,"10/29/2020, 22:12:25","And we trust the FBI to do what's right?...
I have ZERO faith in justice system at the moment.  
#DoubleStandards https://t.co/jYI1tpwnLb",https://twitter.com/GregMusselwhit3/status/1321937961131397120
Jeff Gorman,"10/25/2020, 13:09:09",@GPA_7 @H1Tch7 @thefattestbob @JayBird1545 @SM4USA @Ms_Codio @AmericanNomad01 @Patriot3651 @lexi10292 @gigi50954629 @grlbythesea @CrockerCee @fookcu_f @maimas74 @41wyatt @patrioticrn1 @gunsandcoffee42 @bionicgrl55 @mgmeisch @Mountain_AJ @RogerFritz7 @CajunPatriot7 @BelannF https://t.co/t0XUJkSsXi,https://twitter.com/JeffGormanMRY/status/1320351694237003777
Jennifer Zinone,"10/10/2020, 15:14:56",Just posted a video https://t.co/r0tCDiGPqL,https://twitter.com/JenZinone/status/1314947529096802309
Johnny Nalbandian,"10/11/2020, 02:23:12",@RyanAFournier REDPILLED! https://t.co/P6x1viQysJ,https://twitter.com/Johnny_Congress/status/1315115704127905793
Monica de la Cruz-Hernandez,"10/05/2020, 15:27:47",https://t.co/yZnDzjGKpM,https://twitter.com/monica4congress/status/1313138825628135425
Douglas Tuman,"10/17/2020, 19:23:39","If #BidenCares, why would he pick a person like Cuomo for his cabinet? 

Gov Cuomo‚Äôs decisions caused the deaths of at least 11K seniors in New York!",https://twitter.com/ElectTuman/status/1317546837872619520
Lavern Spicer,"10/17/2020, 15:54:00","If children can pick their own sex then they should be able to buy cigarettes and vote too. Is that right, Joe?",https://twitter.com/lavern_spicer/status/1317494079056465925
Aja Smith,"10/24/2020, 01:54:35",Amen üôè https://t.co/eXyTrtYG5g,https://twitter.com/AjaforCongress/status/1319819545750597639
Tre Pennie,"10/17/2020, 18:42:38","If fundraising is an indication of voter preference, then a new vision is on the horizon for District 30. In the 3rd quarter, my campaign out raised EBJ‚Äôs campaign over 2-1: $170k to $81k. #pennieforcongressüá∫üá∏üá∫üá∏ https://t.co/WBTAGxUOra",https://twitter.com/sgt_pennie/status/1317536513710841861
Wesley Hunt,"10/20/2020, 11:51:57",Excited to join @foxandfriends live in just a few minutes! https://t.co/mewvaT5vKe,https://twitter.com/WesleyHuntTX/status/1318520327643844614
Rob Weber,"10/29/2020, 16:00:38",If Hillary can be an elector for NY then why not Don Jr. for CA? Would be just as ridiculous and dishonest.,https://twitter.com/WestPointWeber/status/1321844398922092544
Greg Musselwhite,"10/21/2020, 19:36:10","Where is your Congressman on the issue of gun control?
With current events your #2ndAmendment could not be more important.
https://t.co/ngfZABIXva https://t.co/TFthPk2xui",https://twitter.com/GregMusselwhit3/status/1318999537982242822
Johsie Cruz,"10/27/2020, 06:08:41",. https://t.co/0wbpL0yN9v,https://twitter.com/JohsieC/status/1320970655513325568
Mark Reed,"10/23/2020, 02:35:05",Check your city - read what is included in their 2035 plan. . The 2035 goal Biden spoke of regarding zero emissions includes legislation that is far reaching.,https://twitter.com/MarkReed1776/status/1319467349712408576
Mark Richardson,"10/17/2020, 03:30:12","You Don't Have to Like Trump, But After Seeing This, You Can't Vote for Joe Biden
RIDING THE DRAGON: The Biden's Chinese Secrets (Full Documentary) https://t.co/DdE5QWk9Jd via @YouTube",https://twitter.com/RichardsonOH3/status/1317306893518491649
Greg Musselwhite,"10/11/2020, 00:57:02",South Florida may just shock the world... we could flip several House seats. https://t.co/T7JivjR36z,https://twitter.com/GregMusselwhit3/status/1315094020310405121
Dasha Pruett,"10/19/2020, 13:15:08","While it was a tough loss for @Eagles #BALvsPHL reopening @LFFStadium is good progress.  We need to go all the way @PhiladelphiaGov more work for @PhillyPolice bars, restaurants, hotels etc.  #flyeaglesfly help Philly reopen faster!",https://twitter.com/DashaPruett/status/1318178872219893760
Rob Weber,"10/16/2020, 14:14:00","Savannah Guthrie thought she was playing GOTCHA! with Trump, but he was the cat and SHE was the mouse. #TrumpApexPredator",https://twitter.com/WestPointWeber/status/1317106525530476549
Mark Reed,"10/19/2020, 19:19:05","""Unfortunately, it is AdamSchiff who said the intelligence community believes the Hunter Biden laptop &amp; emails on it are part of a Russian disinformation campaign‚Äù

‚ÄúWe know that this whole smear on JoeBiden comes from the Kremlin‚Äù Schiff said on CNN""
2:2

https://t.co/qoSe8qNvLs",https://twitter.com/MarkReed1776/status/1318270463336828928
Josh Barnett,"10/07/2020, 17:17:54",@ScottAdamsSays Don‚Äôt take it from me. Ask @richardursomd @zev_dr @JamesTodaroMD @drsimonegold,https://twitter.com/BarnettforAZ/status/1313891311607410688
Dave Giles,"10/12/2020, 23:24:18",@AZGOP @DavidSchweikert Support Congressman Dave Schweikert!,https://twitter.com/VoteGiles/status/1315795457579184130
Douglas Tuman,"10/17/2020, 17:52:06",@kevincorke @debk2020 Amen!,https://twitter.com/ElectTuman/status/1317523799584215040
Kimberly Klacik,"10/12/2020, 01:48:16",Any possibility this could be investigated prior to November 3rd @FBIBaltimore?,https://twitter.com/kimKBaltimore/status/1315469303156740097
Errol Webber,"10/04/2020, 11:04:07",@savingamerica2 I needed this laugh. Thank you!,https://twitter.com/ErrolWebber/status/1312710084871385088
Josh Barnett,"10/31/2020, 00:10:49",@JoeNBC No one wants socialism,https://twitter.com/BarnettforAZ/status/1322330148713066496
Vennia Francois,"10/10/2020, 19:52:49",Team @Vennia4Congress is excited to welcome @VP Mike Pence to #FL10 this afternoon! https://t.co/q3xws7M1gL,https://twitter.com/Vennia4Congress/status/1315017460513419266
Jim DeBello,"10/15/2020, 20:16:19","Less than a month away from the election and where is Peters to be found? In DC fighting for the most important issues facing our country including a trillion dollar relief package?
 
NOPE.
 
Rather, Scott is posted up in his Aspen bungalow taking zooms calls from the mountains. https://t.co/MF42yTMLez",https://twitter.com/DeBelloCongress/status/1316835316431417344
Lavern Spicer,"10/15/2020, 12:33:01","I just Googled ""Hunter Biden emails"" and only Fox News and NY Post come up with ANY articles! This is not good because people are already voting early without even knowing all the facts about Biden's corruption! 

#VoteRedToSaveAmerica if you still want to live in a free country.",https://twitter.com/lavern_spicer/status/1316718721449234433
Jeanne Ives,"10/27/2020, 20:44:24","New banner at Ives HQ. We stand with parents, students, business owners, workers... We Stand with You. #IL06 #twill #Election2020 https://t.co/gNsa9CXS0n",https://twitter.com/JeanneIves/status/1321191038250291213
Jeff Gorman,"10/24/2020, 16:01:56",@N_Testie @americandream09 @IFireForEffect @Dusty_R17 @ABMad4T @kk2nite @fastcow26 @farmheart @SnazzyTexan @LindaNTx @MrFungi_Q @Queendode @Bk_for45 @fireflyinky @YC727USA @2lovies @7Magyar @Jersey327 @realRyanPence @ukkuntryboy @TSH2_ @StumpKnockin https://t.co/8vETuSVBiY,https://twitter.com/JeffGormanMRY/status/1320032786665803777
Mark Richardson,"10/23/2020, 15:37:54",@RepBeatty @60Minutes @realDonaldTrump Fraud- Pot &amp; Kettle post https://t.co/K14PUEfY0n,https://twitter.com/RichardsonOH3/status/1319664352102912001
Erin Cruz,"10/04/2020, 15:51:38",".@potus Video Response

Get well, Mr. President! 

https://t.co/FcZsO8fdg7",https://twitter.com/RealErinCruz/status/1312782438511198208
Josh Barnett,"10/21/2020, 00:53:11",@Ike_Saul Why wasn‚Äôt his murder solved? That‚Äôs why I‚Äôm asking.,https://twitter.com/BarnettforAZ/status/1318716931357036544
Nisha Sharma,"10/15/2020, 14:48:23",Umm... the #FakeNews @nytimes is about as correct as the #FakePolls. Most #IndianAmericans reject socialism because it failed in India and it‚Äôll fail in America. https://t.co/GtDaLFqe0Q https://t.co/gzX42zQufM,https://twitter.com/UsaNisha/status/1316752790455160833
Kimberly Klacik,"10/05/2020, 15:26:56","Sign waving was a success this morning! November 3rd will be here soon, come on out &amp; join us if you can üá∫üá∏

https://t.co/sDJbWLtWbr https://t.co/6uztv3FmFm",https://twitter.com/kimKBaltimore/status/1313138612381405185
Nisha Sharma,"10/23/2020, 00:26:46",@dbongino ONLY TOPIC.,https://twitter.com/UsaNisha/status/1319435058470547458
Josh Barnett,"10/12/2020, 22:22:15","@ericowensdc @realClownU @zev_dr @tedcruz that enjoy its protection, such as Google, Facebook, and Twitter, but they only got it because it was assumed that they would operate as impartial, open channels of communication‚Äînot curators of acceptable opinion""",https://twitter.com/BarnettforAZ/status/1315779845758959616
Josh Barnett,"10/08/2020, 20:43:37",Get out and vote Red! #RedWave #azcd7 @realDonaldTrump @for_pena @Richer4Recorder https://t.co/N2Zt0h6TOR,https://twitter.com/BarnettforAZ/status/1314305472074186752
Ron Curtis,"10/30/2020, 06:41:09","@Edwin_Boyette @pbshawaii I think she indicated that the question came in from a viewer. 

And for those of you that are interested, here is the Jim Caviezel video:

https://t.co/gxzjDIjndg",https://twitter.com/rcurtis808/status/1322065991262638080
Kathy Barnette,"11/01/2020, 23:56:22",Virtual BYOB: Pre-Election edition https://t.co/8FH66coMYl,https://twitter.com/Kathy4Truth/status/1323051286472716288
Josh Barnett,"10/24/2020, 16:01:22",The # of low information voters is astounding. When I talk to people about the issues it‚Äôs amazing how much is highly misinterpreted or just a flat out lie. It‚Äôs imperative that we talk to as many people as possible to let them know the truth before voting. Give them the facts.,https://twitter.com/BarnettforAZ/status/1320032647410692097
Casper Stockham,"10/12/2020, 14:26:34","This would be a VERY GOOD thing to do! 
@realDonaldTrump @DonaldJTrumpJr @EricTrump https://t.co/24L2LXENkd",https://twitter.com/Casper4Colorado/status/1315660133230313473
Josh Barnett,"10/20/2020, 03:43:38",@nathanbhughes Why?,https://twitter.com/BarnettforAZ/status/1318397438344900608
Tamika Hamilton,"10/08/2020, 03:45:21",@jmott1126 üòÇüòÇüòÇüòÇ,https://twitter.com/TamikaGHamilton/status/1314049215421538304
Aja Smith,"10/28/2020, 15:45:06",@SunDevil31673 Thank you so much,https://twitter.com/AjaforCongress/status/1321478104129310720
Aja Smith,"10/23/2020, 04:51:44",@SaberX01 That is scary,https://twitter.com/AjaforCongress/status/1319501737720307712
Nisha Sharma,"10/16/2020, 05:49:32","Pay to play.
#HunterBiden Offered $10 Million Annually by Chinese Energy Firm for ‚ÄòIntroductions Alone,‚Äô Email Shows https://t.co/eUiRy2gGUg",https://twitter.com/UsaNisha/status/1316979569975566337
Errol Webber,"10/03/2020, 18:15:47","You need a lot of them for your mental state, but you seem to keep refusing them. https://t.co/OEfXYwfYBq",https://twitter.com/ErrolWebber/status/1312456328590237696
Nisha Sharma,"10/20/2020, 04:32:12",@coachscalese @peterkuoGOP He‚Äôs not even wearing @Converse...,https://twitter.com/UsaNisha/status/1318409658873176065
Dasha Pruett,"10/16/2020, 23:36:45","My only childhood possessions from #socialist Russia. When you escaped, you were not allowed to take anything, it belonged to the #government #SocialismKills #landofthefree #USA #protectourfreedom #Vote2020 #congress #voteDasha https://t.co/vE79fhvgvM",https://twitter.com/DashaPruett/status/1317248144472707075
Lisa Scheller,"10/31/2020, 16:58:22","Thank you Evergreen Farm and all the people who came out to support me on this lovely Saturday afternoon. With just 3 days left, moral and momentum could not be any higher. We are ready to flip #PA07 red! https://t.co/aPPcquC3Ee",https://twitter.com/SchellerforPA/status/1322583704447967232
Chris Bish,"10/04/2020, 06:52:22",@itsLagniappe @TheRISEofROD what is wrong with these creeps!,https://twitter.com/BishForCongress/status/1312646728181452800
Kimberly Klacik,"10/08/2020, 16:03:14","Nothing in this world I love more than my charismatic daughter, Olivia Ann Klacik ü¶Ñ

Stay tuned for the next ad, she‚Äôs the ‚≠êÔ∏è https://t.co/sWS8f5DtJ6",https://twitter.com/kimKBaltimore/status/1314234908705988611
Tyler Kistner,"10/04/2020, 22:50:22",Another great week campaigning across #MN02! We‚Äôre going to keep fighting to get Republicans elected up and down the ballot in November 3rd. Thanks to everyone who attended our events this week! #SendInTheMarine https://t.co/e14YJcDse7,https://twitter.com/KistnerCongress/status/1312887816423170053
Jeff Gorman,"10/07/2020, 01:27:15","Don't forget ""The Green New Deal will pay for itself"" right before he says he doesn't support the Green New Deal. https://t.co/UpVxm3TZC3",https://twitter.com/JeffGormanMRY/status/1313652073376829441
Lavern Spicer,"10/07/2020, 14:27:01",".@SpeakerPelosi is the embodiment of why we need more REAL people in government.

She has no clue what the average American is dealing with as she snacks on her $12 a pint ice cream and runs around maskless getting her hair done.",https://twitter.com/lavern_spicer/status/1313848306330734593
Frank Pallotta,"10/12/2020, 16:41:46","With little more than the clothes on their backs, they left their own families, boarded ships and did what most of us wouldn‚Äôt dream of doing today.
Every time I think I‚Äôm living the American dream, I realize that I‚Äôm living ‚Äútheir‚Äù American Dream. 
Happy Columbus Day! (2/2) https://t.co/32oUjLMzvc",https://twitter.com/FrankPallottaNJ/status/1315694160259821568
Luke Negron,"10/05/2020, 15:56:13",Ilhan Omar needs to be removed from Congress.,https://twitter.com/LukeEdison20/status/1313145981471518722
Eric Early,"10/04/2020, 16:58:10","Are you nervous @AdamSchiff? 

He hasn‚Äôt run tv ads against a Republican opponent in 20 years.

He‚Äôs now running them against me.

Voters know you don‚Äôt actually live in the district, you live 3,000 miles away in Maryland. 

Im coming for you. https://t.co/JYeVNhUwlw",https://twitter.com/EricEarly_CA/status/1312799181451530241
Margaret Streicker,"10/11/2020, 03:13:41",@johncon1516 @Rosa_DeLauro @SpeakerPelosi @FOX61News Know your audience,https://twitter.com/ForStreicker/status/1315128408880353281
Kathy Barnette,"10/05/2020, 20:51:41","""My opponent and her fellow members in the House have reduced that bill by a little over a trillion dollars, and guess what one of the line items that they have deleted? They are reducing the funding, defunding the police by 600 million dolla...
https://t.co/Ba5LHuKRYX https://t.co/AumSsPlEzk",https://twitter.com/Kathy4Truth/status/1313220336142426116
Kimberly Klacik,"10/20/2020, 01:37:14","Lifelong democrats are making the switch for TEAM KLACIK üá∫üá∏

https://t.co/sDJbWLtWbr
November 3rd 
Maryland‚Äôs District 7 https://t.co/zfDzYUAo3n",https://twitter.com/kimKBaltimore/status/1318365629989163008
Josh Barnett,"10/08/2020, 17:27:33",@realDonaldTrump @DonaldJTrumpJr,https://twitter.com/BarnettforAZ/status/1314256129665318912
Josh Barnett,"10/19/2020, 15:03:08",@JoeBiden was in for a 10% cut of a deal with China/CCP and he wants to be president! #VoteRedToSaveAmerica2020,https://twitter.com/BarnettforAZ/status/1318206050185564167
Agnes Gibboney,"10/23/2020, 04:08:42","@tc_gibboney Hahahahaha, Joe Biden is a career politician used to lying.",https://twitter.com/agnes_gibboney/status/1319490908597805061
Dave Giles,"10/18/2020, 15:54:47","@realDonaldTrump Walkaway 
Vote Republican",https://twitter.com/VoteGiles/status/1317856661399236608
Manga Anantatmula,"10/21/2020, 04:14:46",There‚Äôs no replacement for genuine greeting w/smile. I made friends with all D-volunteers at the polling booth. Thanked them and introduced myself. One (1/2) of them became my fan. No better relationship than human relationship. https://t.co/ouRNHTeltx,https://twitter.com/Manga4Congress/status/1318767661438947328
Manga Anantatmula,"10/23/2020, 18:11:33","MUST WATCH despicable, corrupt, vile @GerryConnolly. https://t.co/Tef5gSXnei @WayneDupreeShow @ScottPresler @BrandonStraka @MrsMalindo @VA_GOP @FairfaxGOP @GOPLeader @GOPChairwoman @DelRichAnderson @4_va11 @realDonaldTrump @realdonatrumpjr @LaraLeaTrump @RobWittman @JesseBWatters",https://twitter.com/Manga4Congress/status/1319703018762391552
Johsie Cruz,"10/10/2020, 15:11:04",.@TrumpWarRoom @Scavino45 @WhiteHouse @MattWolking @_Sbenitez @ErinMPerrine @TeamTrump @TimMurtaugh @BlackVoices4DJT @GaryCoby @KLF @BCFPresident @SteveGuest @JennaEllisEsq @hogangidley45 @AndrewHClark @VPComDir @VPPressSec @hannahmac45 @DarinBMiller @_WilliamsonBen @w_terrence https://t.co/IUdXgFHABD,https://twitter.com/JohsieC/status/1314946559440818183
Tyler Kistner,"10/31/2020, 23:22:25",So why did you block a clean bill that could‚Äôve made it to the President‚Äôs desk? #MN02 has had enough of the empty promises. https://t.co/c8xCKIPPFx,https://twitter.com/KistnerCongress/status/1322680353627217920
Aja Smith,"10/22/2020, 22:32:21",@Paula_White Amen üôè üôè,https://twitter.com/AjaforCongress/status/1319406264393191424
Johsie Cruz,"10/27/2020, 02:52:11",.@realDonaldTrump @trump_venezuela @VP @PressSec @VaxxedATL @GOP @GaRepublicans @georgiayr @MPOLESEL @GAassemblytweet @JoelvinRV @EnioDaza @eniovz @LatAmFr @RealCandaceO @ScottTurner45 @DeKalbGOP @GwinnettGOP @Rockdalegop @newtoncogagop https://t.co/GRq4RIH81U,https://twitter.com/JohsieC/status/1320921204434325505
Jeanne Ives,"10/21/2020, 19:27:58","Check out our new ad! 

Voters deserve to know the truth about Sean Casten. While he spends millions to spread lies about my record, I remain focused on telling the truth about his record. #IL06 #twill https://t.co/HLK5nUZvWk",https://twitter.com/JeanneIves/status/1318997476146368513
Ritesh Tandon,"10/06/2020, 18:29:40","Soy Ritesh Tandon, tu candidato al US. Congreso. He apoyado a la comunidad Latina por m√°s de 11 a√±os Soy inmigrante como t√∫, entiendo tus problemas y sufrimientos. Vota Tandon @GayLatina4Trump @LatinoUSA @GOPLeader @BobNunez 
https://t.co/ngpTBBzoqn",https://twitter.com/tandon4congress/status/1313546984624586752
David Richter,"10/22/2020, 02:46:36",@garciaanthony_ Don't know who Anthony Garcia is but he likes to spread Andy Kim's lies I guess.,https://twitter.com/DavidRichterNJ/status/1319107862321311745
Josh Barnett,"10/21/2020, 16:41:59",This is too darn funny!!! https://t.co/p1huN9mU67,https://twitter.com/BarnettforAZ/status/1318955704502267904
Josh Barnett,"10/03/2020, 00:23:12",@RodneyGibson604 @Acosta I call it as I see it. What I say on social media is what I would say in person. I don‚Äôt hide behind keyboards.,https://twitter.com/BarnettforAZ/status/1312186403162259457
"Fischbach, Michelle","10/10/2020, 16:50:18",We are having a great time with @TrumpVictoryMN @SMSUCRS and Lyon County GOP at the #SMSU Homecoming Parade in Marshall. #GoMustangs! https://t.co/x70tIsDtnW,https://twitter.com/FischbachMN7/status/1314971532247130112
Agnes Gibboney,"10/29/2020, 05:12:14",@FloridaDude297 Awesome.,https://twitter.com/agnes_gibboney/status/1321681227561144320
Aja Smith,"10/05/2020, 06:34:14","@Reblyn1963 @JoeBiden @MarkTakano Yes he did! Have to flip this seat! 
https://t.co/6x4cH8J8W1",https://twitter.com/AjaforCongress/status/1313004551713112069
Manga Anantatmula,"10/29/2020, 18:44:08",10/n Vasectomies and vesectomy reverals are covered by insurance and have next to NO physical and emotional ramifications.,https://twitter.com/Manga4Congress/status/1321885545589559296
Josh Barnett,"10/22/2020, 16:39:24",@NPRpubliceditor Not really stories? NPR is the exact problem with our country. Hiding and covering for the Left. #defundNPR I‚Äôm done with being nice to these people who hate our country.,https://twitter.com/BarnettforAZ/status/1319317441026031616
Casper Stockham,"10/12/2020, 02:02:49",Go Joe! https://t.co/EsGcRqwaLc,https://twitter.com/Casper4Colorado/status/1315472964729495552
Tim Rogers,"10/24/2020, 14:44:30",They're running so many Biden ads in Wisconsin that I'm beginning to miss Mike Lindell #Warroompandemic #Election2020 @js_politics,https://twitter.com/RogersforCong/status/1320013303796609024
Aja Smith,"10/28/2020, 15:23:52",@SunDevil31673 @AdrianNormanDC @GMA @TamikaGHamilton Yes I am a Christian. I have been recognized by Craig huey with 5 star rating and endorsement from Ca ProLife council. Recognized by Pastor Greg Laurie and Pastor Jack Hibbs and other community faith based leaders in my district. I also have been endorsed by Law enforcement. https://t.co/KkQzsP7r5I,https://twitter.com/AjaforCongress/status/1321472760502120451
Lavern Spicer,"10/06/2020, 16:06:42",@MichelleObama I think @ChristianWalk1r said it best. https://t.co/GzDSwjYuJI,https://twitter.com/lavern_spicer/status/1313511008355450880
Ron Curtis,"10/09/2020, 08:58:34","@DavidWareHawaii @Wendy33298653 @Joe_Akana The next scheduled discussion is on Oct 29th, way to late for any meaningful impact in getting information to voters with the 2020 mail-in ballot process.",https://twitter.com/rcurtis808/status/1314490427152633856
Tiffany Shedd,"10/11/2020, 06:12:33","A great Chairman, Congressman, champion of agriculture and rural America. Thank you for your service and support. You will be missed my friend. https://t.co/yDRoc7aMPS",https://twitter.com/Tiffany_Shedd/status/1315173422884777985
Leon Benjamin,"10/30/2020, 22:00:13",Come join us election night to celebrate the strong Republican Leadership we will be sending to Washington! Hope to see republican victories down the ticket and to celebrate with everyone who helped make it happen! https://t.co/kn68t750Cg,https://twitter.com/Leon4Congress/status/1322297281941561344
Christina Hagan,"10/14/2020, 03:24:35",üôåüèª‚úÖüôèüèªüéâ https://t.co/Ganux4cePz,https://twitter.com/RepHagan/status/1316218316717989889
Vennia Francois,"11/02/2020, 22:25:03","#Endinghumantrafficking will be one of my top priorities in Congress. Increased unemployment due to #COVID19 makes people more vulnerable to exploitation. First responders must be adequately resourced to assist victims.!

#FL10 #FlaPol #peopleoverpolitics #voteforvennia https://t.co/LqDRsa18we",https://twitter.com/Vennia4Congress/status/1323390693398765568
Mark Reed,"10/08/2020, 01:22:16","It is WONDERFUL the selection of President includes a  #VPDebate the ""heartbeat away"" candidate.

Now if only the SFV CD CA30 incumbent would hear the heartbeat of the district &amp; DEBATE in some format his opponent. 

Elect https://t.co/f1OH55zVCV #WeAreCD30 https://t.co/iuoaa65v7a",https://twitter.com/MarkReed1776/status/1314013207682400256
Mark Reed,"11/02/2020, 21:33:57","Of the 3 branches of gov't, #Congress is the only one elected directly by the people. Article I‚Äîthe longest ArticleOfTheConstitution‚Äîdescribes congressional powers. Congress has the power to:
Make laws
Declare war
Raise &amp; provide public money
&amp; oversee its proper expenditure
2:3 https://t.co/bk8H6LnazP",https://twitter.com/MarkReed1776/status/1323377833536679936
Lavern Spicer,"10/28/2020, 13:00:26",Obama has NOTHING to be proud about when it comes to his economy vs Trump's. 8 years later black folks were still living below the poverty line and massively unemployed!,https://twitter.com/lavern_spicer/status/1321436664636604419
Johsie Cruz,"10/10/2020, 16:43:35",@McCainSuzanne @TimMurtaugh Suzanne McCain thinks she belong to the elite like  McCain did in the past and we the people are their servants. The power is back and belong to the people. Traitor,https://twitter.com/JohsieC/status/1314969842101956608
Johsie Cruz,"10/15/2020, 10:25:45",@MoisesTorrens @realDonaldTrump @VP El primero pas√≥ 40+ a√±os el segundo 14 a√±os y no han mejorado nada. Estos dos aman el comunismos en America. Bernie Sanders esta detr√°s de ellos. El sur de DeKalb despert√≥ y sabe que necesita cambios/prosperidad/oportunidad. #JohsieCruz es el cambio. https://t.co/beD1gdOwZm,https://twitter.com/JohsieC/status/1316686693026717696
Aja Smith,"10/07/2020, 05:53:32",".@RepMarkTakano  does virtual cookouts and happy hour while the constituents in D41 have been struggling keeping business open, homeless rate going up, and families still struggling to provide for their children. 
#AjaforCongress https://t.co/aNGuLRuaJE",https://twitter.com/AjaforCongress/status/1313719084513550336
Charlotte Bergmann,"10/22/2020, 12:06:43","So proud of our SECRET SERVICE for protecting our most precious asset! 
#Trump2020 
#VICTORY2020",https://twitter.com/ElectBergmann/status/1319248820790767616
Josh Barnett,"10/11/2020, 16:46:18",@KellyTownsend11 @realDonaldTrump I‚Äôve been screaming for #voterid for years,https://twitter.com/BarnettforAZ/status/1315332910992388097
Rick Laib,"10/27/2020, 00:11:12",https://t.co/Pm64tGstTS,https://twitter.com/RickLaibfor11/status/1320880690368520193
Jenny Sharon,"10/30/2020, 14:57:46",@JackPosobiec Every single day üôè,https://twitter.com/jenny4congress/status/1322190968586686465
Greg Musselwhite,"10/05/2020, 00:02:25",@VFL2013 @ELiss865 @Debrennie2 @LeahR77 @DustieDahl @billez62 @Shortycake70 @freedragonfly17 @kendrick_beth @TrumpLadyFran @DonnaWR8 Great game... GBO.,https://twitter.com/GregMusselwhit3/status/1312905947426295811
Jim Bognet,"10/19/2020, 21:00:01","President Trump is stronger than ever, and I couldn‚Äôt be more proud to be standing alongside him. We‚Äôre ready to fire Matt Cartwright, and build back the greatest economy anyone‚Äôs ever seen!

https://t.co/8Ww1HqHaMn",https://twitter.com/Bognet4congress/status/1318295864595615745
Johsie Cruz,"10/10/2020, 16:07:55",.@trump_venezuela @JoelvinRV @EnioDaza @MPOLESEL @TrumpWarRoom @VP @realDonaldTrump communist Democrat candidate Joe Biden reminds me of Hugo Chavez. Biden will be the real dictator in America and @SpeakerPelosi his side kick. This is outrageous! #Trump2020 #JohsieCruz2020 https://t.co/hujepCSlbg,https://twitter.com/JohsieC/status/1314960865523896320
"Kim, Young","10/16/2020, 00:31:22",I am proud to live in a community that  cares so much for one another. It's been a joy and honor to partner with countless organizations and people to serve the 39th District. I look forward continuing to work with and for this community!,https://twitter.com/YoungKimCA/status/1316899502171836422
Ron Curtis,"10/24/2020, 20:57:20",@Wazdat2 Mainland visitors can test out or quarantine. Locals can't. Where's the logic?,https://twitter.com/rcurtis808/status/1320107130423132161
"Kim, Young","10/31/2020, 03:14:53","In person voting has begun! Lines are expected to be long, so make a plan to vote. If you are planning on voting in person, please bring your ballot with you to speed up the process. Find out more information about voting at https://t.co/wznvZeFJwx! https://t.co/XjBLUWL7KP",https://twitter.com/YoungKimCA/status/1322376469939548160
Greg Musselwhite,"10/25/2020, 22:14:39","@GlamRatchet You keep replying and continuing the conversation... I had already told you to ""Have a nice day""...
Work on the language... Florida is a great place to live.",https://twitter.com/GregMusselwhit3/status/1320488972368420865
Josh Barnett,"10/22/2020, 00:53:57",No surprise here https://t.co/WWZtBN4AEm,https://twitter.com/BarnettforAZ/status/1319079512756244480
Josh Barnett,"10/06/2020, 23:42:27",@christianllamar @KariLakeFox10 I reopened gyms into the Private to bypass his absurd emergency order. #pma üá∫üá∏üá∫üá∏üá∫üá∏ we have a constitution for a reason,https://twitter.com/BarnettforAZ/status/1313625698280505344
Luke Negron,"11/02/2020, 06:00:00","Thank you Pittsburgh!

https://t.co/CeNCciGKdr",https://twitter.com/LukeEdison20/status/1323142797701058561
Aja Smith,"10/31/2020, 15:03:43","Rest In Peace, Sean Connery, a legend and one of the greats. 
 #Bond  #JamesBond #007 R.I.P. https://t.co/iCaHyC8ItF",https://twitter.com/AjaforCongress/status/1322554852099043328
Josh Barnett,"10/10/2020, 01:47:15",@DavidJoseCares Ruben doesn‚Äôt even know what this means,https://twitter.com/BarnettforAZ/status/1314744269689634816
Dasha Pruett,"10/23/2020, 18:52:47",So...@JoeBiden and @KamalaHarris are #antifrackers @CNN confirms.  #DELCO @420Steamfitters What does @RepMGS think? #FliptheHouse #Vote4Dasha https://t.co/9OVBPYEbjH,https://twitter.com/DashaPruett/status/1319713397299122177
Mark Richardson,"10/13/2020, 05:02:35","@RepBalderson made an amazing speech today with VP Pence. We need to keep @RepBalderson in office. Just imagine Balderson, Stivers, and Richardson together making central Ohio Great Again! https://t.co/JETNSGTZeR",https://twitter.com/RichardsonOH3/status/1315880590781157376
Jesse Jensen,"10/27/2020, 17:02:23",Had an informative discussion on #PoliceReform with @SheriffMitzi yesterday. We agreed that Defunding the Police is antithetical to Community Policing and that the rural parts of unincorporated #KingCounty need more resources.,https://twitter.com/JesseJensenWA/status/1321135163720384513
"Salazar, Maria Elvira","10/09/2020, 20:40:15",This week I met with a group of local business owners to find solutions to the problems they are facing. Their businesses are struggling and they need someone who will be their voice and fight for them. We need solutions that work. #fl27 https://t.co/TbInMXntKC,https://twitter.com/MaElviraSalazar/status/1314667011247669249
Rob Weber,"10/16/2020, 15:15:02","If Twitter doesn't consider the President's tax returns ""private information"" for blocking then nothing from the @nypost Hunter Biden  article should be either.",https://twitter.com/WestPointWeber/status/1317121885000400900
Greg Musselwhite,"10/10/2020, 21:22:38","@kayleighmcenany Black Sails is an interesting take on the events leading up to ""Treasure Island""...  a good mix of historical and fictional characters.",https://twitter.com/GregMusselwhit3/status/1315040064003543046
Charlotte Bergmann,"11/01/2020, 23:00:54",@voxdotcom https://t.co/r3Y9bn13Hn,https://twitter.com/ElectBergmann/status/1323037327963394054
John Cummings,"10/16/2020, 15:30:53",When I was a NYPD cop we kept the peace. @AOC wants to defund the police‚Ä¶ are you kidding me? Let‚Äôs defund AOC. I‚Äôm going to win this race! Watch our TV ad and please donate today!¬†https://t.co/xV2woDeFjm https://t.co/wxQx112KVK,https://twitter.com/cummings2020/status/1317125872210436097
Kathy Barnette,"10/20/2020, 20:00:57",üëáüëáüëáüò† https://t.co/NFnnjhbVIF,https://twitter.com/Kathy4Truth/status/1318643388166623232
Douglas Tuman,"10/12/2020, 17:10:53","I don‚Äôt know who needs to hear this, but regardless of how this Election turns out- the current Government holds office through January 20th and should hold #SCOTUShearings.",https://twitter.com/ElectTuman/status/1315701484919676928
Josh Barnett,"10/17/2020, 01:02:57","My nephew, Amal, first TD #texasfootball üí™üí™ https://t.co/PGASTydvI5",https://twitter.com/BarnettforAZ/status/1317269835265437696
Paul Junge,"10/07/2020, 00:13:24","If you believe the partisan liberal agenda of @SpeakerPelosi  is best for our country, then @ElissaSlotkin is your candidate because Slotkin has voted 100% for Nancy Pelosi‚Äôs liberal agenda. Yes, Slotkin has voted in favor of every bill Pelosi has brought to the floor for a vote.",https://twitter.com/VotePaulJunge/status/1313633487417733121
Josh Barnett,"10/22/2020, 13:52:33",@the_klute Maga https://t.co/0kkXzu2Boh,https://twitter.com/BarnettforAZ/status/1319275451928334343
Derrick Van Orden,"10/31/2020, 22:06:00","This week, I showed why I‚Äôm the right choice for the 3rd District. If you missed our debates, Tune in to @news8news tonight at 7 or watch them here: https://t.co/PpviMSmy5G",https://twitter.com/derrickvanorden/status/1322661125830430720
Charles Winn,"10/05/2020, 15:16:25","I am holding onto hope that we will be able to celebrate Halloween this year! We need to be able to celebrate a great Holiday TOGETHER, safely, and not locked down in our homes.",https://twitter.com/DrCharlieWinn/status/1313135963938398208
Charlotte Bergmann,"10/21/2020, 21:26:44","Where is everyone from and if your State has #EarlyVoting,  have you voted yet?",https://twitter.com/ElectBergmann/status/1319027363062087682
Josh Barnett,"10/10/2020, 17:19:59",It‚Äôs laughable. The polls say he‚Äôs up 10pts. There‚Äôs No way in hell he‚Äôs up here in AZ https://t.co/9JBgm3ki0o,https://twitter.com/BarnettforAZ/status/1314979000817573889
Josh Barnett,"10/26/2020, 01:16:59",A growing concentration of power will lead to liberties being stripped,https://twitter.com/BarnettforAZ/status/1320534860503502848
Mark Reed,"10/19/2020, 23:02:26",10-24-20  we are participating in an important rally in our community.  Support our LAPD West Valley Division. The prospect of trouble this year has been more intense. We need to extend our appreciation for Law Enforcement  and continue to keep them in our prayers for protection. https://t.co/jPttHX3MYR,https://twitter.com/MarkReed1776/status/1318326672840519681
