Adam Christensen,"10/31/2020, 15:22:35","This is literally what someone says when they are guilty and have no defense. She‚Äôs paid you $70,000. Surely that can buy a better consultant than this. https://t.co/m2f5Dtqoqh",https://twitter.com/AC4Congress2020/status/1322559602060386308
Ike McCorkle,"10/27/2020, 23:58:00","Our unity fundraiser with @FreelandCO5 is live!

Don't boo, join! It's not too late to RSVP!

RSVP:https://t.co/f7Qp2iojAA https://t.co/YtIlXMiOHK",https://twitter.com/Ike4CO/status/1321239757486084098
"Adams, Alma","10/09/2020, 16:20:29",You can‚Äôt cancel Aggie Pride! https://t.co/V6T3HahPhB,https://twitter.com/RepAdams/status/1314601640549376001
Pat Hackett,"10/09/2020, 14:32:18","Another northern Indiana leader has added his name to the long list of people who support Pat Hackett for Congress.

Goshen Mayor Jeremy Stutsman has proudly endorsed Pat as the next Congresswoman for #IN02. https://t.co/wITMPgWbGH",https://twitter.com/HackettCongress/status/1314574415401803776
Tom Palzewicz,"10/27/2020, 21:27:40","@emilygiffin Thank you for your support and confidence in me, Emily! And thanks for sharing your message!",https://twitter.com/tomforwi/status/1321201927728910341
Jon Hoadley,"10/30/2020, 22:18:38","Join us for a joint phone bank with Senator @EdMarkey this Sunday at 6pm ET!

Sign up here: https://t.co/ldFi9HCEOI",https://twitter.com/JonHoadley/status/1322301915917619200
"Pocan, Mark","10/09/2020, 19:04:44","Over 212,000 people are dead, the President himself has COVID-19, and his administration is still taking advice from people downplaying this virus. https://t.co/kXexlB8XsK",https://twitter.com/repmarkpocan/status/1314642972605059080
"Jayapal, Pramila","10/21/2020, 17:03:00","This torture was the result of maximum cruelty, negligence, and hate.
 
Never again can we allow an administration to treat immigrants so inhumanely. We must pour resources into reuniting every single family. And we need to demand accountability so this never, ever happens again. https://t.co/kt6Fphzi5P",https://twitter.com/PramilaJayapal/status/1318960994526334978
"Hayes, Jahana","10/18/2020, 14:21:14",https://t.co/VunuCRPCYT,https://twitter.com/RepJahanaHayes/status/1317833118213132288
Hillary Scholten,"10/27/2020, 18:37:42","Thank you @justinamash for standing with us in our fight for a better democracy.

My opponent's latest attack against me won't go unchecked. I'll never apologize for defending refugees fleeing religious persecution.

We can't late hatred and division win. That is not who we are. https://t.co/4o11HQ4Tzo",https://twitter.com/HillaryScholten/status/1321159154208280576
"Fletcher, Lizzie","10/11/2020, 18:11:49","I have asked @USACEHQ to extend the public comment period for the Buffalo Bayou and Tributaries Resiliency Study Interim Report until Dec. 2 so that more members of our community can participate in the review process. 

Read more, including the report: https://t.co/FcqPR2kRZP",https://twitter.com/RepFletcher/status/1315354431303680000
Hillary O'Connor Mueri,"10/03/2020, 13:42:43",@comradeNumbers @RepDaveJoyce üíôüíôMueri rhymes with fury or hurry...might make the next limerick ‚òòÔ∏è‚òòÔ∏è a little easier!,https://twitter.com/HillaryMueri/status/1312387610304802816
J. D. Scholten,"10/06/2020, 22:06:31","@alexjwatters @LitCen1 I even masked up in a cow pasture today... 
https://t.co/YFmKcKjBpa https://t.co/OzxH9CGocn",https://twitter.com/JDScholten/status/1313601558295310337
"Blumenauer, Earl","10/06/2020, 20:22:17","Trump‚Äôs decision means you won't get another $1,200 cash payment. And if you're out of work because of his mismanagement of the pandemic, you won't get supplemental unemployment benefits either.",https://twitter.com/repblumenauer/status/1313575328074346496
Joe Mackey,"10/28/2020, 19:49:32","Statement from U.S. Rep. Eric Swalwell of California‚Äôs 15th District:

‚ÄúI am excited to endorse Joe Mackey in his bid for Indiana‚Äôs 4th Congressional District. As someone originally from the Midwest myself, I see the kind of blue-collar mentality in Joe... (1/4) https://t.co/ZyFdDJ9x89",https://twitter.com/joe4hoosiers/status/1321539617452163075
Devin Thorpe,"10/22/2020, 00:42:01","Utah allows corporations and individuals to make unlimited donations to Attorney General campaigns. What could possibly go wrong?

Greg supports campaign finance reform.

#utdebates #utgovdebates #UTpol #utah @SkordasGreg",https://twitter.com/devindthorpe/status/1319076506623066112
Lee Ann Dugas,"10/18/2020, 16:59:47","2) For his work in OBSTRUCTING Over 700 House Bill's, Voting to NOT Even Allow a Vote on them. Now, he's the Minority Whip, Republican leader who Continues 2 LIE, REPEAT RUSSIAN PROPAGANDA on &amp; in the PEOPLE'S HOUSE. ENOUGH IS ENOUGH, I Will with your help &amp; Support,",https://twitter.com/LeeDugas2001/status/1317873021718323205
"Cleaver, Emanuel","10/21/2020, 16:36:11","We may be tired of the virus, but the virus is not tired of us. 

As #COVID19 cases surge in Missouri and across the nation, please continue to avoid large indoor gatherings, practice social distancing, wash your hands frequently, &amp; wear a mask! 
https://t.co/EmQPYJvY9n",https://twitter.com/repcleaver/status/1318954243034894336
Mia Mason,"10/26/2020, 12:47:05","You can make a difference &amp; help us Flip District 1 Blue!

We need volunteers to help pass out  literature  about Mia outside of the polls during early voting and on election day!

To volunteer please contact our campaign manager, Lauren, at: 

lauren@miadmason.us https://t.co/n3zVh6tYoh",https://twitter.com/Mia4MD/status/1320708528814870534
Sri Preston Kulkarni,"10/08/2020, 20:02:54","Join us tomorrow for a virtual bus tour with AAPIs for Biden! 

Asian American voters are going to be driving change this election. Our voices matter. Our concerns matter. Our futures matter. 

You won't want to miss this bus stop! RSVP at https://t.co/pbMFu0nZON",https://twitter.com/SriPKulkarni/status/1314295225892982786
J. D. Scholten,"10/09/2020, 03:34:26",@Meiners_Matt @SteveEddie2 We agree.,https://twitter.com/JDScholten/status/1314408854604652544
"Fernandez, Teresa Leger","10/13/2020, 02:25:41","We must approach these conversations with a shared respect for our diverse histories, traumas, and contributions.",https://twitter.com/TeresaForNM/status/1315841106039300096
James Averhart,"10/09/2020, 00:00:52","Thank you to the Veterans &amp; Military Families Caucus of Democrats Abroad for your endorsement for the 2020 General Election. I am truly honored to have your support. I am ready to work for our service members, veterans, and their families. https://t.co/dDgztZqYaG",https://twitter.com/JAverhart2020/status/1314355110747795457
Mia Mason,"10/16/2020, 15:47:28","Wicomico County it is time to get out and vote! You can drop your ballot in the ballot box today!

Don't know where your local ballot box is? Find it here:

https://t.co/vTMo31CfAK https://t.co/PFcrD21XKP",https://twitter.com/Mia4MD/status/1317130043982815232
"Larson, John B.","10/15/2020, 19:35:19","On #SpiritDay, join me in taking a stand against bullying and supporting #LGBTQ+ youth. https://t.co/aj3oMFO3cc",https://twitter.com/RepJohnLarson/status/1316824995985870850
Mia Mason,"10/20/2020, 14:33:00","Want to know what Joe Biden has done during his career? What about President Donald Trump? Look back at what each candidate has done &amp; see why Biden is the only rational choice to lead out country.

https://t.co/3Hg9LW8f1z",https://twitter.com/Mia4MD/status/1318560855592628224
Devin Pandy,"10/04/2020, 02:21:19","@RobAnderson2018 @CelticTiger357 @XesLana1 @CestLaFreaknVie @LynzforCongress @DrGaryWegman @AC4Congress2020 @Meg4Congress @Ojeda4America We trust you, Rob. You embody the values we represent.",https://twitter.com/DevinPandy/status/1312578516551118858
"Higgins, Brian","10/23/2020, 14:35:10",Thanks for sharing your story of what the @DYouville experience has to offer. More great things ahead for you! #GoSaints https://t.co/XDKY8trkAx https://t.co/trhhyEzJCl,https://twitter.com/RepBrianHiggins/status/1319648563681464325
"Gonzalez, Vincente","10/08/2020, 20:33:37","Reducing #studentdebt is one of my top priorities. We need to give students &amp; families a chance to move ahead in life &amp; that starts by getting rid of cumbersome debt. That's why I introduced a bill to forgive $25K in student loans for each borrower. 

https://t.co/au7rg0BZbE",https://twitter.com/RepGonzalez/status/1314302955449917458
"O'Halleran, Tom","10/06/2020, 22:50:01","Today, I joined @ProtectOurCare to talk health care in #AZ01. We must protect families with pre-existing conditions, bring down the costs of prescription drugs, and ensure rural Arizonans have access to the same quality care as those living in urban areas. https://t.co/2wp0NQI37p",https://twitter.com/TomOHalleran/status/1313612506686865408
Matthew Best,"10/20/2020, 16:30:29",It‚Äôs a beautiful day to #VoteEarly,https://twitter.com/BestforKY/status/1318590423309471749
Mike Siegel,"10/12/2020, 22:33:29","#TX10 includes Katy &amp; Cypress, two of the fastest growing cities in the country.

Texas voter registration is through the roof, close to 17 MILLION.

Our last poll had us TIED among likely voters‚Äînot counting new folks.

WHO ELSE IS EXCITED FOR THE START OF EARLY VOTE TOMORROW?!? https://t.co/c0jLJ19EFp",https://twitter.com/SiegelForTexas/status/1315782671721803777
Mia Mason,"10/11/2020, 11:23:25","Every year on National Coming Out Day, we celebrate coming out as lesbian, gay, bisexual, transgender or queer (LGBTQ.) This year, we will mark the 32nd anniversary of National Coming Out Day!
#LGBTQ+ #nationalcomingoutday 

https://t.co/gQ93neC1gP https://t.co/OQhjidriqO",https://twitter.com/Mia4MD/status/1315251654023876609
"Lowenthal, Alan","10/09/2020, 22:08:15",Proud to support this effort. https://t.co/geK6HyMeNz,https://twitter.com/RepLowenthal/status/1314689156501602310
"Chu, Judy","10/15/2020, 17:32:36","After Trump was diagnosed with COVID-19, anti-Asian bigotry &amp; conspiracy theories rose 85%. Words have an impact, and the more Trump tries to blame others, the more he puts lives at risk. https://t.co/e0g1skb0dc",https://twitter.com/RepJudyChu/status/1316794114210516993
"Pelosi, Nancy","10/14/2020, 00:57:52",Read my full statement here: https://t.co/pJhkCf2j0X,https://twitter.com/SpeakerPelosi/status/1316181393110597633
Mia Mason,"10/10/2020, 20:11:02","*ALERT* The last day to register to vote  in Maryland is Oct. 13. Make sure that you are registered and get out and vote!!

https://t.co/CntdF0Jp5Z https://t.co/LYGRzGnGh1",https://twitter.com/Mia4MD/status/1315022048545169411
"Pocan, Mark","10/05/2020, 15:53:59","Why are we planning to have ~1500 people attend football games in the middle of a pandemic after Wisconsin added &gt;16,000 new COVID cases in the last week alone &amp; has had a 7-day positivity rate above 17%?

This seems ill-advised @UWMadison. 
https://t.co/99IKvnSROP",https://twitter.com/repmarkpocan/status/1313145418272911360
"Jacobs, Sara","10/16/2020, 17:28:22",Still trying to decide who to vote for in #CA53? Check out this candidate forum hosted by @voiceofsandiego at Politifest 2020. https://t.co/rMfNlba7zq,https://twitter.com/SaraJacobsCA/status/1317155435883810818
"Higgins, Brian","10/14/2020, 21:06:47","The supreme court decision to end the #2020Census early is disappointing &amp; undermines our democracy.

With tomorrow being the last day for Census data collection please visit: https://t.co/Wd0oHxGyFv to ensure your household is counted.
https://t.co/opaUUZixKO",https://twitter.com/RepBrianHiggins/status/1316485626674524162
"Vel√°zquez, Nydia M.","10/19/2020, 17:38:15","If you‚Äôre a veteran, you can expect substantial relief for veteran‚Äôs nursing homes, and faster claims processing.
The House has passed this: now the Senate must act.
No matter what this admin tries, we will push for your COVID relief. https://t.co/0BtYkNhEhU",https://twitter.com/NydiaVelazquez/status/1318245086262591488
Phil Ehr,"10/13/2020, 19:36:21","Three more weeks until we send Matt Gaetz packing. 

Join our history-making grassroots movement here: https://t.co/84hFUXEnQ3",https://twitter.com/PhilEhr/status/1316100481341628416
David Kim,"10/31/2020, 20:25:45",Initial thread for reference: https://t.co/EqeDWu68Ln,https://twitter.com/DavidKimForCA/status/1322635895384801288
Georgette GÔæÉÔΩ≥mez,"10/31/2020, 18:01:46","The biggest challenge we have to work to overcome is gridlock in Washington. I have a track record of working with members of all parties to move our progressive priorities forward. I'm ready to get to Congress to get things done for San Diegans. #CA53
https://t.co/VIaaSIImp1",https://twitter.com/SDGeorgette/status/1322599661572624386
"Speier, Jackie","10/14/2020, 17:23:04","Under an originalist reading of the Constitution Judge Barrett &amp; I could not vote, own property or enjoy the full protection of the law. Senator Kamala Harris would not even be considered fully human. The Constitution is a living, breathing document meant to evolve with the times",https://twitter.com/RepSpeier/status/1316429328876556288
"Doggett, Lloyd","10/04/2020, 17:58:05","Thank you, @UTSA &amp; @UTAustin, for commitment to support the next gen of our State‚Äôs leadership &amp; workforce. Seal from @EdExcelencia shows what‚Äôs possible when quality educators and policymakers work together to address the needs of every university student. #LatinoStudentSuccess https://t.co/Z0VMXaF0Kj",https://twitter.com/RepLloydDoggett/status/1312814261543088131
Allen Ellison,"11/01/2020, 00:00:41",Hardee County. https://t.co/15LBDJM3nj,https://twitter.com/AllenLEllison/status/1322689986865582081
Adia Winfrey,"10/30/2020, 00:49:33",@MsLaToshaBrown https://t.co/th0kjVanZV,https://twitter.com/drdia/status/1321977506094788609
"Murphy, Stephanie","10/25/2020, 00:28:20",No Republican has won the presidency without Florida in 96 years. Pass it on. #FlaPol,https://twitter.com/SMurphyCongress/status/1320160229368209419
Abby Finkenauer,"10/08/2020, 13:59:27",I ran for Congress to help Iowans. It‚Äôs how I was raised here in #ia01 and it‚Äôs what matters most to me every day as your Congresswoman. We‚Äôve been through a lot the last year and I know we are in this together. There‚Äôs more work to do &amp; I‚Äôll never give up on Iowa or our country. https://t.co/HGozcr8N5T,https://twitter.com/Abby4Iowa/status/1314203759312949248
"Himes, Jim","10/29/2020, 20:08:36",@VTConfidential @sacredheartuniv @GovNedLamont @JoeBiden @realDonaldTrump But hey! Scott Baio just followed @CTGOP on Twitter!!!,https://twitter.com/jahimes/status/1321906805283430400
Mia Mason,"10/30/2020, 11:33:04","We need help to call these last bits of voters, please. These Democrats need to know they must vote! They haven‚Äôt voted! Join in now for  Phone Banking for Cecil County!

It's easy &amp; if you need training email benjamin@miadmason.us

https://t.co/QFMz9GaZSG https://t.co/xEAYsFgjyt",https://twitter.com/Mia4MD/status/1322139454459568130
Aaron Paul Godfrey,"10/22/2020, 12:36:17",re: Biden suggesting a commission on courts https://t.co/O5MnTowQKQ,https://twitter.com/GodfreyForOH16/status/1319256257677697028
"Maloney, Carolyn","10/30/2020, 16:21:29","Thanks, @RepTomSuozzi. 

I #MaskUp for New York. For my neighbors, the restaurant industry &amp; Broadway, for medical professionals, for MTA workers, &amp; all essential workers keeping our city running during this pandemic. #NYStrong

I nominate YOU. Reply with why you #maskup. https://t.co/hecOmlAlRh https://t.co/jxbGrlo4DT",https://twitter.com/RepMaloney/status/1322212035933982720
Delina DiSanto,"10/17/2020, 03:28:14",@verbalese Thank you @verbalese! My campaign and I truly appreciate your words and support.,https://twitter.com/delina4az/status/1317306400628908032
Ryan Trundle,"10/22/2020, 22:19:42",Another anti-choice constitutional amendment! - https://t.co/1meaYgTlSO https://t.co/6o1TsngV1z,https://twitter.com/ryantrundleCD4/status/1319403082523041797
Jon Mark Hogg,"10/12/2020, 00:56:20","I‚Äôm sorry @grit_tv, it is 2020.  I just can‚Äôt take the Chuck Connor‚Äôs version of Geronimo anymore. It was bad in 1962. It hasn‚Äôt gotten better with age. https://t.co/iPFLmjU0L3",https://twitter.com/jonmarkhogg/status/1315456230882791424
"Beatty, Joyce","10/09/2020, 16:05:00","1‚É£ He paid $750 in taxes.
2‚É£ He took suspect $21 million tax break.
3‚É£ He paid @IvankaTrump consulting fees &amp; wrote it off.
4‚É£ He deducted $70,000 for haircuts.
5‚É£ He declared $1.4 billion is business losses. 

No wonder Trump is trying to hide his taxes!
https://t.co/E9vMU2zOsh",https://twitter.com/RepBeatty/status/1314597741729927170
"Gonzalez, Vincente","10/22/2020, 19:37:58","This #NationalPharmacyWeek, we recognize the invaluable work that our pharmacists and pharmacy technicians do for our communities. Now, more than ever, we thank these essential health care experts! https://t.co/u9kb56O1aT",https://twitter.com/RepGonzalez/status/1319362379495444481
"Speier, Jackie","10/24/2020, 16:00:18",Good morning. 54 million Americans - 40% of those who voted in 2016 - have already voted in this election and Senate Republicans are still ramming through a Supreme Court nominee to take away your health care amid a pandemic.,https://twitter.com/RepSpeier/status/1320032379327729665
Devin Pandy,"10/09/2020, 13:06:19","@Mia4MD Thank you, Ma'am. The feeling is mutual.",https://twitter.com/DevinPandy/status/1314552773359349761
Sima Ladjevardian,"10/05/2020, 18:54:33","Hey @DanCrenshawTX, AG @KenPaxtonTX told you on your 6/16 podcast that we should hold corrupt government officials accountable. 

I hope you join me in doing that for the sake of law, order, and justice. Join me in calling for the resignation of our corrupt Attorney General. https://t.co/EjDfVbpvFs https://t.co/LMhxzzxy0x",https://twitter.com/SimaforTX/status/1313190859429548033
Elizabeth Hernandez,"10/18/2020, 23:37:21",@shortsigh44 @RepKevinBrady I sure will!  Thank you so much! And make sure you spread the word to all your friends and family. We cannot stay silent! We must turn America Blue again!,https://twitter.com/LizForTX8/status/1317973071689666560
Harley Rouda,"10/26/2020, 23:36:10","I'm fighting to defend our health care, build an economy that works for ALL, clean up corruption, and protect the environment. 

Will you join me in this fight? https://t.co/HAG6ZMzT0c",https://twitter.com/HarleyRouda/status/1320871873899417600
Georgette GÔæÉÔΩ≥mez,"10/25/2020, 23:51:09","I'm committed to fighting discrimination. At the City Council, I spearheaded the passage of an ordinance that prohibits landlords &amp; property managers from discriminating against low-income renters who receive a Section 8 housing voucher. Everyone should be treated equally. #CA53",https://twitter.com/SDGeorgette/status/1320513259795931136
Lindsey Simmons,"10/09/2020, 20:28:03","The finale is Nicole Galloway: ""Governor Parson's solutions are just too small. If he had answers we'd have seen them by now. He's in over his head.""

Indeed, he is. 

#MOGov2020",https://twitter.com/LynzforCongress/status/1314663939058405377
"Quigley, Mike","10/28/2020, 21:04:00","The Roadless Rule is crucial to keeping wild forests intact, yet the Trump admin is finalizing a plan to introduce destructive logging and road-building to the @TongassNF. #ProtectTheTongass #SaveRoadless https://t.co/8FEbvwVfry",https://twitter.com/RepMikeQuigley/status/1321558356813737984
Rishi Kumar,"10/29/2020, 19:42:04",https://t.co/RTXrzNtSsS,https://twitter.com/rishikumar1/status/1321900126793707520
Nate McMurray,"10/06/2020, 18:50:51","So proud. Name right at the top. Right next to Joe and Kamalaüí™ 

Hey @UCHastingsLaw you got two on the ballot in NY27. üòâ üá∫üá∏ 

Vote! @JoeBiden @KamalaHarris https://t.co/xgsnAYp14v",https://twitter.com/Nate_McMurray/status/1313552316608516101
Sima Ladjevardian,"10/06/2020, 20:41:51",".@DanCrenshawTX talks a big game about wanting to protect care for folks with pre-existing conditions. But thanks to Dan and enablers like him, the lawsuit will now go before a Supreme Court more inclined than ever to take away those protections. (9/15)
https://t.co/Z3OaSAub5m",https://twitter.com/SimaforTX/status/1313580251356762116
Nate McMurray,"10/23/2020, 01:32:35",Show us!,https://twitter.com/Nate_McMurray/status/1319451622720897025
Kim Mangone,"10/28/2020, 20:17:05",@Fullquart4 üëÄ,https://twitter.com/KimMangone/status/1321546550024306689
Nate McMurray,"10/09/2020, 11:19:11","Trump is the first President of my life time to indulge our worst impulses...rather inspire our better angels, he feeds our worst demons. 

‚ÄúBeware of flatterers, especially when they come preaching hatred.‚Äù

‚ÄîAlbert Einstein",https://twitter.com/Nate_McMurray/status/1314525813866463232
"Stevens, Haley","10/06/2020, 21:26:59","I had a blast with @MERA_org today! We discussed the sustainable future of American manufacturing, with remanufacturing at the forefront of those efforts. #Reconnection2020 https://t.co/4kxe8luTT9",https://twitter.com/RepHaleyStevens/status/1313591608038879235
Kim Mangone,"10/26/2020, 03:32:56","@LuLuLocks @vincentdonofrio I so appreciate your support. That‚Äôs so generous, I don‚Äôt even know where to begin. I‚Äôm so grateful and we are working hard to do your generosity the justice it deserves. We are working hard for every vote here.",https://twitter.com/KimMangone/status/1320569071570546688
Matthew Best,"10/22/2020, 12:19:28",China reportedly increases military in preparation for invasion of Taiwan https://t.co/9viSE8QSg6,https://twitter.com/BestforKY/status/1319252028649078784
Harley Rouda,"10/25/2020, 01:11:44","Can you believe it? Only 10 days until election day. 

It's time to leave it all on the field and get out the vote. https://t.co/Y26y9Ns2e7",https://twitter.com/HarleyRouda/status/1320171150698147840
"Bowman, Jamaal","11/01/2020, 14:36:31",The hood ain‚Äôt having it! https://t.co/4qMQcqdZSI,https://twitter.com/JamaalBowmanNY/status/1322910396731269120
Mia Mason,"10/20/2020, 20:47:04","I am a 20-year veteran who served in the Navy, Army, and D.C. National Guard. I wants to fight for veterans' rights.

The VA need to reduce the time veterans have to wait to receive treatment. Many veterans wait months for simple treatment. https://t.co/dBzEyaEzBm",https://twitter.com/Mia4MD/status/1318654995298979843
Harley Rouda,"10/18/2020, 14:56:48","Orange County small businesses have shuttered, as they‚Äôve been prohibited from serving more than a handful of customers at a time.

Today, @RealDonaldTrump will headline an in-person event with dozens and dozens of donors in #CA48.

We must vote this hypocrisy out.",https://twitter.com/HarleyRouda/status/1317842069683986432
Candace Valenzuela,"10/03/2020, 18:28:11","@Nurse__Jenny @JerrySoucyRN Nurse Jenny, you've been on the frontline for so much. I'll be leaning on the advice of experts like you, people who both understand the effects of COVID-19 on public health and who understand the challenges facing our schools everyday. Thank you for your work and take care.",https://twitter.com/candacefor24/status/1312459450444206080
"Beyer, Don","10/18/2020, 14:14:00","Trump told Bob Woodward in early February that he knew the coronavirus was much deadlier than he was admitting in public.

Even as his top people kept playing it down, they gave valuable inside information to wealthy allies, many of whom profited from it. https://t.co/p4HMU2VviO",https://twitter.com/RepDonBeyer/status/1317831298191216640
Jim Kennedy,"10/14/2020, 13:33:12","This morning's numbers for #VBM returns are in and @DemocratsofIR are killing it! 83% of all Dem ballots have already been returned!   

#FL8 wide:
NPAs / 33.82%
Rs / 34.06%
DEMs / 40.91%

Your Ballot only counts if it's filled out correctly and returned on time! https://t.co/HvmN9LB7Zs",https://twitter.com/JK4Florida/status/1316371479001432064
Max Rose,"11/02/2020, 13:39:24","Nicole Malliotakis just keeps lying. Read all the ways:
https://t.co/iWstdhBd7n #NY11",https://twitter.com/MaxRose4NY/status/1323258409517535233
Nate McMurray,"10/23/2020, 01:51:33",Good answer Joe!,https://twitter.com/Nate_McMurray/status/1319456395129987072
Elizabeth Hernandez,"10/16/2020, 12:18:31","@jwhiteatc Yep....
https://t.co/pzgegSNHy0",https://twitter.com/LizForTX8/status/1317077460618444802
Shannon Freshour,"10/20/2020, 20:17:02",@ELinbardi910 @JoeBiden @KamalaHarris thank you so much!,https://twitter.com/ShannonFreshour/status/1318647436227870722
"Jacobs, Sara","10/09/2020, 21:22:12","Want a yard sign? You can pick one up at any of our 3 offices on Monday, Wednesday, Friday, and Saturdays. Visit https://t.co/3yoGB4FtbF for more info! #CA53 https://t.co/LeDJr1sb7E",https://twitter.com/SaraJacobsCA/status/1314677567538958336
Tom Watson,"10/09/2020, 17:00:50",Come say hi and meet your next congressional representative! https://t.co/BCSDuZRTVF,https://twitter.com/TomWatsonTX19/status/1314611794330226689
Braylon Harris,"10/30/2020, 22:19:24",@WaltersAkua @BidenHarris45 appreciate tht autocorrect got me!,https://twitter.com/Harris4US2020/status/1322302107609927680
E. Thomasina Marsili,"10/16/2020, 23:14:14","The Hope in 8 team reminds everyone to mask up, wash up, stay home as much as possible, and remain vigilant about social distancing to slow the spread of infection. 
3/3",https://twitter.com/Hope_IN8/status/1317242476860788742
Antonia Eliason,"10/07/2020, 00:10:07","Fannie Lou Hamer's birthday was Oct. 6, 1917. Her courage, her perseverance, and her political and social activism inspire. When I was approached to run for Congress, her words, ""I'm sick and tired of being sick and tired"" echoed through my head. It is because of her that I run.",https://twitter.com/Antonia4MS1/status/1313632661387333632
"Ryan, Tim","10/08/2020, 14:46:46","Hard to believe we‚Äôre more than 6 months into this thing and there‚Äôs still no comprehensive national plan.
https://t.co/gvkEBW8BQL",https://twitter.com/RepTimRyan/status/1314215668057690120
Elizabeth Hernandez,"11/02/2020, 17:38:57",@Peggysuz2017 Thank you!,https://twitter.com/LizForTX8/status/1323318692516712449
"Vela, Filemon","10/23/2020, 23:31:00","October is #DownSyndromeAwarenessMonth! A time to celebrate individuals with down syndrome, recognize their abilities, and foster awareness and inclusion in our society. I hope this month will bring collective support for the approximately 250,000 Americans with down syndrome. https://t.co/pa1s8A0Th8",https://twitter.com/RepFilemonVela/status/1319783411008131072
Sri Preston Kulkarni,"10/29/2020, 17:13:52","Thanks for the shoutout, @tedlieu! We've actually expanded to 27 languages, but who is counting (well, we are). 

We're making history here in #TX22, and we need your help. 

Support our movement today: https://t.co/3wqAkmIVxg https://t.co/X2RNfDrl4e",https://twitter.com/SriPKulkarni/status/1321862830442844160
Joyce Elliott,"10/20/2020, 01:31:22",@ArkDems Amazing!,https://twitter.com/xjelliott/status/1318364152780492801
"Payne Jr., Donald","10/20/2020, 18:50:04",I've been extremely disappointed in Trump's attacks on the Post Office.  I wrote a letter to the presidents of four different organizations that support postal carriers to let them know that my colleagues and I support them completely.   We must protect the Postal Service! https://t.co/6Oww2GboO6,https://twitter.com/RepDonaldPayne/status/1318625548134998018
Aaron Paul Godfrey,"10/15/2020, 03:20:13",@billyeichner @SarahSoWitty @NBCNews dude don't give them ideas,https://twitter.com/GodfreyForOH16/status/1316579606166679552
"O'Halleran, Tom","10/24/2020, 20:30:00","#AZ01: We're üîü days away from this election and I need your help to get across the finish line! 

Can you chip in? https://t.co/Mmcj8DAVGQ",https://twitter.com/TomOHalleran/status/1320100249440956416
"Langevin, Jim","10/09/2020, 14:30:33","My October newsletter covers the latest on #COVID19 relief negotiations, legislation I‚Äôm leading to keep transportation projects going in the pandemic, &amp; how we took decisive action to confront climate change with the #CleanEconomyJobs and Innovation Act. 
https://t.co/QU7ZivyFuM",https://twitter.com/JimLangevin/status/1314573971371765760
Kate Bolz,"10/24/2020, 22:13:17","üé¨  Introducing ""Tweets with Kate!"" üé¨

Featuring some of our favorite replies / comments on Twitter. 

Check it out! https://t.co/fsNd4aSQsx",https://twitter.com/katejbolz/status/1320126241152827403
Pam Keith,"10/05/2020, 18:24:31","@BrianMastFL Also... hard to ‚Äúuncover‚Äù video that was FEATURED by Eleven Films. 

I really enjoyed talking to The Young Turks and the progressives folks that day. Thanks for the lovely memory.",https://twitter.com/PamKeithFL/status/1313183302145257472
Kim Mangone,"10/24/2020, 19:09:15","@neilehopkins Thanks Neil! We have a real shot at beating Kevin McCarthy. If everyone who saw this chipped in just $26, we would blow our fundraising goals out of the water. Please retweet and chip in here to be a part of our victory over Kevin McCarthy: https://t.co/LRd7qgkaaa",https://twitter.com/KimMangone/status/1320079926939115521
Dana Balter,"10/20/2020, 14:13:04","Small and medium farms are an essential part of #NY24, and we must ensure they have the resources they need to thrive. In Congress, I'll be a champion for our rural communities. 

Thank you Mona for your support! #WhyISupportDana https://t.co/5bKAQGF5AH",https://twitter.com/dana_balter/status/1318555839041503238
Devin Thorpe,"10/12/2020, 19:07:42",Ad 3 - 30-second ad https://t.co/2DM8EhBhaO,https://twitter.com/devindthorpe/status/1315730883857457152
Devin Thorpe,"10/12/2020, 19:06:29",Ad 1 - 15-second contrast https://t.co/WlIAsbuY9H,https://twitter.com/devindthorpe/status/1315730578436575233
"Lee, Susie","10/29/2020, 20:30:00","TOMORROW is the last day to vote early in Nevada! Remember, in @ClarkCountyNV, you can early vote at ANY polling location. Figure out which polling location is most convenient for youüëá
https://t.co/f0UbcUhJp0",https://twitter.com/RepSusieLee/status/1321912187963744257
Shannon Freshour,"10/12/2020, 16:49:53",@IanMellul @HillaryClinton @MileyCyrus @SpeakerPelosi @ddlovato @KeshaRose @staceyabrams @yelyahwilliams @KristenBell @ewarren @WeDemandJustice @MoveOn @GregHale1 @brianefallon @pneaville @DianaBowen @yashar @AdamParkhomenko @DemocracyStorm This is awesome.  Thanks,https://twitter.com/ShannonFreshour/status/1315696199303823362
"Dingell, Debbie","11/02/2020, 19:00:36","Tomorrow is #ElectionDay! If you haven‚Äôt voted yet, make a plan to get to the polls as soon as possible. Voting is a critical tenant of our democracy, so do your civic duty and make sure your voice is heard this year. https://t.co/qOPnDuW1rs",https://twitter.com/RepDebDingell/status/1323339243176022016
Pam Keith,"10/21/2020, 11:46:37","Fun fact: Something is only a ‚ÄúBIG DEAL‚Äù if we act like it is.

Every single time we acted like Trump‚Äôs breathtaking criminality was no big deal, that‚Äôs what it became. 

History will be unable to explain why he wasn‚Äôt stopped long before his mendacity lead to American carnage.",https://twitter.com/PamKeithFL/status/1318881371209781249
Phil Ehr,"10/31/2020, 15:48:51",Want to hear something scary? 2 more years of Matt Gaetz. Join us to end this nightmare: https://t.co/hJ95jlIw5w,https://twitter.com/PhilEhr/status/1322566211884978183
"Craig, Angie","10/25/2020, 19:39:54","Kim‚Äôs story is precisely why I‚Äôve focused on reducing the cost of health care and prescription drugs, and supported bold funding for cancer research and treatment development during my first term in Congress.",https://twitter.com/RepAngieCraig/status/1320450028918480898
Delina DiSanto,"10/04/2020, 23:51:47","And you have @RepGosar voting against a House Resolution condemning QAnon 2 days ago &amp; he posted tweet Aug 2019 about an illegal coup against Trump from QAnon, then says he ""accidentally"" posted it.
@robodellaz, Paul Gosar is a conspiracy theorist &amp; pushes it out on social media. https://t.co/5XZARy6R9F https://t.co/RQMDnZh4hS",https://twitter.com/delina4az/status/1312903274471677952
Kate Bolz,"11/02/2020, 02:46:00",Vote.,https://twitter.com/katejbolz/status/1323093977621561344
"Napolitano, Grace","10/29/2020, 17:51:01","Latinas on avg still make just 55 cents on the $1 as compared to white, non-Hispanic men. COVID has worsened this wage gap, causing many to choose between providing child care &amp; working on the frontlines- often w/ little to no protection. Latinas &amp; their families deserve better. https://t.co/EdXKOHBSTo",https://twitter.com/gracenapolitano/status/1321872178795741185
"Ryan, Tim","10/26/2020, 16:35:09","Electric vehicles are the future here in #VoltageValley.
I‚Äôve been fighting for @LordstownMotors since the beginning. So proud of how far they‚Äôve come, and how far I know we‚Äôll go with them. https://t.co/709pmOxW0A",https://twitter.com/RepTimRyan/status/1320765922655850497
Gary Wegman,"10/16/2020, 15:21:03",@mupubhum @Meuser4Congress I appreciate you educating the public about candidates. Please reach out to our campaign to get a more accurate description of my platform.,https://twitter.com/DrGaryWegman/status/1317123398196133890
Mia Mason,"10/22/2020, 18:42:42","They want to make sure, we go back to how healthcare was before the ACA, not improve it to make sure costs go down and more people have access.

THEY HAVE NO PLAN FOR HEALTHCARE https://t.co/MsneyKiUll",https://twitter.com/Mia4MD/status/1319348473171496961
Pam Keith,"10/13/2020, 21:49:41","HOLY COW!!!!

https://t.co/Lo05dfe4ff",https://twitter.com/PamKeithFL/status/1316134034494418944
"Schrier, Kim","11/02/2020, 16:17:32","Your Moms in Congress want to make sure you vote! For more information, visit https://t.co/8mtX7iGUka. https://t.co/w8NyBSXsvo",https://twitter.com/RepKimSchrier/status/1323298206852284419
Elizabeth Hernandez,"10/22/2020, 21:52:06","@KSamoun1 In my defense, it is really hard to keep up with their ever changing message.",https://twitter.com/LizForTX8/status/1319396136612958209
"Pocan, Mark","10/21/2020, 13:28:46",545 children made orphans by this administration‚Äôs cruelty. https://t.co/P2YaP4hlzP,https://twitter.com/repmarkpocan/status/1318907080149958657
David Kim,"10/07/2020, 13:08:53",27 days left. How will you make history with us?,https://twitter.com/DavidKimForCA/status/1313828645161635840
Ammar Campa-Najjar,"10/10/2020, 17:00:24","Honored to be endorsed by @sdut along other Democratic and Republican candidates!

We need more courageous leadership, integrity, and level-headed solutions in Washington. I'm putting my country and #CA50 ahead of partisan politics.  

I'd be honored to have your vote. https://t.co/zIHAKvQ0yb",https://twitter.com/ACampaNajjar/status/1314974071541563393
Adia Winfrey,"10/06/2020, 01:06:36","Come out and enjoy some music and good times at Talladega Bottling Works Thursday October 15th from 5-7. This is a free event and donations to my campaign are requested. 

Let‚Äôs turn up one time before Election Day!

#Winfrey4Congress #FocusedOnAlabama https://t.co/yLtHmQUUTK",https://twitter.com/drdia/status/1313284489754411008
"Gottheimer, Josh","10/23/2020, 17:36:04","ICYMI: We received some major endorsements over the past few weeks, including the U.S. Chamber of Commerce (@USChamber), the New Jersey Fraternal Order of Police (@NJFOP), and the State Troopers Fraternal Association (@STFA_NJ)! https://t.co/6a2kk5Ehul",https://twitter.com/JoshGottheimer/status/1319694092092248064
Kim Mangone,"10/27/2020, 10:59:52","We have a real shot at beating Kevin McCarthy. If everyone who saw this chipped in just $26, we would blow our fundraising goals out of the water. Please retweet and chip in here to be a part of our victory over Kevin McCarthy: https://t.co/TnY5GdLgtb",https://twitter.com/KimMangone/status/1321043933795811328
"Hayes, Jahana","10/29/2020, 18:31:19","The Help America Vote Act of 2002 allowed states to upgrade old equipment and established the Election Assistance Commission. The @EACgov ensures election officials have what they need to support democratic voting processes. 
 
Check your polling location https://t.co/vrbQyZkmT2. https://t.co/aDkcV5lYaP",https://twitter.com/RepJahanaHayes/status/1321882321524563970
Jon Hoadley,"10/19/2020, 11:03:12","Today is the last day to register to vote online, Michigan! After today, you‚Äôll need to register in-person. 

Check your registration: https://t.co/168OdUUBFL https://t.co/yMNv4dif8q",https://twitter.com/JonHoadley/status/1318145669891346434
Hiral Tipirneni,"10/31/2020, 22:22:02","@katieporteroc On Saturdays, we wear ‚ÄúI Voted‚Äù stickers. https://t.co/sDLWTp3wmg",https://twitter.com/hiral4congress/status/1322665160297730048
Shannon Freshour,"10/05/2020, 01:21:31",@jeff_d_kelley Oh the ears..  so cute,https://twitter.com/ShannonFreshour/status/1312925856046645253
Gina Ortiz Jones,"10/30/2020, 15:35:26","And remember, bring your ID with you, even if you are just dropping off your ballot. Happy voting!¬†#TX23",https://twitter.com/GinaOrtizJones/status/1322200446983876608
Nate McMurray,"10/16/2020, 22:03:40","Hungry yet today despite the dream.
Beaten yet today‚ÄîO, Pioneers!
I am the man who never got ahead,
The poorest worker bartered through the years.",https://twitter.com/Nate_McMurray/status/1317224719045828608
Adam Christensen,"10/08/2020, 14:59:00",Daydreaming about Gigabit WIFI now https://t.co/X0eaj6itnF,https://twitter.com/AC4Congress2020/status/1314218743875149824
Phil Ehr,"10/12/2020, 15:42:05",Someone tell @MattGaetz to tell his buddy Chuck Johnson. https://t.co/0RwOYg0KZH https://t.co/de6vnnDp1j,https://twitter.com/PhilEhr/status/1315679140016726017
Candace Valenzuela,"10/31/2020, 20:00:25","Team Candace invites you to come out for our phone bank with actor @BradleyWhitford of The West Wing, The Handmaid‚Äôs Tale, Get Out and so much more! 
Sign up here to join: https://t.co/Gv40CvTgO5",https://twitter.com/candacefor24/status/1322629519933661191
Kenny Houston,"10/12/2020, 03:44:17","Brooklyn Smith is the 32nd trans and gender nonconforming person murdered to date in 2020 in the United States.¬† She is the 5th person from Louisiana, all of whom were Black trans women. Right here in Caddo Parish. We still need justice for Victoria Bell üò¢ https://t.co/orBswaGGts",https://twitter.com/KennyHoustonCD4/status/1315498500310937600
"Malliotakis, Nicole","10/16/2020, 17:58:53","We must support the #NYPD if we are going to restore law &amp; order to #BayRidge and NYC. Elected officials who have supported no bail for serious crimes, defunding our police and other dangerous policies need to be replaced. https://t.co/gjHOQ2FxG4",https://twitter.com/NMalliotakis/status/1317163117013536768
"Vela, Filemon","10/23/2020, 23:15:00","Migrant farmworkers help keep America fed, especially now during the global pandemic. New reporting from the @FullerProject &amp; @WashingtonPost exposes how the pandemic has created a new crisis for farmworkers and their children. https://t.co/38HpJwxnim",https://twitter.com/RepFilemonVela/status/1319779384501227521
Mia Mason,"11/01/2020, 14:57:05","Join Mia at the Polls in Carroll County TODAY! Ask questions &amp; learn more about why I am the person to represent MD's 1st District!! #votemia #mia4md

https://t.co/ebC7wgFfyD https://t.co/Zed2BiqrJK",https://twitter.com/Mia4MD/status/1322915569998376962
Kimberly Walker,"10/15/2020, 18:20:34",Today is the last day to respond to the US Census.  If you haven't filled out your census form please do.  Here is the link for the online version.  https://t.co/PSX3CsN0dI https://t.co/KyA4v8KsQM,https://twitter.com/kw4congress/status/1316806185337720835
Kimberly Walker,"10/26/2020, 16:51:25","As your representative, I will fight for government accountability and advocate for policies that increase access to healthcare, quality education, and economic stability. Vote Kimberly Walker for Congress https://t.co/h3LNRb3JMQ",https://twitter.com/kw4congress/status/1320770019261898755
Alaina Shearer,"10/25/2020, 15:48:57","@JeffreyGoliver @LettsGoOhio @Liston4Ohio @RedWineBlueUSA @DAProgressives @BluePositively @OhioDistrict12 Thank in for pouting that out, Jeff.",https://twitter.com/alainashearer/status/1320391907848167425
Sima Ladjevardian,"10/25/2020, 16:14:22","SO EXCITED FOR THIS! Come join me &amp; @mjhegar today as we #GOTV like never before!

The time is NOW, #TX02. üëüü•æüëû

Sign up below üëáüèΩ https://t.co/xoFrXXVXVA",https://twitter.com/SimaforTX/status/1320398304220487682
Adam Christensen,"10/30/2020, 21:03:15","Exposing The Kat Cammack Grift - Part 3

The long wait is over. This is video 1/4.

Here is what we have learned: @Kat_Cammack has a pattern of setting up charities and running them into the ground via financial mismanagement.

YOU WILL LOVE THE 2ND NON-PROFIT! It's Amazing https://t.co/Ozmlt4bS5F",https://twitter.com/AC4Congress2020/status/1322282944795430912
Aaron Paul Godfrey,"10/10/2020, 20:49:45",@LakotaMan1 I think it would be a pretty amazing idea to honor an indigenous leader like this. It'd have my support if elected!,https://twitter.com/GodfreyForOH16/status/1315031791091228672
"Hayes, Jahana","10/25/2020, 16:42:09",https://t.co/tdzoKpouuJ,https://twitter.com/RepJahanaHayes/status/1320405299023564800
"Castor, Kathy","10/28/2020, 16:02:28","During #COVID19, @MetroMinistries is working tirelessly to keep food on the table for neighbors in what'll be a difficult holiday season for many. If you‚Äôre looking for a way to serve or need food assistance, see more about their holiday donation tent:
https://t.co/rNYqbgqo1j",https://twitter.com/USRepKCastor/status/1321482472291475456
"Bush, Cori","11/02/2020, 13:24:18",@CarmenSpindiego @MarkRuffalo You‚Äôre so awesome @CarmenSpindiego THANK YOU!,https://twitter.com/CoriBush/status/1323254610111463425
Scott Huffman,"10/29/2020, 23:36:21",Can we at least get a Panthers win over the Falcons tonight? #NC13,https://twitter.com/HuffmanForNC/status/1321959085491838978
"Ryan, Tim","10/12/2020, 12:20:00","I stand with @GovMikeDeWine: an increase in cases in our community is a bad sign. 

We have to keep disciplined about the basic steps we took to flatten the curve earlier in the summer. Wear your mask and keep your distance whenever possible.
https://t.co/ttN2OdFpHA",https://twitter.com/RepTimRyan/status/1315628281928974339
Carolyn Long,"10/25/2020, 23:48:07","Should we check the record?
‚ùåYou bragged about voting more than 80 times to repeal the #ACA, cutting coverage for people w/ preexisting conditions.
‚ùåYou supported a lawsuit to dismantle the #ACA &amp; leave people w/ preexisting conditions w/o coverage in the middle of a pandemic. https://t.co/tBGNmeK39E",https://twitter.com/ElectLong/status/1320512496856231938
"Malliotakis, Nicole","10/11/2020, 17:14:52",On Election Day remember @MaxRose4NY‚Äôs support for ending cash bail &amp; that his boss Nancy Pelosi is trying to sneak it into COVID relief package. The men &amp; women of the #NYPD know I stand with them &amp; will fight these ridiculous policies which is why ALL 5 unions endorse me! https://t.co/Lnp70SoFt2,https://twitter.com/NMalliotakis/status/1315340102273564672
Mike Siegel,"10/22/2020, 17:23:15",McCaul won‚Äôt debate me so we‚Äôre taking the battle to the airwaves. https://t.co/x7o7wFMHCB,https://twitter.com/SiegelForTexas/status/1319328475782828033
"Craig, Angie","10/22/2020, 17:43:25","In August, I joined @RepLaHood on the bipartisan CERTS Act to extend relief to our transportation sector. Passing this legislation is a critical step to support transportation workers and we must get it done. https://t.co/sFNZzxXmJP",https://twitter.com/RepAngieCraig/status/1319333551372947459
Delina DiSanto,"10/27/2020, 14:35:42","And now we have to have Doctors determine who gets ICU, ventilation, all because Trump &amp; his cronies in administration didn't jump on this #COVID19 pandemic &amp; mandate masks. Trump has created #DeathPanels.
@DrPaulGosar also doesn't care there are death panels... https://t.co/ODF6Bwdzqk",https://twitter.com/delina4az/status/1321098249533489153
Stephen Daniel,"10/27/2020, 13:17:23","7‚É£ days.  

This is the last week of early voting. Make sure you vote. 

Already voted? Volunteer with us at https://t.co/1QzToYhC0G

#TX06 #Vote #VoteEarly https://t.co/NkobZA8UtN",https://twitter.com/stephendaniel/status/1321078542474555394
Pam Keith,"10/07/2020, 12:36:27",This is what good corporate citizenship looks like. https://t.co/PTOEdkfFkh,https://twitter.com/PamKeithFL/status/1313820481712205824
"Pascrell Jr., Bill","10/13/2020, 12:44:40","üö® üö® A panel of rightwing hack judges has rubberstamped one of the most gruesome voter suppression measures in America. 

The republican war on voting is being sanctioned by extremist judges. https://t.co/Kgi8B06N8h",https://twitter.com/BillPascrell/status/1315996878971043840
Matthew Best,"10/24/2020, 17:43:17",Happy to hear Governor Beshear and his family are out of quarantine. https://t.co/5oT5ajxEdE,https://twitter.com/BestforKY/status/1320058294258397185
Shahid Buttar,"10/16/2020, 06:52:32","While Democratic leaders claim to feed their constituents, the party base is instead feeding conservatives. https://t.co/murBbiJVDr",https://twitter.com/ShahidForChange/status/1316995426088747008
"Pocan, Mark","10/27/2020, 20:51:59","5,262 new COVID cases today.

64 new deaths.

31.8% positivity rate‚Äîmeaning almost 1 in 3 people tested, tested positive.

Wisconsin, we can only beat this if we work together:
‚úÖWear a mask
‚úÖSocial distance
‚úÖNo parties/large gatherings
‚úÖNo anti-science lawsuits",https://twitter.com/repmarkpocan/status/1321192946406985728
Hosea Cleveland,"10/08/2020, 14:08:46",First stop today: Anderson! https://t.co/hJdGBDRmyi,https://twitter.com/ClevelandHosea/status/1314206104901967878
Christopher J. Hale,"11/02/2020, 12:25:38","‚ÄúChristopher Hale, Democratic candidate for U.S. Congress, made it a mission to walk 196 miles across Tennessee‚Äôs 4th Congressional District, which he would represent if he defeats Republican incumbent Scott DesJarlais on Nov. 3.‚Äù https://t.co/TF84jBJKDV",https://twitter.com/chrisjollyhale/status/1323239845960077312
Kim Mangone,"10/28/2020, 07:58:00",@slack2thefuture Thanks David!,https://twitter.com/KimMangone/status/1321360556008206336
"Swalwell, Eric","10/16/2020, 15:32:06","If you‚Äôre planning to vote in-person in CA, remember that you should bring your mail-in ballot with you to the polling place. Without it, you may have to vote using a provisional ballot, which may take longer to count. Check out my website for more info: https://t.co/yQdMfszS0v",https://twitter.com/RepSwalwell/status/1317126179623702530
Mia Mason,"10/27/2020, 00:47:33","As we head into the homestretch, we need your help!

We can get the ad below on T.V. 5 times for every $1,000 we raise.

This is a people powered campaign. Every $10, $25, $50 goes a long way.

https://t.co/5V7m45PA9Z https://t.co/wkshvglfN0",https://twitter.com/Mia4MD/status/1320889839651311618
Christopher J. Hale,"10/20/2020, 16:49:36",From today‚Äôs @clevelandbanner: https://t.co/0CTma9aEtS,https://twitter.com/chrisjollyhale/status/1318595232850726917
"Horsford, Steven","10/31/2020, 20:42:00",https://t.co/DBEqTMjA9F,https://twitter.com/RepHorsford/status/1322639983845339136
Adrienne Bell,"10/23/2020, 15:37:14",My parents. https://t.co/rJVDLshcKD,https://twitter.com/AdrBell/status/1319664185786159108
David Kim,"10/22/2020, 03:54:38","üí∞ $14,000, Pfizer

This major drug corporation continues to sell an extended-release oxycodone pill. It is known to have potential for abuse and misuse. https://t.co/IkC8iDTF2x",https://twitter.com/DavidKimForCA/status/1319124979905159170
Pat Hackett,"10/27/2020, 23:41:17",Thank you for your hard work to get out the vote in #IN02! What you do DOES make a difference. https://t.co/gdzj5NZzPo,https://twitter.com/HackettCongress/status/1321235550683234305
Lindsey Simmons,"10/10/2020, 02:08:50","I'd like to see it in the form of universal healthcare for every single person. 

I'd like to see it in the form of universal childcare. 

I'd like to see it in the form of paid family leave. 

I'd like to see it in the form of fully funded schools for every single kiddo.

8/",https://twitter.com/LynzforCongress/status/1314749702198505473
"Pallone Jr., Frank","10/17/2020, 16:35:54",The Trump Admin‚Äôs case before the Supreme Court is a battle over whether undocumented immigrants can be counted as ‚Äúpersons‚Äù for the purposes of our census. And now the Senate is rushing a hard-right justice through the nomination process to make this argument a reality. https://t.co/Xo86Yu1Y9I,https://twitter.com/FrankPallone/status/1317504621523382272
Scott Huffman,"10/10/2020, 01:23:47",@WilmingtonDiver I though you were going to post a picture of your dog. Not an Ewok.,https://twitter.com/HuffmanForNC/status/1314738365061890052
Devin Thorpe,"10/20/2020, 00:26:28","Kael says climate is a global problem and we need to rejoin the community of nations working to reverse it.

#utdebates #utgovdebates #UTpol #utah @kaelweston",https://twitter.com/devindthorpe/status/1318347821142085633
Ammar Campa-Najjar,"10/26/2020, 02:38:25","First, Issa once called Israel an Aparthied State. 

Source: https://t.co/Gq9rZgGx1c",https://twitter.com/ACampaNajjar/status/1320555350815223808
Nate McMurray,"10/23/2020, 01:37:47",Conspiracy theories all night,https://twitter.com/Nate_McMurray/status/1319452929758253057
Sima Ladjevardian,"10/06/2020, 20:41:49","The ACA was enacted in 2010 to make health care more affordable &amp; accessible for all Americans. Changes include:

‚úÖProtecting coverage for people with PRE-EXISTING CONDITIONS (*cough cough, @DanCrenshawTX*)
‚úÖRequiring plans to cover free wellness &amp; pregnancy exams (3/15)",https://twitter.com/SimaforTX/status/1313580243119230979
"Clyburn, James E.","10/05/2020, 13:12:52","Children in states that haven‚Äôt expanded Medicaid under the ACA are more than twice as likely to be uninsured. As we recognize #ChildHealthDay, children‚Äôs health depends on expanding Medicaid and protecting the ACA from GOP attack in Congress, the White House, and SCOTUS.",https://twitter.com/WhipClyburn/status/1313104870426243072
"Hoyer, Steny H.","10/07/2020, 19:09:15","Last week, the House passed an updated Heroes Act, which included the items the President mentioned during his late-night Twitter rant: direct payments to families, assistance to airlines, and loans to small businesses to keep their employees on the payroll.",https://twitter.com/LeaderHoyer/status/1313919335530934277
Blair Walsingham,"10/16/2020, 03:09:25",@AndrewYang,https://twitter.com/BlairWalsingham/status/1316939277029330944
Nate McMurray,"10/11/2020, 12:35:13","Tom Reynolds is the guy who created the gerrymandered NY27. 

Back then, I didn‚Äôt know that. Wish I had. 

Not a pawn‚ôü https://t.co/nagKti8xiy",https://twitter.com/Nate_McMurray/status/1315269723467243521
Shannon Freshour,"10/19/2020, 20:30:50","@Jim_Jordan Why are you like this?

Oh also where's your plan to save lives and the economy together?  So far all you've said is, ""open it all up.""

How about more working towards not killing people and less advocating for mass death because of your stock portfolio.. 

'k. Good talk",https://twitter.com/ShannonFreshour/status/1318288520692334592
Nate McMurray,"10/03/2020, 14:13:53","If your grandfather gets sick from COVID, no one is going to pick him up in a helicopter and take him off to get super secret healthcare. But...

Medicare for all might be a good start.",https://twitter.com/Nate_McMurray/status/1312395453368074240
Shannon Freshour,"10/06/2020, 21:14:21",@petitgordi Oh no :(,https://twitter.com/ShannonFreshour/status/1313588427418480651
Adam Christensen,"10/16/2020, 15:16:10",It‚Äôs about liquidity people!!! That‚Äôs why billionaires hoarding wealth is bad for the economy!,https://twitter.com/AC4Congress2020/status/1317122166589165568
"Gottheimer, Josh","10/04/2020, 16:46:39","Our long-term care facilities must be prepared for another COVID wave, particularly with flu season right around the corner, which is why @PascrellforNJ and I are working hard to pass similar legislation at the federal level.https://t.co/FL2cY9q1Io",https://twitter.com/JoshGottheimer/status/1312796284059869186
Kate Bolz,"10/10/2020, 17:25:34","Given the ongoing cluster of positive COVID cases involving elected officials in Washington, I ask that Jeff Fortenberry also take a test and provide assurance of a negative result in preparation for our debates on Sunday and Monday.

(2/2)

#Katecares #DebateKate #NE01",https://twitter.com/katejbolz/status/1314980405611843590
"Ocasio-Cortez, Alexandria","10/25/2020, 22:34:27",None of that would be possible without @RulesDemocrats and @RepMcGovern.  Thank you so much for your tireless work and continued leadership.,https://twitter.com/RepAOC/status/1320493955780349952
Hillary O'Connor Mueri,"10/27/2020, 11:46:26","David Joyce voted NO on the COVID relief bill. Twice.

McConnell adjourned the Senate without passing COVID relief.

Ohioans wonder if they‚Äôll lose their home. If their kids will have food. If they‚Äôll catch a deadly disease &amp; then lose their health care. https://t.co/P07CHoQnCi",https://twitter.com/HillaryMueri/status/1321055653037772800
Max Rose,"10/03/2020, 13:46:05","It‚Äôs October 3rd. Have you made a plan to vote? #MeanGirlsDay 

https://t.co/aH4yTZfvDT https://t.co/y4N9yg3c7c",https://twitter.com/MaxRose4NY/status/1312388454236459011
"Kind, Ron","10/13/2020, 20:12:43",The DMC provides important risk management tools and can serve as a critical safety net for our dairy farmers. I encourage all interested dairy farmers to look into the DMC and see if it might be right for them. https://t.co/0TB0r9DPkC,https://twitter.com/RepRonKind/status/1316109632872611842
Georgette GÔæÉÔΩ≥mez,"10/15/2020, 03:03:14",Thank you @foe_us for your support and lifting our campaign. Grateful! https://t.co/l2NJconm0c,https://twitter.com/SDGeorgette/status/1316575333273890818
Cameron Webb,"10/19/2020, 20:12:10",It‚Äôs not every day that you have a conversation ranging from distilling whiskey to discussing policy to the diversity of views across #VA05 https://t.co/Zey3DnCxFp,https://twitter.com/DrCameronWebb/status/1318283822534938624
Lindsey Simmons,"10/09/2020, 21:32:49","@threecubsforme @brianschatz @ChrisMurphyCT Sign up to help us make phone calls + send post cards!

https://t.co/rYF9mLyIy1",https://twitter.com/LynzforCongress/status/1314680241286246400
Lee Ann Dugas,"10/15/2020, 02:06:03","8) IS THIS HOW YOU WANT TO LIVE? TO RAISE YOUR CHILDREN? As A U.S. Navy SEABEE, &amp; Like Past/Present &amp; UR Military Family Mbrs, Some GAVE All, We All took A ""OATH"", I Will NOT ALLOW my Nation Be DESTROYED Any Further. If U feel the Same, JOIN ME, As We
#SAVEOURDEMOCRACY &amp; NATION",https://twitter.com/LeeDugas2001/status/1316560941849468928
"Porter, Katie","10/08/2020, 21:37:23","IGs provide critical nonpartisan oversight, so we need them to be qualified. I introduced legislation to make sure they are. I'm proud this provision passed the House, and I'm thrilled that it's now backed by the Council of the Inspectors General on Integrity and Efficiency. https://t.co/ecY1lPsEWf",https://twitter.com/RepKatiePorter/status/1314319003645476864
Kim Mangone,"10/29/2020, 08:32:44","We have a real shot at beating Kevin McCarthy. If everyone who saw this chipped in just $26, we would blow our fundraising goals out of the water. Please retweet and chip in here to be a part of our victory over Kevin McCarthy: https://t.co/9LLStNErBA",https://twitter.com/KimMangone/status/1321731683142434817
