Nancy Goroff,"10/07/2020, 00:12:39","How many times have women heard men say ""all you have to do is submit and say yes""? Women don't do what we're told. We do what's right. https://t.co/OA4HBmvQmH",https://twitter.com/ngoroff/status/1313633301924544515
Harley Rouda,"10/20/2020, 00:14:57","Today, as Trump continues his attack on science &amp; Dr. Fauci, remember this.

When OC's top public health officials &amp; their families were sent violent threats, @MichelleSteelCA refused to protect them. She sat idly by as they were pushed out and reversed their mask order.",https://twitter.com/HarleyRouda/status/1318344922550870022
Harley Rouda,"10/19/2020, 15:53:00","üö®ATTN CALIFORNIAüö®

Today is the LAST day to register to vote and receive your mail-in ballot before Election Day. 

It takes less than 2 minutes to register ‚Äî click the link below and RT to share this important deadline https://t.co/Kni6nmiR89",https://twitter.com/HarleyRouda/status/1318218602667941888
Christina Hale,"10/14/2020, 15:27:08","Dr. Reed's support means the world to me. 

Hoosiers are tired of the partisan politics and gridlock. They're ready to elect a problem-solver who will reach across the aisle and get things done.

That's what I did in the Statehouse and it's exactly what I'll do in Congress. #IN05 https://t.co/o1Ly24cEdK",https://twitter.com/HaleIndy/status/1316400152488288257
Jon Hoadley,"10/22/2020, 00:17:46","We said this was a big goal &amp; we meant it. Our campaign is powered by grassroots donors and every dollar goes a long way towards helping us flip #MI06. #DemCastMI

We have a long way to hit 1,000 donors today with just a few hours left. Chip in $1 tonight: https://t.co/SRgQZH8MYt https://t.co/mnAePmQ6tJ",https://twitter.com/JonHoadley/status/1319070407622823940
Donna Shalala,"10/05/2020, 13:00:02","This election is all about YOU!   VOTE!
https://t.co/oDOpozvXdS https://t.co/hMY6l2A5aj",https://twitter.com/DonnaShalala/status/1313101641105592320
Alan Cohn,"10/27/2020, 17:44:45","We are on the verge of winning this election, but we need your support in the final stretch. Donate here to help us flip Florida‚Äôs Congressional Delegation: https://t.co/FRJwdVtdbl https://t.co/257AzxTGHh",https://twitter.com/AlanMCohn/status/1321145824844414978
Amy Kennedy,"10/05/2020, 22:49:42","During these unprecedented times, our teachers are stepping up to keep children learning. 

Thank you and happy #WorldTeachersDay to all of South Jersey's teachers, staff, and educators! https://t.co/fazQpEBVUE",https://twitter.com/AmyKennedy715/status/1313250036847980545
TJ Cox,"10/06/2020, 20:05:00","So you want to talk about drinking water? I'm fulfilling my promise to deliver clean drinking water to the Valley, because I put your health &amp; safety first, and dirty water harms you and your family. https://t.co/tC07AouKiL",https://twitter.com/TJCoxCongress/status/1313570976009863168
Christina Finello,"10/31/2020, 13:06:00","Today, October 31st, drop off your ballots at the dropboxes:

üï∏Ô∏è Bucks County: 12PM to 5PM
üï∏Ô∏è Montgomery County (#PA01): 10AM to 6PM https://t.co/op4nXWdUYZ",https://twitter.com/FinelloForPA/status/1322525227968946176
Sri Preston Kulkarni,"10/18/2020, 01:09:02","#MyNameIs Srinivas, meaning an ""abode of good fortune"". My good fortune is the family, friends, and community I've been blessed with‚Äîthe people that inspire me every day.",https://twitter.com/SriPKulkarni/status/1317633756044382208
Eugene DePasquale,"10/30/2020, 23:23:09","It was great speaking directly with voters today about the importance of getting to the polls on November 3rd and what is at stake in this election. With only 4 days left, make your plan to vote and have your voice heard. #PA10 https://t.co/ePLGTOgwLq",https://twitter.com/DePasqualePA/status/1322318151862943745
"Axne, Cynthia","10/06/2020, 14:28:59","Far too often, Economic Impact Payments that should be going to help survivors of domestic violence and abuse are being stolen by their abusers.

Last week, my colleagues and I urged the IRS and the Treasury Department to implement better safeguards to prevent this theft. #IA03 https://t.co/TGehvUA7Tb",https://twitter.com/RepCindyAxne/status/1313486417021075462
Christina Finello,"10/16/2020, 23:28:12",Thank you to Elias and all of our incredible Field Interns working hard to flip #PA01! Join them this weekend during GOTV! https://t.co/uAVlKeOPCJ https://t.co/Jn0IpYbvnn,https://twitter.com/FinelloForPA/status/1317245993772044288
Joyce Elliott,"11/02/2020, 01:15:46","Yay, Julie. In Greenbrier, right? https://t.co/uNtoVxFOe1",https://twitter.com/xjelliott/status/1323071269525508096
Harley Rouda,"10/13/2020, 16:46:49","I support protecting Americans with pre-existing conditions and lowering prescription drug costs.

My opponent, @MichelleSteelCA, supports @realDonaldTrump ‚Äî the guy who is actively suing to remove protections for Americans with pre-existing conditions.",https://twitter.com/HarleyRouda/status/1316057818730881024
Gina Ortiz Jones,"10/06/2020, 22:16:42","It's not just patients with pre-existing conditions who could lose their health care if politicians like @TonyGonzales4TX got their way and eliminated the ACA. It's small business owners like Brandy and her husband, too. 

I'm proud to be in this fight for working people. #TX23 https://t.co/SboQJbRyBw",https://twitter.com/GinaOrtizJones/status/1313604118250950656
Jon Hoadley,"10/29/2020, 20:14:53","If folks in #MI06 don't vote, we can't win.

We can't slow down our momentum at all yet - let's finish strong.

Sign up to help us get out the vote this weekend:

https://t.co/ypBU49SXBX",https://twitter.com/JonHoadley/status/1321908384128552962
Gina Ortiz Jones,"10/09/2020, 17:38:00","You too, Wendy! 

Today marks 25 days until the election, but just 4 days until the start of early voting here in Texas! 

We're going to win this by making sure all of our friends and family have a plan to vote: https://t.co/PTJr9ixsJR https://t.co/wi6rsfaVQm",https://twitter.com/GinaOrtizJones/status/1314621146474721281
Joyce Elliott,"10/31/2020, 16:41:38","Great to talk with voters in Searcy this morning!

For more voting information, visit https://t.co/QPCnY6aSX4 or call the Voter Protection Hotline if you experience any issues: (501) 299-5589 https://t.co/HC57uqGPxf",https://twitter.com/xjelliott/status/1322579493236690946
Carolyn Long,"11/01/2020, 22:18:49","Last week, I hosted 3 town halls, wrapping up my tour of the district, hitting every corner of SW Washington. If elected, I‚Äôll make sure town hall meetings are never off the table. After all, the person in Congress represents SW Washington &amp; that means meeting with SW Washington. https://t.co/AP04jPQdOx",https://twitter.com/ElectLong/status/1323026738624954368
Sri Preston Kulkarni,"10/20/2020, 02:56:23","Greeting voters today at the Smart Financial Centre was so energizing -- we're seeing enthusiasm like never before. Plus, I got to do it with my #1 supporter: my mom!

Get your mom and the rest of your family and head to the polls. Early voting runs through October 30th! https://t.co/FcWd8bVLSg",https://twitter.com/SriPKulkarni/status/1318385545597235200
TJ Cox,"11/02/2020, 20:03:00","Let‚Äôs put an end to this virus once and for all. Your vote is your voice. 

Drop your ballot off in an official dropbox anytime or visit a polling location tomorrow for safe and easy voting!

#CA21 #RallyForTheValley #TeamTJ https://t.co/ueUXLK3qBV",https://twitter.com/TJCoxCongress/status/1323354945098317826
Kendra Horn,"10/13/2020, 22:23:38","Health insurance access is worth fighting for. Protections for people with pre-existing conditions are worth fighting for. The hundreds of thousands of Oklahomans who rely on the Affordable Care Act are worth fighting for. Let‚Äôs improve our health care system, not throw it away.",https://twitter.com/HornForCongress/status/1316142579633750016
Jon Hoadley,"10/18/2020, 13:27:01","Do you have plans today? Now you do!

Sign up to join the team for some phone calls today for our Weekend of Action! #MI06 #DemCastMI

https://t.co/5wFkdJsq3n",https://twitter.com/JonHoadley/status/1317819473731178498
Candace Valenzuela,"10/31/2020, 19:00:31","Join Team Candace with Rep. @AyannaPressley to get out the vote before Election Day!
Sign up below:
https://t.co/KsDlfJkERr",https://twitter.com/candacefor24/status/1322614446636830720
Amy Kennedy,"10/25/2020, 17:16:25","Yesterday we had a great time kicking off a canvass with volunteers &amp; @NJEA members. And we're back again today at Tony Canale Park at 2:30PM in Egg Harbor Township.

Sign up here ‚¨áÔ∏è https://t.co/KaN4U5PZhg https://t.co/fpqV4eiv4a",https://twitter.com/AmyKennedy715/status/1320413920050532353
Jackie Gordon,"11/02/2020, 21:56:17",Thank you @Grace4NY and @SenGillibrand! We're going to make a great team! üí™üèæ https://t.co/goA6DjOxNt,https://twitter.com/VoteJackie4NY/status/1323383452536872966
Amy Kennedy,"10/22/2020, 20:55:21","üö®Salem County Residentsüö® If you haven't voted yet or just want to support our campaign, come #VoteWithAmy today at 5:30pm at the Pennsville Municipal  Building.

You must fill out your ballot and sign and seal the envelopes before you arrive!
https://t.co/moMvHeAW7X",https://twitter.com/AmyKennedy715/status/1319381852420001793
Cameron Webb,"10/16/2020, 14:57:37","Hey there! Yes, I read Maria's story in NPR last August &amp; even discussed it w/my students @ UVA. I'm absolutely committed to comprehensive &amp; humane immigration reform &amp; Maria's story highlights so many of the problems w/our system. Would love to meet her! DM me, let's set it up! https://t.co/ESPyWDVwME",https://twitter.com/DrCameronWebb/status/1317117501424140289
TJ Cox,"10/11/2020, 18:52:01",Join us today @ 3:00 PM! Looking forward to seeing you there &amp; getting out the vote üó≥ https://t.co/Cwt4QCQ5GP,https://twitter.com/TJCoxCongress/status/1315364548145115136
Jon Hoadley,"10/26/2020, 23:52:40","I have a perfect record when it comes to protecting our drinking water and Great Lakes. In Congress, I'll continue to fight for strong environmental policy that holds corporate polluters accountable and creates good-paying jobs here in #MI06. https://t.co/ANUuuEfxrq",https://twitter.com/JonHoadley/status/1320876029955682305
Eugene DePasquale,"11/01/2020, 17:32:29","#PA10 if you're voting on election day, make a plan and find your polling place here: https://t.co/o8RgZ1TZa9",https://twitter.com/DePasqualePA/status/1322954678309654529
Jill Schupp,"10/06/2020, 23:20:04","It is infuriating to hear that negotiations on an additional relief bill will be stalled until after the election. By halting negotiations, Congress is abdicating its responsibility to the American people. There are thousands of Missourians who have been desperately waiting (1/3)",https://twitter.com/JillSchupp/status/1313620068002156544
Sri Preston Kulkarni,"10/07/2020, 19:47:59","""Mr. Trump did not have to worry about the costs of his care, which are covered by the federal government. Most Americans, including many who carry health coverage, do worry about receiving medical care they cannot afford.""

 https://t.co/Dj6puq8UBE",https://twitter.com/SriPKulkarni/status/1313929080291684352
Christina Finello,"10/09/2020, 15:27:01",@JeffLabrecque @actblue @JoeBiden @harrisonjaime @GreenfieldIowa Thank you for your support!,https://twitter.com/FinelloForPA/status/1314588184605581312
Kendra Horn,"11/02/2020, 20:01:52","üí™ Team Horn getting in our arm workout for the day! Today we visited the Wildewood Baptist Church, where fallen limbs from the ice storm were blocking access to the polling location. Doing our part to make sure ALL Oklahomans can exercise their right to vote! https://t.co/NeKcPe4D1T",https://twitter.com/HornForCongress/status/1323354662498611201
Diane Mitsch Bush,"10/06/2020, 22:21:46","Read more about Boebert‚Äôs disregard for public safety ‚¨áÔ∏è
https://t.co/bECGC2Gb2a",https://twitter.com/RepDMB/status/1313605395919798272
Candace Valenzuela,"10/09/2020, 18:00:33",La fecha l√≠mite para solicitar su boleta por correo est√° casi cerca. P√≠dala Ya! Tu voto es importante: https://t.co/h9Ev6ujLpS https://t.co/KUDElxm57W,https://twitter.com/candacefor24/status/1314626820323577856
Betsy Dirksen Londrigan,"10/24/2020, 00:14:10",It is an absolute tragedy that so many Americans have been lost to COVID-19. We need to take this crisis seriously to protect our health and our economy. #WICSdebate,https://twitter.com/BetsyforIL/status/1319794273441767424
Christina Finello,"10/06/2020, 23:14:00",You bet we did üòâ https://t.co/sd1dgfm80Z,https://twitter.com/FinelloForPA/status/1313618539102662656
Harley Rouda,"10/16/2020, 15:25:33","I'm honored to have the support of @MiaLivasPorter &amp; @shannonrwatts of @Momsdemand. 

I'm in a close race against an @NRA endorsed candidate, and I need your help. Can you join us tomorrow at 12:00 pm PT to make calls?https://t.co/2G2jTIv89D https://t.co/p4KnxLm9V8",https://twitter.com/HarleyRouda/status/1317124529915789313
Ben McAdams,"10/15/2020, 15:47:56",Thank you @teamjonia2020 for endorsing me in the 4th District race. I will continue to be an independent voice for Utahns and work to find bipartisan solutions on issues important to Utah families. @UnitedUtahParty #utpol https://t.co/2MpRDb3QBB,https://twitter.com/BenMcAdams/status/1316767775965147136
Christina Finello,"10/15/2020, 20:06:00",I was almost denied healthcare b/c my pregnancy was considered a preexisting condition. People shouldn't be denied healthcare when they need it most. I'll fight to maintain protections for those w/ preexisting conditions just as I needed someone to do for me. #30ReasonsForFinello https://t.co/hrhymrxfqm,https://twitter.com/FinelloForPA/status/1316832718219427840
Hillary Scholten,"10/15/2020, 14:52:00","Don‚Äôt miss our GOTV rally with @SenStabenow today at @KentDems! We need all hands on deck to win November.

https://t.co/tKJHWNXoyJ https://t.co/tqpNhlCmVt",https://twitter.com/HillaryScholten/status/1316753697532194818
Jon Hoadley,"10/30/2020, 00:27:47","The fight for healthcare is personal for me, just like it is for so many other folks in #MI06. In Congress, I‚Äôll fight to make sure we expand quality healthcare just as I have in the Michigan State Legislature. #DemCastMI

Chip in to help us win today: https://t.co/SRgQZH8MYt https://t.co/66kPKYlRIF",https://twitter.com/JonHoadley/status/1321972031232114688
Max Rose,"10/14/2020, 22:50:53",#NY11debate prep with Miles! Remember to tune into @NY1 or https://t.co/O49tdZvF0x TONIGHT at 7PM. #NY11 https://t.co/41oGPGHkAL,https://twitter.com/MaxRose4NY/status/1316511824989298694
Max Rose,"10/10/2020, 16:58:07","Failing to provide federal COVID relief will have very real, devastating consequences for Staten Islanders and South Brooklynites. Our neighbors are already struggling to make ends meet, and our small businesses will only continue closing.",https://twitter.com/MaxRose4NY/status/1314973499040108544
"Malinowski, Tom","10/24/2020, 17:37:36","If you are a NJ-07 resident and are struggling to resolve an issue with a federal agency, our office may be able to help. Visit https://t.co/lZQNs1jmz9 for more information. https://t.co/C1RNjeUDbZ",https://twitter.com/RepMalinowski/status/1320056864902701056
"Spanberger, Abigail","10/13/2020, 18:59:31","Every day, the need for relief in #VA07 becomes more urgent. Restaurant owners need a bipartisan bill that can actually become law ‚Äì that's why I cosponsored the RESTAURANTS Act, which would provide $120 billion in grants to revitalize the industry.
https://t.co/Xqm4H7CdIq",https://twitter.com/RepSpanberger/status/1316091213603385344
Christina Hale,"10/30/2020, 14:28:47","You can #VoteEarly at Lucas Oil Stadium this weekend! 

Open 10AM - 5PM, Saturday and Sunday. https://t.co/mbt30VhvEg",https://twitter.com/HaleIndy/status/1322183675606298624
Dana Balter,"10/11/2020, 17:14:38","Happy #NationalComingOutDay! Whether you've been comfortably out for years or aren't yet ready, your choice is yours and it is valid.

To everyone in the LGBTQ+ community: We love you. We're with you, always. And we're going to keep fighting to protect and expand your rights üè≥Ô∏è‚Äçüåà",https://twitter.com/dana_balter/status/1315340041019969538
"Luria, Elaine","10/12/2020, 18:02:41","Our aquaculture industry is continuing to suffer severe financial hardships. That is why I advocated for USDA's inclusion of much-needed assistance for the Eastern Shore‚Äôs hardworking watermen through its Coronavirus Food Assistance Program.
https://t.co/wg1w8OY163",https://twitter.com/RepElaineLuria/status/1315714522703949825
Candace Valenzuela,"10/29/2020, 15:01:24","You can vote early NOW through October 30. Stay safe when voting by following these tips:
üò∑ Wear a mask
üëè Use hand sanitizer
üóìÔ∏è Vote early
You can check your closest voting location at https://t.co/X950RQvg7Y https://t.co/FrJvozanSa",https://twitter.com/candacefor24/status/1321829492285988871
Christina Finello,"10/24/2020, 14:32:38",Let's do this! https://t.co/8eL2OQpKVB,https://twitter.com/FinelloForPA/status/1320010315619323904
"DeFazio, Peter","10/21/2020, 21:32:10","While working families are struggling to get by, U.S. billionaires‚Äô net worths have increased by nearly $1 trillion. We need the Senate GOP to get serious about #COVID relief NOW.

I‚Äôll always fight for working families and a more level playing field for ordinary Americans. https://t.co/jcg1MW24rR",https://twitter.com/RepPeterDeFazio/status/1319028731906805762
Max Rose,"10/09/2020, 21:20:50","Incomprehensible, reprehensible, and beyond insulting. This Administration wants to bankrupt our city and is willing to do it on the backs of 9/11 first responders.

@NMalliotakis think you could stand up to your party for once?
https://t.co/CGPh8P3GJU",https://twitter.com/MaxRose4NY/status/1314677226156240897
Hiral Tipirneni,"10/27/2020, 23:42:20","üì¨TODAYüì¨ is the LAST DAY to mail back your mail-in ballot!

After today, you have until 7pm on Election Day to drop it off at any polling location in Maricopa County: https://t.co/T2GO7Jemc1 https://t.co/EJEkGOmXlu",https://twitter.com/hiral4congress/status/1321235814756478978
Hiral Tipirneni,"10/12/2020, 23:26:48","In the latest episode of @Importantnotimp, I spoke w/Quinn &amp; Brian about protecting the #ACA, the danger of politicizing science, &amp; the benefits of having women physicians in Congress!üë©üèΩ‚Äç‚öïÔ∏èü©∫#AZ06

Thanks, guys, for an engaging conversation! Give it a listen: https://t.co/36c7xh6IxE https://t.co/oavzh7m3iP",https://twitter.com/hiral4congress/status/1315796087899222017
Hiral Tipirneni,"10/24/2020, 21:26:54","""All 435 members of the House rarely agree on anything. But guess what, they all agreed to condemn @RepDavid for his ethics violations and dishonesty."" https://t.co/uMhcjZavwk",https://twitter.com/hiral4congress/status/1320114568408961024
Christina Hale,"10/31/2020, 16:58:56","It‚Äôs #GOTV weekend! And you still have time to #VoteEarly !  

Find your polling place here: https://t.co/B0ocgFXj4c

Then join our team and help us get out the vote in #IN05: https://t.co/zg2BtMLG75",https://twitter.com/HaleIndy/status/1322583848991879169
"Axne, Cynthia","10/16/2020, 17:52:44","Millions of Americans who qualify for a stimulus check through the CARES Act still have not received one because they do not regularly file taxes.

I joined @RepCohen and other colleagues to urge @IRSnews to improve their efforts to let those folks know they qualify. #IA03 https://t.co/1HYUxHcp3w",https://twitter.com/RepCindyAxne/status/1317161568254263296
Sri Preston Kulkarni,"10/22/2020, 15:43:58","I‚Äôm grateful for @LinaHidalgoTX's support and even more grateful for what she‚Äôs done for this community. 

We need more leaders like Judge Hidalgo, who will listen to the experts and believe in science. #TX22 https://t.co/a0mRTxt9QL",https://twitter.com/SriPKulkarni/status/1319303491454730241
Christina Finello,"10/09/2020, 18:54:27","Thank you @bcdwli for your endorsement! I'm ready to become the first Congresswoman of #PA01. With your help, we'll do this together. https://t.co/cGNAatapvu",https://twitter.com/FinelloForPA/status/1314640385327738885
Christina Finello,"10/13/2020, 14:46:20",I'll be the first Congresswoman ever elected to represent #PA01. Help us create history: https://t.co/UXHgoYKGkJ,https://twitter.com/FinelloForPA/status/1316027494726873088
Carolyn Long,"10/09/2020, 22:47:51",.@JaimeForUSRep's ‚Äúdefining moment‚Äù was voting for a tax bill that gave massive tax breaks to billionaires and corporations. Her vote created a $2T debt that will put Social Security &amp; Medicare at risk. Is the tax plan really benefiting small businesses &amp; working families? https://t.co/AdL1j14m9T,https://twitter.com/ElectLong/status/1314699122499153923
Max Rose,"10/18/2020, 13:51:31","From the day I was sworn into Congress, I‚Äôve fought like hell to deliver results for the people of Staten Island and South Brooklyn. I‚Äôm proud of what we‚Äôve accomplished so far, but we‚Äôre just getting started.

Honored to be endorsed by @NYDailyNews #NY11 https://t.co/7AEqgXGs82",https://twitter.com/MaxRose4NY/status/1317825642654826497
Patricia Timmons-Goodson,"10/11/2020, 17:48:35",There is power in our vote! Join me and @JoshStein_ tomorrow for a conversation as in-person early voting gets started this Thursday in NC! https://t.co/qyrChi8RNk,https://twitter.com/TimmonsGoodson/status/1315348586989867008
TJ Cox,"10/11/2020, 23:37:47","In Congress, I: 
- Stood up against cruel immigration policies that separate families
- Helped pass a bill w/Republicans and Democrats providing a pathway to permanent legal status for DACA recipients and TPS recipients",https://twitter.com/TJCoxCongress/status/1315436464616796160
Dana Balter,"10/21/2020, 22:11:22","We're building a grassroots movement to make sure every person in #NY24 has a fair shot at success, and this Saturday, we're taking our movement to the polls.

Visit https://t.co/8Bu3HwTGmz today to find your early voting site and make a plan to vote for the future we deserve. https://t.co/rjqCfGpAyW",https://twitter.com/dana_balter/status/1319038594212892673
Sri Preston Kulkarni,"10/08/2020, 17:31:35","Tuesday's rally was the best birthday present I could've asked for. I'm so grateful to have this community, and so happy I was able to reunite with them safely.

We're in the final stretch, friends. Every call, every vote, every day counts. 

Join us at https://t.co/mEqIlWXUr5. https://t.co/EeyVWnBM42",https://twitter.com/SriPKulkarni/status/1314257144108253186
Diane Mitsch Bush,"10/21/2020, 02:40:02","I will protect the Affordable Care Act and its protections for more than 300k people in #CO03 with a pre-existing condition. 

My opponent is on the record supporting repeal of the ACA.

In the middle of a pandemic. 

Vote.",https://twitter.com/RepDMB/status/1318743820717248512
Kendra Horn,"10/20/2020, 17:21:20","Reminder: 

A standard ballot (https://t.co/aWK8WubE6p) can be notarized. An incapacitated ballot (https://t.co/zrE2B9X7L4) can have 2 witness signatures. Or you can attach a photocopy of your ID to either",https://twitter.com/HornForCongress/status/1318603220932022275
Hiral Tipirneni,"10/16/2020, 21:54:26","üéâüö®BIG NEWSüö®üéâ

@InsideElections just shifted #AZ06 to a toss-up ranking!

We‚Äôve got 18 days - let‚Äôs win this! 

Can you chip in to help us flip the 6th? https://t.co/SBqAoiPzf5 https://t.co/3dFEugufvd",https://twitter.com/hiral4congress/status/1317222396424646657
"DeFazio, Peter","10/08/2020, 22:15:26","I'm so proud to have received a 100% rating on the Clean Water Scorecard from @cleanh2oaction. I will never stop fighting to reduce pollution, ensure clean drinking water, improve fish habitat, and protect Oregon‚Äôs iconic beauty. https://t.co/VyB7pcO4md",https://twitter.com/RepPeterDeFazio/status/1314328575949123584
"Malliotakis, Nicole","10/07/2020, 00:08:52","What a joke. Max has been sitting on his couch since Saturday, Pelosi refuses to negotiate in good faith &amp; when House Republicans put forth proposal to at least get the already allocated PPP funds to already approved small businesses including those in his district, Max voted NO. https://t.co/IpyxB8vgG0",https://twitter.com/NMalliotakis/status/1313632348840357895
Hiral Tipirneni,"11/01/2020, 00:21:10","Drs have been on the frontlines since day one, fighting COVID w/o adequate PPE. They want nothing more than to contain this virus.

Ascribing financial motive to docs who put themselves at risk to heal the sick is reprehensible.

Listen to experts, trust data, &amp; honor our heroes.",https://twitter.com/hiral4congress/status/1322695141526654976
Kendra Horn,"11/01/2020, 17:16:21","Life is hard right now, and so many Oklahomans are anxious about their future. That‚Äôs why I‚Äôm committed to protecting health care access for those with pre-existing conditions and investing in our public schools so our kids can thrive. We will get through this ‚Äì together. https://t.co/4tSevXL1b4",https://twitter.com/HornForCongress/status/1322950617615212544
Kendra Horn,"10/09/2020, 00:10:41","We‚Äôre still in a crisis, and Oklahomans need help. That‚Äôs why I‚Äôm working with 25 republicans and 25 democrats to find a bipartisan path forward to the next stimulus package and deliver relief to our communities in need. #OK05Debate",https://twitter.com/HornForCongress/status/1314357578705645571
TJ Cox,"10/13/2020, 23:42:02","- I made sure a broad set of Valley crops (like grapes, raisins and pima cotton) were eligible for relief funds like the Coronavirus Farm Assistance Program. 
- I voted to make the Social Security Administration more responsive to the Americans it serves.
(2/2)",https://twitter.com/TJCoxCongress/status/1316162310549827584
Christina Hale,"10/29/2020, 18:32:08","I voted early today and I encourage every Hoosier to do the same! So grateful to all the volunteers and poll workers out there working hard this week!

Make a plan and make your voice heard: https://t.co/B0ocgFXj4c 

#IN05 #VoteEarly https://t.co/N6yDg90j5J",https://twitter.com/HaleIndy/status/1321882526130995201
Christina Finello,"10/26/2020, 14:17:00","Tomorrow is the ‚ÄºÔ∏è LAST ‚ÄºÔ∏è day to request your mail-in ballot!

I urge all of you to make a plan to vote today, drop off your ballots early, and elect Democrats up and down the ballot. For full details &amp; deadlines, go to https://t.co/pJYMdDe3iv.

https://t.co/nPAR3XraoM",https://twitter.com/FinelloForPA/status/1320731156287897600
Harley Rouda,"10/26/2020, 15:59:35","THANK YOU to our brave firefighters and first responders who are fighting, during a pandemic, to keep us safe from dangerous fires. #SantiagoFire @ocfirefighters @OCFA_PIO",https://twitter.com/HarleyRouda/status/1320756973579563008
Carolyn Long,"11/01/2020, 03:56:23",Trick or Treat! Thank you to 54¬∞40‚Ä≤ Brewing for a safe and fun Halloween! üéÉ https://t.co/Ekc3DYgJWb,https://twitter.com/ElectLong/status/1322749301269823488
"Horsford, Steven","10/13/2020, 19:22:00","Happy 245th birthday to the @USNavy!

Thank you for your tireless service to the United States. Your example of courage, honor, and leadership makes the people of our country better. #Navy245 https://t.co/Z43w6swF8A",https://twitter.com/RepHorsford/status/1316096869508894720
Jon Hoadley,"10/14/2020, 22:54:48","On voting for human rights, equal rights, and gender rights: ""[I'm also] paying attention to several other races... Jon Hoadley in Michigan"" - @LauraDern 

Laura Dern is in. Are you?

Join us: https://t.co/pXW1tc0a49

#MI06 #DemCastMI

https://t.co/zBLCaAvr6T",https://twitter.com/JonHoadley/status/1316512811770617858
Dana Balter,"10/25/2020, 23:48:31","Our communities need economic relief now, which is why I‚Äôll support legislation like the HEROES Act to provide nearly $1 billion to our local govts in #NY24. 

John Katko voted TWICE against the HEROES Act, blocking funding that central &amp; western NY desperately need. #NY24Debate",https://twitter.com/dana_balter/status/1320512594407546881
Cameron Webb,"10/21/2020, 21:22:36",@Leighwebb_MD https://t.co/pFoSbjztuS,https://twitter.com/DrCameronWebb/status/1319026323717820417
Dana Balter,"10/29/2020, 20:08:46","I'm honored to have the support of lifelong central New Yorkers like Meg.

In Congress, I'll always put our communities first. #WhyISupportDana #NY24 https://t.co/XJ8qcahVdZ",https://twitter.com/dana_balter/status/1321906846135889920
Max Rose,"10/13/2020, 23:28:14",@dianesavino @Patterson_B üòÇ,https://twitter.com/MaxRose4NY/status/1316158837955723264
Ben McAdams,"10/05/2020, 03:28:12","@iamangiewhite @RFHKerry I took this one from my sister‚Äôs yard because I didn‚Äôt have any more. My campaign is handing them out. Check back here for more info on when you can pick them up, or message me and I‚Äôll connect you with my staff.",https://twitter.com/BenMcAdams/status/1312957735802073089
Candace Valenzuela,"10/19/2020, 13:02:08",As√≠ lograremos que los habitantes del Norte de Texas vuelvan a trabajar de manera r√°pida y segura. https://t.co/kYirR7C1of,https://twitter.com/candacefor24/status/1318175602604711936
Jon Hoadley,"10/19/2020, 23:13:41","Thank you for your support, @PeteButtigieg!

As he said today here in Kalamazoo, it's so important that we flip this seat. #MI06 #DemCast #DemCastMI

Chip in $6 or whatever you can to help us win: https://t.co/SRgQZH8MYt https://t.co/b1NK3P6x4G",https://twitter.com/JonHoadley/status/1318329504507531269
Harley Rouda,"10/31/2020, 20:08:11","Listen to Audrey &amp; sign up to make calls TODAY üëá

https://t.co/HAG6ZMzT0c https://t.co/Z9DpS3u1ko",https://twitter.com/HarleyRouda/status/1322631474454016000
Amy Kennedy,"10/09/2020, 00:20:50",".@VanDrewforNJ pledged his undying support to Trump. Always. South Jersey deserves a leader that serves the people not themselves. Amy will fight tirelessly for the people of South Jersey. Join our fight!  - #TeamAmyKennedy 

https://t.co/WrYSvwNNlq",https://twitter.com/AmyKennedy715/status/1314360133477113856
Jill Schupp,"10/12/2020, 02:38:23","Wagner's real record on health care? 

‚ùåVoted to gut protections for pre-existing conditions 5 times. 

‚ùåVoted against lowering the cost of Rx drugs. 

‚ùå Wants to repeal the ACA, even in a pandemic. 

‚ùåTakes millions from big Pharma &amp; the insurance industry &amp; votes their way.",https://twitter.com/JillSchupp/status/1315481914657198085
Gina Ortiz Jones,"10/11/2020, 19:43:44","Happy #NationalComingOutDay!

Coming out is still difficult for too many in our country, as they fear discrimination, ridicule, and yes, violence, just for living their truth.

Early voting in Texas starts this Tuesday ‚Äî equality is on the ballot. https://t.co/D4G8kRhPGR",https://twitter.com/GinaOrtizJones/status/1315377564345675776
"Luria, Elaine","10/08/2020, 14:29:08","Reliable internet is a critical piece of infrastructure that people use to work and students use to learn. I am pleased the Governor has allocated CARES Act funding to improve broadband access for underserved communities. 

https://t.co/XwxNyuImeG",https://twitter.com/RepElaineLuria/status/1314211227942285319
Jon Hoadley,"10/20/2020, 14:26:14","I'm running for #MI06 because I have a partner who lives with a chronic disease, and our current Representative has voted to take his care away &amp; keep his prescription drug prices high time and time again.

We need leaders who understand the challenges our families face each day.",https://twitter.com/JonHoadley/status/1318559155016400901
Max Rose,"10/30/2020, 22:17:25","Narrowing down my Halloween costume ideas, let me know what you think! Poll below üëá https://t.co/2vmfG1dnvW",https://twitter.com/MaxRose4NY/status/1322301611138600961
Jon Hoadley,"10/03/2020, 18:45:15","Join @EastElect and me tomorrow for a Cultural &amp; Environmental Preservation Townhall on Facebook Live!

RSVP to join us for this totally free event ‚¨áÔ∏è

https://t.co/Xw9OooqADL",https://twitter.com/JonHoadley/status/1312463743284961281
Hiral Tipirneni,"10/25/2020, 01:04:07","Thank you so much to @kdurquiza for joining us today!

Your ability to turn your pain into purpose is an inspiration to us all, and I am so honored to have your support.‚ú®üí™üèΩ https://t.co/8YRFhgWKkU",https://twitter.com/hiral4congress/status/1320169234924617729
Joyce Elliott,"10/19/2020, 15:30:00","We need a Voter ID to vote in Arkansas‚Äîsee below for acceptable forms of Voter ID.

As always, find more information at https://t.co/AAlH4bwOlW https://t.co/WaafaAXWMr",https://twitter.com/xjelliott/status/1318212811978399744
"Fletcher, Lizzie","10/22/2020, 16:33:00","This year's Economic Impact Payments authorized in the CARES Act were a welcome relief, but for many‚Äîincluding here in #TX07‚Äîthose checks still haven't come in.

The IRS admitted system failures and it is past time for them to be addressed. My colleagues and I called for answers. https://t.co/A8LrGFHRZc",https://twitter.com/RepFletcher/status/1319315829385814023
Sri Preston Kulkarni,"10/18/2020, 16:59:44","Love to see the enthusiasm for early voting from our volunteer, Fahad! No better combo than some Texas spirit and a voting sticker.

Early voting runs through October 30th. Go to https://t.co/a02Abu0yqe to make your voting plan! #TX22 https://t.co/GBxhXATfkC",https://twitter.com/SriPKulkarni/status/1317873006706831361
Dana Balter,"10/24/2020, 14:17:42","Happy first day of Early Voting, New York!! 

If you're in #NY24, here's how to vote early in person -

Cayuga County: https://t.co/jnW9G4cVH8

Onondaga County: https://t.co/HPuXV8Tbed

Oswego County: https://t.co/6tqtc5mL2T

Wayne County: https://t.co/XJKMhPIJ2g",https://twitter.com/dana_balter/status/1320006559490080770
"Malliotakis, Nicole","10/11/2020, 17:48:35",Also remember that he was the only elected official in our community to march with the Defund The Police Crowd. https://t.co/UuUy8NMspu,https://twitter.com/NMalliotakis/status/1315348585341431809
Christina Finello,"10/25/2020, 17:03:57","Yesterday, I voted by dropping off my mail-in ballot.

I'm running for Congress because we need Representatives who understand the struggles we're going through, who will put working families first, and always protect our healthcare. I'm running to be a voice for my community. https://t.co/tUIgmQyVLy",https://twitter.com/FinelloForPA/status/1320410781712789504
Betsy Dirksen Londrigan,"10/22/2020, 23:40:54","Donald Trump and his Campaign Co-Chair @RodneyDavis are determined to gut health care protections for the millions of Americans who have pre-existing conditions. 

It's time for leaders who will protect our health care. Let's raise our voices and vote them out. https://t.co/BzaS1fzTiD",https://twitter.com/BetsyforIL/status/1319423517641887745
"Horsford, Steven","10/03/2020, 22:44:16","BREAKING: A federal judge cited an ‚Äúegregious‚Äù violation by Trump officials and ruled that counting for the 2020 census must continue through Oct. 31. #Census2020 

Make sure you‚Äôre counted here: https://t.co/PKFFjCkvGr

https://t.co/ITrrPc4BTf",https://twitter.com/RepHorsford/status/1312523893131767809
"Luria, Elaine","10/09/2020, 19:47:06","Last March I voted for the CARES Act to strengthen our public health and economic responses to the COVID-19 pandemic. I am glad to see the Governor is allocating funding provided by this bill toward the Rent and Mortgage Relief Program.

https://t.co/2yXFq2z4Tr",https://twitter.com/RepElaineLuria/status/1314653635880468480
"Malliotakis, Nicole","10/15/2020, 23:01:16",This attempted assault on a #BayRidge senior is despicable. Thankfully a neighbor scared the attacker away. This incident is just another example of the lawlessness that NYC faces when our jails are emptied and criminals walk free due to bail reform. https://t.co/wk7bIW8WSo,https://twitter.com/NMalliotakis/status/1316876826439000064
Eugene DePasquale,"10/15/2020, 00:50:16","Americans are still suffering from the economic fallout of COVID-19 and both parties in Washington are playing games. Working families need relief, not politics. In Congress, delivering results for #PA10 will be my only priority. https://t.co/ty50Y6mXAu",https://twitter.com/DePasqualePA/status/1316541870168825856
Jon Hoadley,"10/03/2020, 15:33:24","ICYMI: I was interviewed on @TYT's The Conversation! Watch our full conversation on healthcare, veterans, education and more here ‚¨áÔ∏è

https://t.co/8rvpMKx3Aq",https://twitter.com/JonHoadley/status/1312415461691338753
Hiral Tipirneni,"10/12/2020, 17:41:40","Happy Indigenous Peoples‚Äô Day!

Today, we honor and celebrate the history, culture, contributions, &amp; voices of our Native and Indigenous people across Arizona. 

Our nation‚Äôs diversity is stitched throughout the cloth you wove.",https://twitter.com/hiral4congress/status/1315709231065034755
Jill Schupp,"10/26/2020, 19:06:11","üîäüîä Sound On üîäüîä

#MO02 are you ready to Schupp? 

In 8 days, we're flipping this seat from Red to Blue. Join us:
https://t.co/SE2CgBCsRq https://t.co/vTATvWq3J0",https://twitter.com/JillSchupp/status/1320803933539962884
Dana Balter,"10/25/2020, 23:11:32","I've been clear about this all along: 

I stand with @JoeBiden on a plan to cut your taxes if you make less than $400,000/year. The only people whose taxes we are planning to raise are the wealthy &amp; corporations, to make sure that they finally pay their fair share. #NY24Debate",https://twitter.com/dana_balter/status/1320503290564644866
Ben McAdams,"10/27/2020, 17:46:36","Proud to be endorsed for re-election by former Presidential candidate and Utahn @EvanMcMullin. Regardless of party, we agree far more than we disagree on issues that matter to hard-working Utah families. #utpol https://t.co/YMAYHVxcSx",https://twitter.com/BenMcAdams/status/1321146292895059970
"Fletcher, Lizzie","10/14/2020, 14:08:50","I commissioned a report on why a complete Census count is essential for #TX07. It found per year, for each uncounted person we could miss out on:

üöë Health care funding- $1,161
üöç Education funding- $1,549
üöô Funding for job training- $237

Don't wait: https://t.co/QzPXJg57so https://t.co/ElRhQqT7CX",https://twitter.com/RepFletcher/status/1316380448231227398
Carolyn Long,"10/07/2020, 17:15:32","Small businesses are the backbone of our community and our economy. SW Washington can't wait until after November for relief. I created my #PandemicRecovery plan for small businesses like Fiesta Bonita, who need our support now.üì∏: 2/8/20
 https://t.co/uaIJOHtTMF https://t.co/CxEkXgZUtA",https://twitter.com/ElectLong/status/1313890718977466371
Harley Rouda,"10/22/2020, 21:19:22","Thank you, @PiperPerabo, for your support! I'll keep fighting to protect our health care and defend the rights of ALL Americans. 

My team needs YOUR help ‚Äî click here to volunteer virtually: https://t.co/HAG6ZMzT0c https://t.co/T1vjkLRCJE",https://twitter.com/HarleyRouda/status/1319387896462274560
TJ Cox,"10/15/2020, 20:07:00","Given Trump and his team's racist behavior ON camera, it's no surprise the demented bigotry continues when they think no one's watching.  https://t.co/S9aksMtqD9",https://twitter.com/TJCoxCongress/status/1316832969928048640
Dana Balter,"10/20/2020, 23:40:27","Systemic racism permeates every aspect of our society, and our government must do the hard work necessary to root it out.

From the criminal legal system to housing to healthcare to education and so much more, we need policies that center racial justice. #NY24Debate",https://twitter.com/dana_balter/status/1318698628224004105
Patricia Timmons-Goodson,"10/07/2020, 00:22:04","This is why we phone bank! It is so important to make a voting plan, so your voice is heard on Nov. 3rd. 

Will you join Jennifer to reach more voters? https://t.co/U7zxQKzg89 https://t.co/Fw9Ql4HnQp",https://twitter.com/TimmonsGoodson/status/1313635669433090050
Christina Finello,"10/29/2020, 13:45:50","#TBT When @JoeBiden rallied in Bucks County.  The path to victory runs through Bucks County, and this year, the stakes have never been higher.

Drop off your ballot if you haven't mailed it yet because we're going to flip the White House AND flip #PA01. 

https://t.co/g06PeOUzAr https://t.co/Szfl4ejgG5",https://twitter.com/FinelloForPA/status/1321810475919749120
Jackie Gordon,"10/08/2020, 14:30:49",Proud to be part of a record number of Black women congressional candidates running for office this year. Together we will change the face of Washington! https://t.co/32dZOhZ1vM,https://twitter.com/VoteJackie4NY/status/1314211652506533894
Eugene DePasquale,"10/20/2020, 19:45:22",Officially not an undecided voter anymore :) #Election2020 #VoteEarly https://t.co/fli8kTp7wy,https://twitter.com/DePasqualePA/status/1318639466425339913
Max Rose,"10/14/2020, 23:34:51",.@NMalliotakis may have been the only person who looked at Trump‚Äôs debate performance and thought ‚Äúlet me try that.‚Äù #NY11debate #CutTheMic https://t.co/eyQuqNWjHD,https://twitter.com/MaxRose4NY/status/1316522891438182400
Gina Ortiz Jones,"10/11/2020, 14:39:53","Like Cynthia, health care is personal to me. I remember what it's like to worry about whether the care that saved my mother's life might also bankrupt our family. 

We have to lower costs and expand access to care. That starts by electing new leaders to Congress this fall. #TX23 https://t.co/HPijD1J5TG",https://twitter.com/GinaOrtizJones/status/1315301097142202370
TJ Cox,"11/01/2020, 23:06:00","As a champion of the Equality Act, I'm proud to stand with @StonewallDems. https://t.co/sy2pYwYOnH",https://twitter.com/TJCoxCongress/status/1323038610526892032
Candace Valenzuela,"10/25/2020, 17:00:13","Wearing a mask and social distancing are still the best way to stop the spread of the virus. In Congress, my top priority will be to work with experts so North Texans can get back to work and school safely: https://t.co/MSXSX25bC4",https://twitter.com/candacefor24/status/1320409845078593537
Jon Hoadley,"10/19/2020, 13:19:33","At the end of the day, it's simple: if folks don't vote, we don't win. #MI06 #DemCastMI

Don't wait - #VoteEarly and check in with three friends about their plan to vote.

Make your plan at: https://t.co/168OdUUBFL

Sign up to help us get out the vote: https://t.co/c4rUgfSANW",https://twitter.com/JonHoadley/status/1318179986197696512
Jackie Gordon,"10/08/2020, 16:18:42","Great meeting with @KathyHochul yesterday in Babylon! 

We discussed the importance of providing small businesses the support they need to make it through this pandemic. 

ü§ùTogether we will be the difference we want to see.
 Make sure you get out to #VOTE ! https://t.co/6BesSat3YH",https://twitter.com/VoteJackie4NY/status/1314238800856592386
Joyce Elliott,"10/31/2020, 15:17:18","Remember: early voting is from 10am - 4pm today!

For more voting information, visit https://t.co/QPCnY6aSX4 or call the Voter Protection Hotline if you experience any issues: (501) 299-5589 https://t.co/g5lFnqWOMZ",https://twitter.com/xjelliott/status/1322558270184300546
"Axne, Cynthia","10/14/2020, 20:52:05","A recent survey found only 1/2 of all Americans are planning to get a flu shot this year - even with #COVID19 and flu season overlapping.

Today, I urged our national medical experts to use existing testing sites to offer flu shots. #IA03 

Read more:
https://t.co/yI6JtLH9Nj",https://twitter.com/RepCindyAxne/status/1316481926698545153
Carolyn Long,"10/22/2020, 18:02:36",National Republicans are pouring $ into this race because they know what we know: Carolyn can win! What they can‚Äôt buy is the power of our grassroots support. We need your help contacting #WA03 voters. Can you join us this weekend? #FlipThe3rd https://t.co/WLSMiYhn1K,https://twitter.com/ElectLong/status/1319338378869891074
Sri Preston Kulkarni,"10/25/2020, 20:43:37",I can't wait to flip Texas blue with these incredible candidates up and down the ballot! #TX22 https://t.co/ynpXpEqDV5,https://twitter.com/SriPKulkarni/status/1320466065227436034
TJ Cox,"10/23/2020, 00:25:00","Health comes into all aspects of our lives, so it‚Äôs important that we make sure health is considered in all policies. I introduced the AHEAD Act, which makes sure we consider social determinants of health - like education, occupation, and housing - before drafting legislation. https://t.co/GDAQMq2qLA",https://twitter.com/TJCoxCongress/status/1319434612733476864
Alan Cohn,"10/08/2020, 00:56:49","Thank you @nikifried ! Together we're going to make our state and nation a better, fairer place for everyone and we'll  never will be afraid of calling out those playing politics with peoples lives! https://t.co/WZWN90uYsi",https://twitter.com/AlanMCohn/status/1314006801789091843
Betsy Dirksen Londrigan,"11/02/2020, 01:29:55","Thank you Josh for your support!

‚ÄúI believe that Betsy will work hard to protect our pensions, Medicare, Social Security and I like the fact that she is not afraid to take on corporate interests especially Big Pharma.‚Äù#VoteBetsy https://t.co/BmzlCT2yPZ",https://twitter.com/BetsyforIL/status/1323074831085166592
"Spanberger, Abigail","10/23/2020, 19:50:06","COVID-19 has shown how one event can have a domino effect on everything from food to telecom. I introduced the bipartisan ADVANCE Act to strengthen our ability to predict threats &amp; prevent the fallout, so we're never caught unprepared in a future crisis. https://t.co/xk2OVSnymX",https://twitter.com/RepSpanberger/status/1319727820122316802
Ben McAdams,"10/13/2020, 00:06:13","Raised in a family of 8 on values of faith, family, duty to community. Growing up, my family struggled to make ends meet. Grateful for blessings I have today. #2020debate #utpol",https://twitter.com/BenMcAdams/status/1315806006706761728
"DeFazio, Peter","10/03/2020, 22:55:51",The most pressing issue we are facing is housing: Thousands of Oregonians impacted by the fires need long-term housing while we work to rebuild our communities. I'm pushing @FEMA to provide a wide range of temporary housing &amp; expedite resources for victims as quickly as possible.,https://twitter.com/RepPeterDeFazio/status/1312526810798718977
Betsy Dirksen Londrigan,"10/16/2020, 22:26:17","FACT CHECK: @KMOV held Rep. @RodneyDavis accountable for his fact checked FALSE ad. 

Davis is resorting to lying to try to distract voters from his disastrous health card record, but #IL13 voters won't fall for it. 

https://t.co/3knxR7HHWz",https://twitter.com/BetsyforIL/status/1317230411177693184
Hillary Scholten,"10/29/2020, 15:17:04","‚ÄºÔ∏èFIVE DAYS UNTIL ELECTION DAY‚ÄºÔ∏è 

Drop off your ballot TODAY. 

Find out how at https://t.co/YnjKHv5r8L https://t.co/D9TDYixN6t",https://twitter.com/HillaryScholten/status/1321833437783883776
Diane Mitsch Bush,"10/18/2020, 00:41:36","Students can‚Äôt get their homework done without broadband. 

Teachers can‚Äôt do their jobs without broadband. 

Many patients can't get the health care they need without broadband. 

I'm going to fight like hell to get people in #CO03 access to broadband.",https://twitter.com/RepDMB/status/1317626852073263104
Gina Ortiz Jones,"10/30/2020, 15:35:26","2) Bring your blank ballot to any polling location in your county, turn it in to the poll worker, and then vote in person TODAY or on Election Day.¬†

Find your most convenient polling location here: https://t.co/D4G8kRhPGR",https://twitter.com/GinaOrtizJones/status/1322200445595668481
Sri Preston Kulkarni,"10/21/2020, 02:31:15","Happy birthday to Senator and future Vice President Kamala Harris! I'm a bit biased, but I think October birthdays are extra-special. Funnily enough, we have the same birthday wish! https://t.co/oWGgf5U5Wq",https://twitter.com/SriPKulkarni/status/1318741608880173056
Candace Valenzuela,"10/11/2020, 12:52:28","@MamaOsaTX @NurseWriter34 @MomsDemand Thanks for using those precious moments of naptime to text voters! As another mama, particularly during a pandemic, I know you could find a thousand other uses for those times.",https://twitter.com/candacefor24/status/1315274064852930560
Jon Hoadley,"10/23/2020, 02:01:37",".@UptonForAllOfUs said he voted against a COVID relief bill for American families because it had ""no chance"" of passing.

The reason for that? Refusal to consider the bill from Mitch McConnell and President Trump.

It's hardly bipartisan to support party over relief for families.",https://twitter.com/JonHoadley/status/1319458926245613569
Sri Preston Kulkarni,"11/02/2020, 00:17:07","Protecting our elections is not a red or blue issue. This is about making sure everyone has a voice in our democracy.

#TX22 https://t.co/hiWUVDcrnr",https://twitter.com/SriPKulkarni/status/1323056510528835586
Ben McAdams,"10/21/2020, 17:44:09","This week is the 48th anniversary of the Clean Water Act. When Republicans + Democrats passed it in 1972, only one-third of the nation's waters were safe for fishing + swimming. I voted for the Great American Outdoors Act to  protect our national forests, lakes and rivers. üåé",https://twitter.com/BenMcAdams/status/1318971347700043776
Betsy Dirksen Londrigan,"11/02/2020, 20:40:48","Reminder to join today's virtual rally to kick off the Eve of Election Day with @SenGillibrand! Click the link below to sign up or visit https://t.co/eVE3d3wZx1 at 3pm.
https://t.co/ihs7C3RP0i",https://twitter.com/BetsyforIL/status/1323364459377733632
Diane Mitsch Bush,"10/06/2020, 17:31:14","Only 3‚É£ days until ballots drop across #CO03. Let's give it everything we've got, #TeamDMB!",https://twitter.com/RepDMB/status/1313532281584222211
Kendra Horn,"10/07/2020, 16:31:19","Unsure about how to cast your absentee ballot? Team Horn has you covered! Watch this one minute video to learn everything you need to know to apply, fill out, and return your ballot this year and make your voice heard! https://t.co/HNBXRZn3N8",https://twitter.com/HornForCongress/status/1313879589958148097
"Spanberger, Abigail","10/14/2020, 15:23:16","Central Virginians, the deadline to register to vote ‚Äì either in person or online ‚Äì has been extended to 11:59 pm, Thursday, October 15. Are you registered? Double check now! Visit https://t.co/jGHfBW3Ovw today. #VA07 https://t.co/jVr1xaFgmn",https://twitter.com/RepSpanberger/status/1316399177916715009
Amy Kennedy,"10/10/2020, 20:16:10","It's our final tour on our #SouthJerseyBusinessTour.

We've talked to so many people in every county about the challenges they're facing as they navigate through the pandemic. And we‚Äôre ending in my home county, Atlantic County!",https://twitter.com/AmyKennedy715/status/1315023337236635648
Joyce Elliott,"10/05/2020, 19:40:37","""But the state senator has turned what was a longshot bid into one of the Democrats‚Äô best chances to flip a seat in the South this year."" https://t.co/zDjHBVNBk5",https://twitter.com/xjelliott/status/1313202451143700483
Eugene DePasquale,"10/04/2020, 13:48:24","Remdesivir, the lone FDA approved treatment for COVID19 symptoms, was tested using 70 million tax dollars. It now costs over $2000 a course. @RepScottPerry wont hold big pharma companies accountable, because they bankroll his campaign. #PA10 deserves more. https://t.co/SppPoESW3R",https://twitter.com/DePasqualePA/status/1312751427874324480
TJ Cox,"10/05/2020, 00:34:01","That's why I passed:
- the Move Water Now Act to fix the Friant-Kern Canal, provides $200M fo repairs caused by land subsidence
- Funding to provide up to 2.2 million acre-feet of additional water storage capacity in the Valley",https://twitter.com/TJCoxCongress/status/1312913902758293505
Harley Rouda,"10/18/2020, 14:56:48","Orange County small businesses have shuttered, as they‚Äôve been prohibited from serving more than a handful of customers at a time.

Today, @RealDonaldTrump will headline an in-person event with dozens and dozens of donors in #CA48.

We must vote this hypocrisy out.",https://twitter.com/HarleyRouda/status/1317842069683986432
"Spanberger, Abigail","10/20/2020, 20:11:04","In June, I helped pass the Patient Protection and Affordable Care Enhancement Act. This bill strengthens the #ACA by making fixes to the individual market to lower premiums. It would also save #VA07 families money on their health insurance each month. Examples:",https://twitter.com/RepSpanberger/status/1318645935333920768
Jon Hoadley,"10/12/2020, 18:40:48",How it started:                       How it's going: https://t.co/aubylIqyBX,https://twitter.com/JonHoadley/status/1315724114414505992
Joyce Elliott,"10/17/2020, 21:40:57","Thank you Little Rock!

This election is Willisville vs. Wall Street. 

The choice is clear: I look out for Willisville and all our Arkansas communities, and French Hill only looks out for Wall Street.

I know you, I see you, and I will fight for you! https://t.co/NVPWqFbZoT",https://twitter.com/xjelliott/status/1317581390326779904
Jill Schupp,"10/21/2020, 19:58:40","Unlike my opponent, I am not afraid to speak out against ideas that I believe are wrong for Missouri, even when those ideas come from my own party.",https://twitter.com/JillSchupp/status/1319005199231602693
Eugene DePasquale,"10/31/2020, 13:50:02",@David_LaTorre As Meatloaf said...2 our 3 ain‚Äôt bad :),https://twitter.com/DePasqualePA/status/1322536310461079552
Diane Mitsch Bush,"10/09/2020, 17:46:16","I am so humbled and honored to have earned the @DurangoHerald‚Äôs endorsement. 

Washington is so broken, full of gridlock and politicians picking partisan fights. 

I‚Äôll work across the aisle, fight for rural Colorado, and deliver for #CO03. 

https://t.co/PO8CZupI1g",https://twitter.com/RepDMB/status/1314623226971074560
Joyce Elliott,"10/20/2020, 21:15:39",Here's a clip from my interview with @deray on Pod Save the People‚Äîlisten to the whole interview and episode in your favorite podcast app! https://t.co/wySVWcUSUo,https://twitter.com/xjelliott/status/1318662188408705024
"Luria, Elaine","10/14/2020, 21:21:36","We owe it to our servicemembers and veterans to prioritize efforts that help us better understand and treat PTSD. That is why @RepMichaelWaltz and I demand the inclusion of the United States-Israel PTSD Collaborative Research Act in the final NDAA text.

https://t.co/FafAWywYTx",https://twitter.com/RepElaineLuria/status/1316489355373023232
Kendra Horn,"10/15/2020, 02:53:52","Nope.
https://t.co/kctrdTOH5X https://t.co/TxEpqtpa0f https://t.co/oxL8RhSHOr",https://twitter.com/HornForCongress/status/1316572975773241344
Donna Shalala,"10/28/2020, 14:58:51",BREAKING: Honored to once again earn the Miami Herald‚Äôs endorsement! https://t.co/RSOb8DfDZB,https://twitter.com/DonnaShalala/status/1321466464621264896
"Malliotakis, Nicole","11/02/2020, 12:32:02","NYC stores are boarding up and NYPD is preparing for civil unrest. Anarchy is a threat to our democracy and cannot be tolerated. On Tuesday, Vote for Law &amp; Order. Vote for those who support our law enforcement. https://t.co/XtJBJqyXzf",https://twitter.com/NMalliotakis/status/1323241454618238977
"Malliotakis, Nicole","10/22/2020, 21:35:54","‚ÄúThe men and woman in blue are people that you represent as well and they feel very hurt and vilified by your actions,‚Äù Malliotakis said. https://t.co/lSobDIxrJy",https://twitter.com/NMalliotakis/status/1319392056498884611
Kendra Horn,"10/20/2020, 22:07:27","I‚Äôm proud of my work to pass and fund the Paycheck Protection Program to save our small businesses: 

‚úÖ 64,000 Oklahoma small businesses helped
‚úÖ 620,000 Oklahoma jobs saved
‚úÖ 4 billion in relief for our state

#OK05Debate https://t.co/tHx0ytijqH",https://twitter.com/HornForCongress/status/1318675221780566018
Dana Balter,"10/21/2020, 15:42:15","The people in #NY24 deserve a voice in Congress who is willing to speak truth to power and fight for what's right, even -- and especially -- when it's not easy.¬†

As your Congresswoman, that's exactly what I'll do.

https://t.co/STYfLnaWou",https://twitter.com/dana_balter/status/1318940671781138434
Christina Finello,"10/07/2020, 15:03:46",@Ed_Raso Thank you for your support! Let's go Team Finello!,https://twitter.com/FinelloForPA/status/1313857555978952706
"Luria, Elaine","10/30/2020, 13:43:21","The Jones Act is vital toward maintaining the maritime capability that is needed to bolster national security. By clarifying that the Jones Act and all federal laws apply to offshore wind projects, we will strengthen our maritime sector and readiness.
https://t.co/hksAOfF4uH",https://twitter.com/RepElaineLuria/status/1322172241103249417
Hillary Scholten,"10/20/2020, 18:28:29","Thank you for having me @kiwanisgr! 

And thank you for all you do in #MI03 and around the world to make the world a better place for our children. 

Our community is truly better because of it. https://t.co/vf8T4TkytW",https://twitter.com/HillaryScholten/status/1318620116213501952
Cameron Webb,"11/01/2020, 17:31:09","Join us today at 2 PM for our Virtual Souls to the Polls event w/faith leaders from all across the Fifth District! 2 days left to GOTV!

Livestreams available on Facebook (https://t.co/KOhhGQsHrx) &amp; Youtube (https://t.co/62rejGOoAO) or you can call in at 434-204-4165 https://t.co/CTEVYmZrbx",https://twitter.com/DrCameronWebb/status/1322954343641993219
Max Rose,"10/10/2020, 22:55:20","Danny Fitzpatrick was tragically taken from us far too soon, but his legacy will forever live on. I was proud to pass Danny‚Äôs Law through the House and was honored to join his mother Maureen and so many anti-bullying advocates today. We must end the vicious cycle of bullying. https://t.co/2ylEMln0Bs",https://twitter.com/MaxRose4NY/status/1315063393380954112
Kendra Horn,"10/30/2020, 21:18:05","I‚Äôve never seen so many Oklahomans this excited to cast their ballots! Some first-timers, some seasoned voters ‚Äî but everyone ready to make their voices heard! Get out to vote, Oklahoma! Last day of early voting is tomorrow. https://t.co/YPjyv0fiaj",https://twitter.com/HornForCongress/status/1322286676601933829
"Axne, Cynthia","10/08/2020, 13:29:20","Over the past year, I've pushed for transparency from our federal agencies to ensure we're tracking every federal dollar coming back to Iowa to help w/ flood recovery.

With this new grant, my Iowa Flood Funding Tracker now tracks over $600 million. #IA03

https://t.co/4Ny9KnBvwG",https://twitter.com/RepCindyAxne/status/1314196178410627073
Hillary Scholten,"10/22/2020, 14:11:16","Our COVID-19 recovery town hall is TODAY! Tune in at 7 to hear about how we can turn around Michigan‚Äôs Economy. What questions do you have?

https://t.co/2wZI1GzZ4b",https://twitter.com/HillaryScholten/status/1319280161217368069
Betsy Dirksen Londrigan,"10/24/2020, 00:22:55","Rodney Davis is bought and sold by special interests.

FACT: When Big Pharma gave his campaign $200,000, Davis paid them back by giving Big Pharma a $42.7 billion tax break. #WICSdebate",https://twitter.com/BetsyforIL/status/1319796478290939905
"McBath, Lucy","10/27/2020, 19:55:55","Our hearts are with the L‚ÄôSimcha Congregation and the people of Pittsburgh as we remember the mass shooting at the Tree of Life synagogue two years ago, the deadliest attack against Jewish people in America.",https://twitter.com/RepLucyMcBath/status/1321178834318827523
Christina Finello,"10/07/2020, 18:11:00","Women dropped out of the labor force last month at a rate 4x higher than men. Women are disproportionately impacted by the pandemic, even more for women of color, as they are forced to juggle virtual schooling and childcare. It didn't have to be like this.
https://t.co/KAPGy7ODeu",https://twitter.com/FinelloForPA/status/1313904674655924231
Hiral Tipirneni,"10/18/2020, 16:40:00","Join us next Saturday - just üîü days out from Election Day - for a car rally in Phoenix! üöôüöóüöô

In a year of firsts, we‚Äôll be having a safe, socially-distanced event for the voters of #AZ06. 

Register here to join in on the fun: https://t.co/7P5ALPlE0H https://t.co/vPZICxaWvY",https://twitter.com/hiral4congress/status/1317868040613081088
Christina Finello,"10/31/2020, 20:02:00","Donald Trump was wrong when he had America abandon the Paris Climate Agreement. In Congress, I will push for the United States to rejoin the historic agreement to cut greenhouse gas emissions that are threatening our planet‚Äôs future. #30ReasonsForFinello https://t.co/fj30XG25Gh",https://twitter.com/FinelloForPA/status/1322629917645950976
"Spanberger, Abigail","10/27/2020, 15:43:01","Months into the pandemic, many #VA07 seniors are struggling financially. Their monthly bills and healthcare costs are rising. That's why I'm fighting for a 3% increase to Social Security in 2021 ‚Äì more than double the administration's meager increase.
https://t.co/s0gALDjGPl",https://twitter.com/RepSpanberger/status/1321115192986640384
Donna Shalala,"10/27/2020, 12:11:32","Once again, Foreign nationals should not be attempting to influence our elections. It is appallingly un-American that my opponent solicits this foreign involvement.
https://t.co/546NTiZP9i",https://twitter.com/DonnaShalala/status/1321061968573325314
Carolyn Long,"10/03/2020, 00:20:33",I‚Äôm so excited to be here in Bingen for my second drive-in town hall! Keep your questions coming üöó #TownHall #FlipTheThird https://t.co/QreIHxNBmd,https://twitter.com/ElectLong/status/1312185736930549760
Joyce Elliott,"10/12/2020, 18:58:41","TUNE IN NOW: Shortly, we'll be live with the one Congressional Debate this election!

Thanks to @ArkansasPBS for putting this together‚ÄîI hope I'll make you proud.
https://t.co/yZ5EGCnYtS",https://twitter.com/xjelliott/status/1315728613329731584
Max Rose,"10/08/2020, 20:13:05","Officer Rocco Laurie made the ultimate sacrifice and it is shameful that DOT red tape is standing in the way of him being honored in the way that he deserves. I was proud to stand with his wife, Adelaide, and call for proper recognition for Officer Laurie. https://t.co/4N0jqOWGpC",https://twitter.com/MaxRose4NY/status/1314297786934976514
Alan Cohn,"10/31/2020, 17:14:18",Grateful to have the support of the Jewish Democrats and eager to work in Congress alongside these incredible public servants! https://t.co/CYPeTWKu6E,https://twitter.com/AlanMCohn/status/1322587717021126657
Alan Cohn,"10/29/2020, 00:31:15","I‚Äôm thankful to be included in tonight‚Äôs Faith Forum with @ChristianDemocrats, and a group of Leaders and Candidates seeking to inspire hope during this time. https://t.co/vy7MOJ4tSr",https://twitter.com/AlanMCohn/status/1321610512946388992
Max Rose,"10/19/2020, 19:10:05","Joey from @RWDSU @Local338 has a message for #NY11.

I‚Äôm honored to have labor support, and labor will always have mine¬†üí™ https://t.co/ZldU6qEs0e",https://twitter.com/MaxRose4NY/status/1318268196839952391
Candace Valenzuela,"10/03/2020, 22:00:13","I have two beautiful kids, and as a mom, it's my duty to protect them. This is why I'm fighting for families across North Texas. Our district deserves someone who will put families first, starting with affordable access to healthcare. Join me: https://t.co/21mlcJv1SE https://t.co/NxlIe3WIcz",https://twitter.com/candacefor24/status/1312512808651612160
Amy Kennedy,"10/27/2020, 19:33:47","I‚Äôm running to fight for the people of South Jersey because they deserve a leader who‚Äôs working for them, for access to health care and a diverse economy that works for all. 

Join our fight: https://t.co/lw6d59XPsZ https://t.co/1yzb7nv0o8",https://twitter.com/AmyKennedy715/status/1321173265499512836
TJ Cox,"10/30/2020, 00:33:00","As the produce basket of America, water is the lifeblood of the Valley. Unfortunately, water hasn‚Äôt flowed at the levels we need to feed the world in a long time. That‚Äôs why in Congress I took action &amp; scored the most money for Western water conveyance in 50 years. https://t.co/zGJbRzorrG",https://twitter.com/TJCoxCongress/status/1321973341033431040
TJ Cox,"10/29/2020, 22:32:00","It's a great honor to receive the endorsement from leaders across Kern County who support our fight to bring opportunity for the young people in Lost Hills, Bakersfield, and Lamont. 

#TodosJuntos #TeamTJ #KernCounty #CA21 https://t.co/brVUEEMple",https://twitter.com/TJCoxCongress/status/1321942890587791361
