Bekah Congdon,"10/22/2020, 22:44:06","@greg_fann @conservmillen @JohnPiper I do not support either megalomania-filled two parties. I believe that you can align with one of those parties without making it an idol (though fewer and fewer do) however neither comes close to representing me or my principles, so I will not give them my vote.",https://twitter.com/LibertyBeks/status/1319409220710764544
Robin Dominick,"10/07/2020, 20:05:36","@KhaotixEleven @FreckledLiberty One popped up yesterday and 700 idiots followed ""her"" in 24 hours",https://twitter.com/RobinRD4MO/status/1313933514950291456
David Canny,"10/28/2020, 13:37:44","Another Fidiot happy to join the ranks of those murdered and oppressed by ""humane"" tyrants. They just keep coming. https://t.co/1zBw1VYXvn",https://twitter.com/DavidCanny4con/status/1321446050733920256
William Garlington,"10/29/2020, 23:28:10","@shiningcity1776 @realDonaldTrump @CNN @donlemon @TheView Why are liberals democrats so angry? Listening to Angry Joe Sleepy Biden who keeps yelling at his audience saying FOLKS! before he speaks doom and gloom. Come On Man! Calling Trump George, he‚Äôs so stupid",https://twitter.com/billgarlington/status/1321957027967545344
Harry Burger,"10/10/2020, 20:47:13","""... there was concern that children who were under the age of five would not know their own names or their parents‚Äô names and that it posed a risk of children potentially getting lost in the system."" They did it to scare parents away. 
 https://t.co/WtGwUP7AkT",https://twitter.com/HarryRBurger/status/1315031152936316929
Joseph Naham,"10/28/2020, 05:24:48","Joseph takes no financial support from corporations. Vote Green this November, vote for Joseph Naham on row E. @Cassandra_Lems @GreenNassau",https://twitter.com/MrDunes/status/1321321998816026626
Michael Rufo,"10/06/2020, 20:06:56","@JohnforNJ2 how many Cape May, Atlantic and Cumberland county LP and small L heads can we get together for a meet up in the next 2 weeks?",https://twitter.com/rufo4congress/status/1313571464273104902
Tommy Wakely,"10/13/2020, 23:02:51",https://t.co/yGP734JWxS,https://twitter.com/Wakely2020/status/1316152447954550784
Harry Burger,"10/12/2020, 21:02:35","@wchanley @Vector563 @socialiststeve6 @ProudSocialist @4aPeoplesParty Didn't suggest you had pushed it, only that it is an option, the easiest, default option that most people choose, &amp; it is the choice you make by not helping me or one of the other two.
I try to send about $10 to most candidates I find who takes @neveradime from corporations.",https://twitter.com/HarryRBurger/status/1315759794712645634
Michael Madrid,"10/12/2020, 22:52:36","@BernieSanders if we want to save the planet, we want renewable energy as CHEAP as possible. jobs are expensive.  

would be better to save the planet first.  then use cheap energy to create jobs in other industries.",https://twitter.com/madrid4nyc/status/1315787480214515713
Paul N. Fiorino,"10/07/2020, 06:53:12","U.S. House District 1 candidate Q&amp;A https://t.co/vGvKFYeF8U read more 
on Fiorino for Congress CD1 on https://t.co/8IUOmp2m9B 
just released Colorado Community Media surveys
Voter and https://t.co/4l0poV3yH7 DP we don't see
print our letter Please",https://twitter.com/votefiorino/status/1313734102907056128
J. Robert Latham,"10/13/2020, 04:35:54","#HearHerSpeak

#VoteGold2020
#JoJorgensen2020 

#utpol

https://t.co/JRsMLc2WAA",https://twitter.com/freeutahns/status/1315873874173734913
Andrew Olding,"10/11/2020, 14:35:13",@philthatremains I thought you were in Claremont for some reason. Hinsdale I way out of my way. Nevermind.,https://twitter.com/AndrewOlding/status/1315299925379477504
Robin Dominick,"10/20/2020, 03:37:46","@BBWThighTickler When OTR, I've definitely mooned ppl while the hubbs was driving üòÇ",https://twitter.com/RobinRD4MO/status/1318395961723465729
Andrew Olding,"10/09/2020, 13:24:50","@cgdeterman @SlingerTruth @Gus99Lp @nsarwark Yes. That letter was a bad look I think. At the time it happened, I wanted Nick to not be chair. But you said earlier that he called people racist and I'm still waiting on that one. I'd like the accusations to be based in reality.",https://twitter.com/AndrewOlding/status/1314557433314971650
Tommy Wakely,"10/14/2020, 20:36:13",I‚Äôm neither young or idealistic @MikeDeeson &amp; I agree with @ProudSocialist. The Democratic Party has been bought by millionaire corporate lawyers &amp; the corporations they work for. I came to that conclusion decades ago while in seminary. https://t.co/zVO9XatBjf https://t.co/LYFIR09Oco,https://twitter.com/Wakely2020/status/1316477936225193984
Robin Dominick,"10/22/2020, 19:51:38",@Unironic_AnCap Come be a truck driver üòÇ,https://twitter.com/RobinRD4MO/status/1319365818606669828
Dan Feehan,"10/29/2020, 19:13:27","A big thank you to Cindy from Mankato! As a former educator, I will work hard for our teachers, administrators, and paraprofessionals to deliver support and resources from the federal government in order to safely educate our children. #MN01 #PeopleFirst https://t.co/ZkjreuDarm",https://twitter.com/danielfeehan/status/1321892923961675783
Dan Feehan,"10/24/2020, 18:08:13","Thank you to Chris from Mankato! It‚Äôs an honor to be in this fight with many young, passionate students like Chris! 10 days left. Let‚Äôs get to work! #MN01 #PeopleFirst https://t.co/gzWIhz0F0K",https://twitter.com/danielfeehan/status/1320064567507062784
Albert Oram,"10/22/2020, 18:59:43","""In its destruction of American lives, treasure and well-being, this pandemic marks the greatest failure of U.S. governance since Vietnam.""

https://t.co/rbaKltVEVT",https://twitter.com/RealMaverickUSA/status/1319352754209513472
Justin Paglino,"10/27/2020, 23:55:05","@RepMattGaetz Wait, you mean like Afghanistan Iraq Syria and Yemen? If so there may be some across there aisle agreement on that! #Pigsfly",https://twitter.com/justin4all2/status/1321239024548401152
Harry Burger,"10/07/2020, 23:49:51","@sandyw_artist @gaijingirl2004 @ComradeCalifor1 Long Island was the birthplace of redlining, the effects persist today. That's why we have so many tiny school districts. We need to fund schools by a state wide tax, every school &amp; district gets the same funding per student.",https://twitter.com/HarryRBurger/status/1313989949755199488
Christine Olivo,"10/17/2020, 12:34:46","@enchantrasand Thank you for following me! By any chance would you be willing to donate $5 or even $1 to my campaign? I‚Äôm fighting for Medicare for all, UBI, a $15 minimum wage and much more! https://t.co/EutMQChl1n",https://twitter.com/Christinefor24/status/1317443939994095616
Robin Dominick,"10/20/2020, 20:59:33","@Disobey_Always Found their ""apology"" on FB https://t.co/q58LPqiQcD",https://twitter.com/RobinRD4MO/status/1318658133494030337
Michael Rufo,"10/30/2020, 11:12:50","@brad_polumbo @RandPaul This is not conspiracy. It‚Äôs fact. Mayonnaise lovers have been trying to trick me into eating that vile spread on my sandwich my whole life. Countless sandwiches ruined in deceit.  

#SayToMayo",https://twitter.com/rufo4congress/status/1322134360057880576
Michael Rufo,"10/09/2020, 19:38:55",@zero_liberty Oops... https://t.co/BpfmpGpMJk,https://twitter.com/rufo4congress/status/1314651575986552845
Christine Olivo,"10/17/2020, 17:12:37",@returnoftom  Thank you for following me! By any chance would you be willing to donate $3 or even $1 to my campaign so I can keep fighting for the freedom of Julian Assange? Thank you so much https://t.co/EutMQChl1n,https://twitter.com/Christinefor24/status/1317513859985514496
Idaho Sierra Law,"10/31/2020, 03:11:01",https://t.co/Rnwox2N8Rf,https://twitter.com/Congress4_IDLaw/status/1322375498274533377
Joseph Naham,"10/28/2020, 15:10:52","@TheYoungTurks  #MikeFigueredo sasses Howie Hawkins.Well actions speak louder than words. How many times did TYT interview Booker,Yang,Gabbard,Warren, Sanders,Williamson,Inslee throughout 2019 &amp; 2020? You call Hawkins ""Brilliant"" but refused to invite him on ill faited GND forum!",https://twitter.com/MrDunes/status/1321469490039820289
"Hal Ridley, Jr.","10/28/2020, 15:11:23","I will never be a politician, I am a dissident, I don‚Äôt do what they do ever. They want to win, I‚Äôm ok with failure, dissent is minority view. They will do anything to win, is why they deserve to lose but rarely do. Google &amp; others requested a photo, I sent 1 they rejected. Good!",https://twitter.com/HalRidleyJr/status/1321469619769585664
Robin Dominick,"10/15/2020, 08:00:23",@CarCampIt üëÄ https://t.co/GfyYEMQVWb,https://twitter.com/RobinRD4MO/status/1316650111338975232
Christy Smith,"11/01/2020, 19:12:39","#AntelopeValley: We‚Äôre just 2Ô∏è‚É£ days away from Election Day - but why wait until then to vote? You can drop off your ballot at official drop boxes, voting locations or vote in person TODAY. 

For your voting FAQs, visit https://t.co/eNRtoY3KGo.

#VoteEarly #VoteChristy https://t.co/02a0luCLvr",https://twitter.com/ChristySmithCA/status/1322979888765100034
Scott Taylor,"10/13/2020, 11:45:08",Tuesday is Virginia's voter registration deadline; about 1 million votes already are in | Govt-and-politics | https://t.co/F4Efy38KvU https://t.co/xGHJCE4Gyz,https://twitter.com/Scotttaylorva/status/1315981895855996928
Scott Taylor,"10/21/2020, 00:27:19","A gun expert, a Naval SWO officer full of herself, does not make. 

Luria has no business telling you how many rounds or what firearm you need to protect yourself, family, or property. 
#2ndAmendment",https://twitter.com/Scotttaylorva/status/1318710421562470411
Idaho Sierra Law,"10/31/2020, 03:11:10",https://t.co/a6YVePq8Ir,https://twitter.com/Congress4_IDLaw/status/1322375534328700928
Christine Olivo,"10/11/2020, 17:36:49",I don‚Äôt even know where to start üò° https://t.co/GdUtTi0mnA,https://twitter.com/Christinefor24/status/1315345623567138816
Rae Hart Anderson,"11/01/2020, 15:29:59","""One sure way to make a real difference in people's lives is to pray for them. ""

How? Ask for God's presence to be strongly noticed in their lives;  that they ""Ask for forgiveness..."" for their own sins.

Also praise God for keeping them alive! 
Remind yourself, #GodLOVESem!",https://twitter.com/GodisHere2day4U/status/1322923850791706624
Victoria Alexander,"10/26/2020, 16:53:07","I did not meet the criteria? Fact check. I have more canvassers, yard signs, campaign events than the Republican, who does not have campaign office, only a PO Box, and does not even have a dedicated email address, only a gmail account.  @mandy_fries https://t.co/Amn6qHGgiK",https://twitter.com/Alexander4Cong1/status/1320770445369659393
Michael Rufo,"10/14/2020, 02:17:10",Yes please! My point exactly! https://t.co/Ol7jC9hTJ1,https://twitter.com/rufo4congress/status/1316201350372392965
Mark Bauer,"10/07/2020, 02:01:14",@LaurenDevoll Challenge accepted,https://twitter.com/MarkBauer/status/1313660625185386498
Kevin Wilson,"10/14/2020, 23:33:25","George says he doesn't trust the govt to deliver healthcare, but he would still support heavy government intervention in the market. It ends up being an expensive and difficult to navigate system. We can do this better the lowering regulations.",https://twitter.com/KevinWilsonROC/status/1316522530157424640
Scott Taylor,"10/13/2020, 00:33:45",Great to see everyone at the Pembroke civic league! Let‚Äôs go! üá∫üá∏ https://t.co/0GY6vZ41GK,https://twitter.com/Scotttaylorva/status/1315812936619880451
Harry Burger,"10/31/2020, 03:43:19","China has 1.1 BILLION more people than we do, &amp; they were the first ones to get hit with it, when we had the least knowledge. And they're more densely populated. We have only 0.3 B people.
#WearAMask https://t.co/KNxA0i73fT",https://twitter.com/HarryRBurger/status/1322383625086750720
Kevin Wilson,"10/14/2020, 23:20:03","Ah, talking about #BlackLivesMatter now. The Justice in Policing act doesn't go far enough in a few issues. Gives more money to local police, creates exceptions for ending QI, doesn't go far enough in ending the 1033 program, and doesn't end the war on drugs. Could be better",https://twitter.com/KevinWilsonROC/status/1316519165566636032
Akil Khalfani,"11/01/2020, 23:00:11","Good Evening,
I want you to  join the movement for change in all of our futures.  When I get elected, we all get elected!
.
#voteforchangewithdrkhalfani
.
Nov 3rd Vote:
4D Union County 
3D Essex County
3C Hudson County https://t.co/gSQ2bRRqtx",https://twitter.com/DrK4Congress/status/1323037148644364289
Rae Hart Anderson,"11/01/2020, 15:01:18","Every American citizen #CanAndSHOULDvoteOnONEDAY, WITH ID...fair to all.  

Our one exception is for out of the country military.",https://twitter.com/GodisHere2day4U/status/1322916631375278081
Scott Smith,"10/26/2020, 11:07:37","#NY18 there are BOLD distinctions between your 3 choices.  In this video I offer 4 compelling reasons why you should consider voting for me, Scott Smith, the Serve America Movement Candidate.  #VOTE #election #Congress #MrSmith #Local https://t.co/gb9obSv7n1",https://twitter.com/MrSmithCongress/status/1320683498613673985
Andrew Olding,"10/23/2020, 01:27:47","On top of that, it's essentially the same plan that Trump has. https://t.co/imVW79LM6c",https://twitter.com/AndrewOlding/status/1319450414996140036
Rae Hart Anderson,"10/19/2020, 15:13:07","God, please show us Yourself in all we see in each moment of our everyday #LIFE.  Our trust is in God!",https://twitter.com/GodisHere2day4U/status/1318208565253910529
Michael Madrid,"10/08/2020, 21:06:16","Sweden: model of pragmatism in handling #Covid_19 

E.g. if you catch the disease, your household gets quarantined, but for 5-7 days not 2 weeks, since spread risk small in second week, and schoolchildren can go to school so as not to harm their education

https://t.co/P8EzwO0vVw",https://twitter.com/madrid4nyc/status/1314311171445489666
Charleston Malkemus,"10/19/2020, 12:45:43","EARLY VOTING HAS BEGUN
Starting today Monday, October 19, 2020 to Sunday, November 1, 2020 you can vote! Check out your polling locations on https://t.co/p673GU9cAn
#vote #rockthevote #votecharleston https://t.co/TW75kw3dGL",https://twitter.com/VoteCharleston/status/1318171468795154438
Tommy Wakely,"10/21/2020, 15:25:09",And our government continues to this day to keep it‚Äôs boot on the neck of our Native peoples @TX21Indivisible Our collective shameful past can no longer be ignored. Congress must honor all treaties @LakotaMan1 &amp; as your Representative #TX21 I will work to try to make that happen https://t.co/vs50Oel04p,https://twitter.com/Wakely2020/status/1318936366584135680
Andrew Olding,"10/09/2020, 16:54:19","@beccaleeeeeee Dude. Lancaster, NH. @PorcFest",https://twitter.com/AndrewOlding/status/1314610153581408256
Justin Paglino,"10/07/2020, 23:01:21","The end of the two-party system is spelled ""R."" ""C."" ""V."" #RankedChoiceVoting",https://twitter.com/justin4all2/status/1313977743269339138
Andrew Olding,"10/07/2020, 01:10:33",@sassycupcake20 @bumble has a friends version.,https://twitter.com/AndrewOlding/status/1313647871762272257
Tommy Wakely,"10/06/2020, 23:54:03",Yes @wendydavis &amp; @chiproytx have millions &amp; millions of dollars. Both are looking to buy this election #TX21. But what we have that they don't have are everyday working men &amp; women who want #Medicare4All &amp; who want to #banfracking to fight this #ClimateEmergency @OrganizeTexas https://t.co/w7Wfpg1bsP,https://twitter.com/Wakely2020/status/1313628620271824898
William Garlington,"10/23/2020, 02:29:38",Trump is right we are Energy independent Which detours aggression in wars in other nations that‚Äôs a fact man,https://twitter.com/billgarlington/status/1319465979437600770
John Molnar,"10/08/2020, 19:04:01",@SeanPMeans @sltrib Wife and I are still putting out candy. Same as every year,https://twitter.com/Gear6A/status/1314280404464017408
Christine Olivo,"10/19/2020, 21:57:46","Julian Assange is suffering in prison and I will not stay silent! I‚Äôm tired of most of our leaders besides @TulsiGabbard staying silent on this issue.

Thank you Tulsi for speaking out and using your platform to spark positive change! #FreeAssange",https://twitter.com/Christinefor24/status/1318310395824799752
Harry Burger,"10/24/2020, 15:30:39","Democracy is alive &amp; well in the 2nd District, the line here was HUGE before the polls even opened! Bring a chair if you can't stand an hour or more. 
Early voting starts TODAY in NY, ends 11/1, then 11/3 is Election Day with all the smaller polling stations.",https://twitter.com/HarryRBurger/status/1320024915500814340
Tim Kelly,"10/22/2020, 13:01:48",@ScottWalker Disgusting.,https://twitter.com/timothykelly/status/1319262681564614661
Christine Olivo,"10/26/2020, 23:13:19",@CalebCornelius Thank you so much!,https://twitter.com/Christinefor24/status/1320866124838424581
Harry Burger,"10/10/2020, 20:47:14","The USA is no exception, we've strayed far from representative democracy into oligarchy, &amp; #BlackLivesMatter is proof we're not doing enough to protect minority rights. Our government is practicing genocide by forced sterilization, remember?",https://twitter.com/HarryRBurger/status/1315031156551802882
Andrew Olding,"10/21/2020, 02:08:28",@missqueencrypto you should come to @PorcFest next year.,https://twitter.com/AndrewOlding/status/1318735875656814592
Kenneth Tucker,"11/01/2020, 22:57:38",All I want to do is enjoy an @NFL game on @fox59 and yet I have to hear all the reasons why #IN05 should #vote for me. Which makes me happy and infuriated very #ambivalence https://t.co/ezzfDSSkBQ,https://twitter.com/aguyfromindiana/status/1323036507767103489
Mark Bauer,"10/06/2020, 22:32:39",@justin_rains25 @TitusLive Right ‚Äî exactly. The whole mess is broken,https://twitter.com/MarkBauer/status/1313608134477393920
Harry Burger,"10/17/2020, 23:36:02","Don't handle guns while stoned, just like you shouldn't when drunk, but a beer on the weekends doesn't hurt your gun rights. Because it's federally banned, state legal, even medical marijuana users, can't buy a shotgun.
If you're earning under $1M/year, I won't up your taxes.",https://twitter.com/HarryRBurger/status/1317610351844872193
Tommy Wakely,"10/06/2020, 16:01:41","The continued pumping of greenhouse gases into the atmosphere which @Wendydavis doesn't seem to mind will bring many more mosquitoes to #TX21 which in turn will bring diseases like the West Nile Virus &amp; kill many more people like Middleton @TXGreens 

https://t.co/yyLwo3NoE5",https://twitter.com/Wakely2020/status/1313509746020880386
John Molnar,"10/17/2020, 23:26:01",@AmplifyLiberty Most wars are fought by teenagers and early 20s. Deployed to Iraq at 19 myself,https://twitter.com/Gear6A/status/1317607829222510592
Dennis Grace,"10/12/2020, 17:34:02","@katejbolz Can you name two bills you introduced to the legislature in 8 years that dramatically helped Nebraska‚Äôs farmers?  No. You ride in with the ‚Äúfarm girl‚Äù costume but forgot about them when they needed the help.  You even said 2019 was their worst year ever, and still did nothing.",https://twitter.com/thedennisgrace/status/1315707312603049984
"Joseph LeBlanc, Jr.","10/29/2020, 14:35:41","@sawvw10311 @Frobeus_NS @ReduxZepp Texas is set to gain 3, Florida 2, AZ, CO, MT, NC, and OR 1. 
For Texas that means major redistricting.",https://twitter.com/PieRatKing/status/1321823024153284608
Harry Burger,"11/01/2020, 00:38:50","You know what happens when the canary dies &amp; the boss of the coal miners says, ""Just keep digging!""

Everybody dies.",https://twitter.com/HarryRBurger/status/1322699584590721024
Michael Rufo,"10/31/2020, 01:59:56","@taikosai Either of these two guys and you nail it!!!

He knows what up.... https://t.co/bz1y9n24EB",https://twitter.com/rufo4congress/status/1322357608104210433
Harry Burger,"10/29/2020, 07:22:16","We also need 2% for @HowieHawkins to keep our ballot access. Bottom line, #VoteGreen, row E in NY!",https://twitter.com/HarryRBurger/status/1321713951399399424
Tommy Wakely,"10/14/2020, 16:31:43","Like Biden I've reached out to Catholics in #TX21. I've told them when you look at Catholic Social Teaching you will see that @wendydavis doesn't share any of the values you &amp; I hold close to our hearts. @CathClimateMvmt @TXcatholicdem @BexarGreensTX 

https://t.co/SZAXz9ZXjv",https://twitter.com/Wakely2020/status/1316416403658944512
Christine Olivo,"10/15/2020, 04:08:57","@SEVENKlTTENS I am against regime change wars, CIA backed coups and stopping future wars through diplomacy üòÉ hope this helps!",https://twitter.com/Christinefor24/status/1316591870928191488
"Joseph LeBlanc, Jr.","11/02/2020, 22:17:33","@tigwyk Second, strict gun laws rarely curb gun violence as seen in the examples of Chicago, D.C. etc. and in fact leave innocent people without the ability to defend themselves. Criminals are more likely to target people who they know won't be able to defend themselves.",https://twitter.com/PieRatKing/status/1323388805672566785
Zachary Dumont,"10/21/2020, 10:23:54",@WMUR9_Politics Why do you purposefully exclude candidates and not publish your inclusion criteria?,https://twitter.com/ZacharySDumont/status/1318860557789859841
Albert Oram,"10/19/2020, 20:55:38","That would be powerful stuff even if the New England Journal of Medicine regularly weighed in on politics. Which it does not. In fact, it rarely published editorials signed as this one was, by all of its editors. . .",https://twitter.com/RealMaverickUSA/status/1318294761476935680
Harry Burger,"10/28/2020, 16:00:36","@BrianLehrer @brigidbergin @kennethcdavis @DrMaryTBassett @VoteJackie4NY @GarbarinoforNY @WNYC @gpny My biggest disagreement with many Greens is on gun rights - I'm a gun owner, enjoy shooting sports, I'm a mechanical engineer who understands how they work &amp; don't - I'm skeptical of most restrictions on 2A rights, will make sure any new ones are grounded in reality.",https://twitter.com/HarryRBurger/status/1321482004186206210
Scott Taylor,"10/29/2020, 20:59:56","Have spoken directly to thousands of voters in #VA02 this week. 

Red wave üåä is forming. Let‚Äôs go! üá∫üá∏",https://twitter.com/Scotttaylorva/status/1321919722355630086
Rae Hart Anderson,"10/29/2020, 16:46:57","Hah!  There is a difference! 

Except the RIGHT fridge is on the left of literate Americans in this photo op. Bad mistake! 

The DFL has gone left into LEMONS claiming they're ""socially acceptable"" dumping ""hate"" 4 #OurUSAPresident ON US...!

""By their fruit you will know them.""",https://twitter.com/GodisHere2day4U/status/1321856056411136000
Harry Burger,"10/24/2020, 17:04:29","My best estimate is the line is about 3 hours long - been here since 9:45, the line is longer than when I arrived! I hear they close at 3, &amp; since you have more opportunities to vote, they can cut the line off then.",https://twitter.com/HarryRBurger/status/1320048528933224449
Robin Dominick,"10/29/2020, 23:16:15",@ShannonBrayNC I've got to play with my marinade. I made a great one once but I never write down recipes üò≠,https://twitter.com/RobinRD4MO/status/1321954027702165504
Christy Smith,"10/23/2020, 01:55:22","Fact check: On Nov. 3, we will expand the House Majority. üåä https://t.co/76Ss4DfaJA",https://twitter.com/ChristySmithCA/status/1319457356896325632
Tommy Wakely,"10/18/2020, 15:00:29","In the Midwest, brutal 100-mile-per-hour winds. In the Southwest, a succession of floods and droughts. On the coasts: a freakish number of devastating hurricanes &amp; yet ‚Å¶@wendydavis‚Å© in #TX21 won‚Äôt support a ban on fracking ‚Å¶@ClimateSATX‚Å©

https://t.co/7GgBh0IQn4",https://twitter.com/Wakely2020/status/1317842999024537600
Robin Dominick,"10/25/2020, 08:49:14",@AlexRDell Obviously https://t.co/xljxSXPy2t,https://twitter.com/RobinRD4MO/status/1320286283642687489
Harry Burger,"10/08/2020, 13:45:31","@gaijingirl2004 @sandyw_artist @ComradeCalifor1 Direct question demands a direct answer, not evasion. Regardless of if rent is theft, does reducing the value stolen make the thief suddenly not a thief? The parallel is if acting as a big landlord is bad, being a small landlord doesn't logically become not bad, at best less-bad.",https://twitter.com/HarryRBurger/status/1314200253575372801
Dan Feehan,"10/15/2020, 23:14:23",Amy and I are excited to hear that Officer Matson is returning home. We continue to send our prayers to Officer Matson and his family for a full recovery.  https://t.co/FmyD7m4rEP,https://twitter.com/danielfeehan/status/1316880125695242241
Tommy Wakely,"10/03/2020, 20:27:53",Also @indivisibleATX I don‚Äôt see anything on @ChrystaForTexas website about supporting a #GreenNewDeal She tells us the problems but offers no specific policy proposals like ‚ÄúI support the State paying to cap abandoned wells &amp; we go after owners later.‚Äú @ClimateHuman @qweekat https://t.co/gljBQ6C3nG,https://twitter.com/Wakely2020/status/1312489573327331329
Michael Rufo,"10/10/2020, 14:45:03","I‚Äôm certain @JoeBiden is just plain chicken...scared...scared he can‚Äôt handle an actual policy discussion with a PhD that won‚Äôt devolve into a shouting match. 

@Jorgensen4POTUS will show the world how off base and out of touch Joe is with the average voter. 

It‚Äôs FEAR. https://t.co/MvA2ea2gKU",https://twitter.com/rufo4congress/status/1314940010097975297
Christine Olivo,"10/20/2020, 21:35:37",@millerak79 Thank you! $275 left to go,https://twitter.com/Christinefor24/status/1318667209414221825
Christine Olivo,"10/20/2020, 04:06:22","@chicana_q Thank you for following me! By any chance would you be willing to donate $7 or even $1 to my campaign? I‚Äôm fighting for Medicare for all, UBI, legalizing marijuana, the freedom of Julian Assange and much more! https://t.co/EutMQChl1n",https://twitter.com/Christinefor24/status/1318403158822060032
Christine Olivo,"10/06/2020, 19:07:28",Stand up for whistleblowers!,https://twitter.com/Christinefor24/status/1313556498962935810
Harry Burger,"10/20/2020, 23:00:05","@goldbrg It's already too late, they should have done this BEFORE they consumed every other search engine &amp; controlled the OS of half the world's smartphones.",https://twitter.com/HarryRBurger/status/1318688469774929927
Phil Kurtz,"10/13/2020, 23:39:48",One thing I'm bad at as a politician is asking for contributions. Thank you to everyone who has contributed so far!  In the last few weeks of this campaign we're taking it door to door. I need a few more bucks to get these two sided cards into the hands of voters. Can you help?ü§† https://t.co/ba2ll9sH68,https://twitter.com/PhilKurtz3/status/1316161749935099905
John S. Stewart,"10/16/2020, 16:05:17",The Affordable Care Act was not focused on fixing the exploding cost of medical care.  The ACA was focused on out how to pay for it.   https://t.co/X8kuCq4j9G,https://twitter.com/electjstewart/status/1317134527865683971
Harry Burger,"10/07/2020, 17:54:49","@PepperOceanna I'm under 2k, running #GreenParty for Congress on Long Island.",https://twitter.com/HarryRBurger/status/1313900603140079618
Wendy Davis,"10/14/2020, 19:00:00",It was a pleasure joining @chrislhayes on Tuesday. We spoke about record-shattering voter turnout on the first day of early voting across Texas and Congressman Chip Roy's dangerous plan to rip healthcare away from Texans. Check it out below: https://t.co/0qKwmDlTpO https://t.co/yclw8H3cPF,https://twitter.com/wendydavis/status/1316453722453495808
Darren Hamilton,"10/22/2020, 11:41:04",Yes! Another group stood up to host  debates. This is huge. https://t.co/wqgpFzQN9D,https://twitter.com/DHamilton2020/status/1319242364859416576
Michael Madrid,"10/20/2020, 01:17:30","@AndrewHackney11 I don't have a relationship with my dad.  I've tried, but he always just used it for his own purposes and it just wasn't a positive in my life.

Ultimately, if it's something that can become positive, make the call.  Either way, don't blame yourself.",https://twitter.com/madrid4nyc/status/1318360664189161473
Albert Oram,"10/19/2020, 18:44:47","(5) In Trump's first fiscal year which started in 2016 (2016 = 666+666+666+6+6+6) the budget deficit exploded to 666 billion dollars (per Fox Business). Trump tweeted his congratulations for the budget passage on October 27, 2017.",https://twitter.com/RealMaverickUSA/status/1318261832432422915
Tommy Wakely,"10/31/2020, 16:12:22","I came across this 2016 Washington Post story about my climate change campaign for Congress - #TX21. I thought I would share it with everyone to remind voters of my long-standing commitment to fighting #climatechange unlike @wendydavis @SierraClubAlamo 

https://t.co/T2ysX4Qpu7",https://twitter.com/Wakely2020/status/1322572130077315072
"Joseph LeBlanc, Jr.","10/13/2020, 22:08:16",Signs are finally in. And man do they look nice. #TX22 #EndTheDuopoly https://t.co/y5zqalblUZ,https://twitter.com/PieRatKing/status/1316138711936106497
Kenneth Tucker,"10/07/2020, 19:53:49",Another day on the road for #teamtucker out and about in #IN05 #libertaraian on the loose #Indiana #Election2020 #theresstilltime https://t.co/kcrJChyoew,https://twitter.com/aguyfromindiana/status/1313930548969119747
Robin Dominick,"10/26/2020, 05:06:52",@Booglitarian https://t.co/S6yxj3wKE9,https://twitter.com/RobinRD4MO/status/1320592711460769792
Michael Rufo,"10/09/2020, 22:09:31",@abielha1 https://t.co/D8NrqEKX2p,https://twitter.com/rufo4congress/status/1314689477655265280
Christine Olivo,"10/22/2020, 12:45:05","If you're tired of career politicans and the status quo...if you want someone to fight for a Green New Deal, UBI, a living wage, and Medicare for All then please donate anything that you can to our FINAL week of GOTV! WE CAN DO THIS! 
üéâ‚ú®
Chip in here: https://t.co/4ydovluHle https://t.co/5rY5Y45O9f",https://twitter.com/Christinefor24/status/1319258473494884352
David Young,"10/06/2020, 01:07:15","Cindy Axne has voted in lockstep with Nancy Pelosi, voting with her almost 100% of the time. #IA03 #IA03Debate https://t.co/E70jUC5Dq6",https://twitter.com/YoungForIowa/status/1313284651159621636
Harry Burger,"10/18/2020, 19:43:42","They don't want you to realize they already borrowed from these funds illegally &amp; a judge ordered them to pay it back; voting ""yes"" is giving them a get-out-of-jail-free card. They want to kick the can down the road, but that can is full of human waste, liable to break open.",https://twitter.com/HarryRBurger/status/1317914270831644672
Harry Burger,"10/14/2020, 00:21:14",@JENFL23 #APoxOnBothYourHouses,https://twitter.com/HarryRBurger/status/1316172175674609665
Robin Dominick,"10/31/2020, 20:32:29",üëÄ There's only 2 other people here at Planet Fitness.,https://twitter.com/RobinRD4MO/status/1322637591108177920
Mark Bauer,"10/30/2020, 01:32:29","If I‚Äôm voting strictly based on #ThursdayNightFootball election advertisements, I‚Äôm going for Biden.",https://twitter.com/MarkBauer/status/1321988311808987143
Christy Smith,"10/05/2020, 01:15:32",Over 4 million acres have burned in California so far this year. Taking a moment to honor our firefighters who sacrificed their lives saving and protecting our communities on this National Fallen Firefighters Memorial Day.,https://twitter.com/ChristySmithCA/status/1312924348915699712
Kenneth Tucker,"10/08/2020, 00:20:38",@HaleIndy Is it all about money?,https://twitter.com/aguyfromindiana/status/1313997696517255168
Robin Dominick,"10/28/2020, 11:23:27","@ThorsSmith Your brain will catch up as your body breaks down fats to convert for energy. Takes a few days. 
Drink tons of water too.",https://twitter.com/RobinRD4MO/status/1321412256610111488
Robin Dominick,"10/29/2020, 09:47:27","@RandomWhig How's the shoulder? 
Can you give a good hand shake yet? 
Wait, do people still shake hands? Fucking Rona.",https://twitter.com/RobinRD4MO/status/1321750484701519872
Jon Dillard,"11/02/2020, 19:24:31",@jgmartn @RepDavidKustoff @HouseGOP I have stepped forward to replace the enabler that currently holds the seat for TN 8 US Congress. https://t.co/WvLlMSACcd,https://twitter.com/JonDillard_TN8/status/1323345260085448704
Mark Bauer,"10/24/2020, 22:40:57",@justin_rains25 I forgot about that one! 1993. That would be my earliest too. I remember images of the tanks rolling in. That def is a dark thing to have kids watch lol Crazy that you were at the hospital,https://twitter.com/MarkBauer/status/1320133204398014464
Jon Dillard,"11/02/2020, 19:20:01","@giovanni_abrao @RepDavidKustoff https://t.co/WvLlMSSd3L
With DILLARD, Republicans and Democrats alike will still have a voice.",https://twitter.com/JonDillard_TN8/status/1323344128902492160
Scott Taylor,"10/16/2020, 00:34:16",He‚Äôs right. https://t.co/VXdHuBKkM7,https://twitter.com/Scotttaylorva/status/1316900229728342019
Dennis Grace,"10/09/2020, 00:02:12",Happily dropping off more yard signs and today.  Being able to give a third option to the good people of Nebraska is what we are all about. https://t.co/WBKPk56kgu,https://twitter.com/thedennisgrace/status/1314355445025431553
J. Robert Latham,"10/17/2020, 03:31:45",https://t.co/XZVNByyfpS,https://twitter.com/freeutahns/status/1317307285761363968
Joseph Naham,"10/15/2020, 11:19:13","@GretaThunberg if this is your message to the western world, you're sending  mixed messages by simultaneously encouraging the west to support Biden rather than @HowieHawkins . Biden is supporting Fracking (as you know methane from natural gas decimates the ozone layer 30% worse than CO¬≤. part 1",https://twitter.com/MrDunes/status/1316700149746413580
Christine Olivo,"10/20/2020, 23:02:01",We need Medicare for All!,https://twitter.com/Christinefor24/status/1318688954154180613
Rae Hart Anderson,"10/29/2020, 17:10:47","Hear no evil, speak no evil and see yourselves in the mirroring of abortion, using those Planned Parenthood skill sets; plus those freedom crippling #100AmyBills -- plopped on Americans from Amy ""gotcha"" Klobuchar's ""solo expertise"" 4 lock stepping our U.S. Senate into her gait. https://t.co/evtwR3Cy09",https://twitter.com/GodisHere2day4U/status/1321862056149086208
Zachary Dumont,"10/21/2020, 10:23:15",@WMUR9_Politics Why do you purposefully exclude candidates and not publish your inclusion criteria?,https://twitter.com/ZacharySDumont/status/1318860391208931329
Robin Dominick,"10/22/2020, 09:23:12","@HumblyB @RyanDanielFudge Sugar is up there with meth on how hard it is to kick. 
I love carbs üò≠",https://twitter.com/RobinRD4MO/status/1319207669375221761
Tommy Wakely,"10/21/2020, 14:58:57","The answer to this nonsense is simple @EveryTxn It‚Äôs called #MedicareForAll &amp; for those who call it socialized healthcare they‚Äôre correct &amp; I‚Äôm enrolled in such a plan, it‚Äôs called the @SanAntonioVAMC @StaceyPogue I‚Äôve never had a problem with the VA, no co-pays, no deductibles https://t.co/qJhnzgsXqa",https://twitter.com/Wakely2020/status/1318929774048313351
Robin Dominick,"10/07/2020, 08:34:01",@citizenhush This jerk's birthday was Monday https://t.co/H4udgljls1,https://twitter.com/RobinRD4MO/status/1313759472112857095
Robin Dominick,"10/03/2020, 01:07:52","@Reuben_Speaks Hubbs and I rely on having our CDL for our jobs, so we take it pretty seriously.",https://twitter.com/RobinRD4MO/status/1312197643771154432
Michael Madrid,"10/15/2020, 14:59:03","@kyledcheney Oh please. This nonsense, mental gymnastics BS is why Trump is in there in the first place. This mental gymnastics crap by both sides. ""My guy."" What's that mean? Please.",https://twitter.com/madrid4nyc/status/1316755470896566272
Harry Burger,"11/02/2020, 17:10:00","@The_Pale_H0rse Exactly, you need to show up &amp; be willing to give your ‚åö &amp; üí∞! Running for office is like a full time job that takes üíµ instead of paying you, it's hard to find people willing to do that. Even if you can't do it yourself, show up &amp; promise to help whoever does run.",https://twitter.com/HarryRBurger/status/1323311409208446976
Michael Rufo,"10/13/2020, 20:15:41","Cool story. 

The point? https://t.co/iTLCZdsn0M",https://twitter.com/rufo4congress/status/1316110381782315009
Darren Hamilton,"10/22/2020, 16:41:35",It would be great to get this broadcast. https://t.co/LH7Fe0KK3u,https://twitter.com/DHamilton2020/status/1319317989452374016
Bekah Congdon,"10/16/2020, 18:00:54",I would very much like to tell @RandPaul to try out @nsarwark's infamous diet plan.,https://twitter.com/LibertyBeks/status/1317163626332114944
Kevin Wilson,"10/22/2020, 00:21:36",I think @TroyAikman is right here. It is weird to do a flyover with nearly empty stadiums and our military has done a lot of wasteful flyovers this year. $60K an hour! It's not a good use of our taxpayer money and you're not any less patriotic for pointing that out. https://t.co/v9YdjLD6bo,https://twitter.com/KevinWilsonROC/status/1319071372300222465
Scott Smith,"10/21/2020, 02:33:15","Clip from #NY18 Congressional #Debate.  If you‚Äôve had trouble with the previous link, here is the Full, unedited video:  https://t.co/To8DTFC1uT https://t.co/UDPoVYcUkw",https://twitter.com/MrSmithCongress/status/1318742112737820674
Christy Smith,"10/29/2020, 02:56:44",@Analisa_Swan @C82477 Thank you!!,https://twitter.com/ChristySmithCA/status/1321647126913298432
Michael Kalagias,"10/20/2020, 21:01:18","Early voting has begun. Don't be a low information voter.
https://t.co/7dKscniM5e",https://twitter.com/KalagiasforUS/status/1318658574915149825
Robin Dominick,"10/17/2020, 18:43:57",@milkwithknives Awwww,https://twitter.com/RobinRD4MO/status/1317536848005181440
Harry Burger,"10/28/2020, 15:39:41","@BrianLehrer @brigidbergin @kennethcdavis @DrMaryTBassett @VoteJackie4NY @GarbarinoforNY @WNYC There are THREE candidates for NY CD2, I'm the @gpny candidate &amp; they could call me right now but CHOOSE not to give me equal time to the Big 2, using the excuse that I haven't raised enough üí∞!",https://twitter.com/HarryRBurger/status/1321476740556988418
Michael Raleigh,"10/13/2020, 16:21:20","Bernie lost because he did not wage ruthless political war against Dem sacred cows, like Trump did. Trump absolutely CLOWNED Jeb, Rubio, McCain, Romney etc.

Bernie is not a fighter, hes a vapor that expanded to fill a vacuum. The lack of alternative drives us mad.",https://twitter.com/MikeForBuffalo/status/1316051402385481729
Rae Hart Anderson,"10/05/2020, 16:17:15",Keep making records AND CHECKING ON THE LIVING!  #USA! https://t.co/umNtaqbe3t,https://twitter.com/GodisHere2day4U/status/1313151273135415303
Robin Dominick,"10/22/2020, 09:20:11","@jenniferlee_75 As long as you don't drive slow in the left lane üòÖ

I'm not nice to those drivers",https://twitter.com/RobinRD4MO/status/1319206907534438401
Tommy Wakely,"10/12/2020, 17:28:01","I gave this interview about a week or so ago #TX21 &amp; I thought I would share it with everyone. Cheers! 

@ourrevolutionsa 
@OurRevolutionTX 
@TXGreens 
@austin_DSA 
@SierraClubAlamo 
@TX21Indivisible 
@LeftwardSwing 
@OrganizeTexas 
@LatinasUnidasTX 

https://t.co/24Z4Jaz0qe",https://twitter.com/Wakely2020/status/1315705796219604994
Andrew Olding,"10/06/2020, 16:42:21","@mauRICEfrediere Except when you don't pay taxes, eventually violence if brought upon you. 

Consent has to matter at some point or there wouldn't be a difference between making love and rape.",https://twitter.com/AndrewOlding/status/1313519979845877760
JosÔæÉÔΩ© Sosa,"10/04/2020, 22:52:00",@LPTexas https://t.co/rVfdRRSIxZ,https://twitter.com/Sosa4Congress/status/1312888227532017666
Robin Dominick,"10/15/2020, 02:42:32",@ElusiveFred @denwee $80k car vs a 330k car,https://twitter.com/RobinRD4MO/status/1316570123029934080
Harry Burger,"10/22/2020, 01:22:03","@AE3nn @dawnsaffron @Dystopian_Rob That's less than surprising. Like I said, not without his problems when looking back with today's values. Better than letting private corporations destroy those areas for profit at least.",https://twitter.com/HarryRBurger/status/1319086581370806276
Robin Dominick,"10/29/2020, 22:20:58",@PapyrusSauce Depends on how they hit. Some bounce,https://twitter.com/RobinRD4MO/status/1321940116328181761
John Molnar,"10/13/2020, 03:14:18","@mjboroski Idk... first name Light, middle name Saber... be like a mix name of Star Wars and Death Note. I could dig it",https://twitter.com/Gear6A/status/1315853339419176961
Christy Smith,"10/16/2020, 20:02:59",@Rossfilms Thank you!!,https://twitter.com/ChristySmithCA/status/1317194349311004672
Tommy Wakely,"10/31/2020, 22:25:10","What am I doing to get out the vote for #TX21 candidate @wendydavis? Absolutely nothing @TX21Indivisible but what I am doing is pointing out to all voter's that she refuses to support irrevocable citizenship for immigrants serving in our military. 

https://t.co/t06usW4DoT https://t.co/DXvVKOb8V9",https://twitter.com/Wakely2020/status/1322665949326200832
Christine Olivo,"10/22/2020, 15:28:28",@AndrewYang Vote for candidates who support UBI!,https://twitter.com/Christinefor24/status/1319299592274518016
Michael Rufo,"10/31/2020, 02:12:02",You‚Äôre ü§∑üèª‚Äç‚ôÇÔ∏è character limits. Sometimes you just gotta Twitter.,https://twitter.com/rufo4congress/status/1322360654095912960
Justin Paglino,"10/27/2020, 19:47:48",@kburton40 Sure... just like we all remember Obama did. https://t.co/dROF0xoTyQ,https://twitter.com/justin4all2/status/1321176794532352001
Christine Olivo,"10/19/2020, 18:01:33",When I‚Äôm in congress I will work to implement rank choice voting in every state.,https://twitter.com/Christinefor24/status/1318250953775194112
"Joseph LeBlanc, Jr.","10/12/2020, 15:36:32","@StephanieLaTou9 @justinamash Representative Amash (a man, was asked a tongue in cheek question about dress code by myself (also a man) it would reason that he would answer with the rules for male dress code.",https://twitter.com/PieRatKing/status/1315677740843048960
Harry Burger,"10/08/2020, 02:48:33","@InkstoneWicker @1832Rebellion I decided I was running before *gestures at 2020*.

I still continue to hope that people will get a clue before it's too late. It might be too late already but that's no excuse not to try to save the only home we have. But I'm hitting the rifle range on Sunday.",https://twitter.com/HarryRBurger/status/1314034923444015104
William Garlington,"10/25/2020, 22:51:53",Wolf (bark bark) South Korea is cooking the numbers and yet their kissing cousins (North Korea) do not report at all. Trump has issued nation wide to test test test. This means we report! Come on man! https://t.co/ToMoV4p7iJ,https://twitter.com/billgarlington/status/1320498345551474688
Robin Dominick,"10/26/2020, 08:23:15","@MMAnarchist @CrowdFundedGov @FreckledLiberty @LibertariansJoe Maybe this is reverse psychology ü§î

Be a libertarian for Biden acct and act like a huge asshole to enough people, they hate Biden more. 

Bc they sure as F*¬©&lt; aren't convincing anyone to vote for him.",https://twitter.com/RobinRD4MO/status/1320642134555402246
Christy Smith,"10/16/2020, 17:38:56","We‚Äôre experiencing the most destructive wildfire season in state history. Now, the President has denied CA aid.

We need a fighter in Congress to combat the climate crisis for the welfare of our communities and children‚Äôs future.

Read more: https://t.co/DYctgj96zr https://t.co/Udli9Ysa79",https://twitter.com/ChristySmithCA/status/1317158095827554309
Tommy Wakely,"10/23/2020, 17:32:51","In Alaska &amp; other high, cold places around the world mountains are collapsing as the permafrost that holds them together melts, threatening tsunamis as they fall into the sea #TX21 Decades ago @algore warned this would happen; Stop Fracking! @ClimateSATX
https://t.co/KoKkdKLAm5",https://twitter.com/Wakely2020/status/1319693279026360321
Scott Taylor,"10/29/2020, 18:54:38",Preach https://t.co/tIkXT1IANl,https://twitter.com/Scotttaylorva/status/1321888187325812737
Tommy Wakely,"10/11/2020, 20:16:53",I was the 2016 Democratic nominee for #TX21. I supported @DrJillStein #GreenNewDeal policy platform back then. I now support @HowieHawkins #GND. When fossil fuel Democrats like @wendydavis won‚Äôt fight to save our world you run against them @Angelica4CA @MyDeceleration @SAcurrent https://t.co/vVR10Iz2qv,https://twitter.com/Wakely2020/status/1315385906367524865
Dennis Grace,"10/16/2020, 14:09:35",@DYShor First they came for the bar owners. But I said nothing because I wasn‚Äôt a bar owner... when does it stop,https://twitter.com/thedennisgrace/status/1317105411573547011
Christine Olivo,"10/20/2020, 02:02:08","@twisterwit Thank you for following me! By any chance would you be willing to donate $7 or even $1 to my campaign? I‚Äôm fighting for Medicare for all, UBI, legalizing marijuana, the freedom of Julian Assange and much more! https://t.co/EutMQChl1n",https://twitter.com/Christinefor24/status/1318371895251709953
Robin Dominick,"10/29/2020, 08:25:59","@MusicalKasparov @citizenhush At least I mostly only kill animals. 
Mostly. 
But those go in the deep freezer. 
The others... 
üëÄ",https://twitter.com/RobinRD4MO/status/1321729984814292993
Wendy Davis,"10/24/2020, 15:12:30",Thank you @BlueActionBASCA and all the amazing volunteers telling Texans about our campaign this weekend! Only 10 more days to #GOTV #TX21 https://t.co/KOX9AsE7Vz,https://twitter.com/wendydavis/status/1320020347345915904
Harry Burger,"10/31/2020, 20:11:07",@LucreDenouncer @professordarwin @AngelaNWalker is a card-carrying Socialist running as VP on a unity ticket with @HowieHawkins on the #GreenParty line!,https://twitter.com/HarryRBurger/status/1322632214232944641
Kevin Wilson,"10/17/2020, 14:14:24",Good quick overview of the problems with the district system. We have a big opportunity to change how we approach education and make it easier for every family to choose educational options that work best for them. https://t.co/IwhFFmGovS,https://twitter.com/KevinWilsonROC/status/1317469011760812032
Robin Dominick,"10/27/2020, 01:03:56","@RareCamellia I'm trying to tough it out for now, but by December I wear those under my work jeans.",https://twitter.com/RobinRD4MO/status/1320893963352576007
Idaho Sierra Law,"10/31/2020, 03:22:02",https://t.co/VFAPo5DSNV,https://twitter.com/Congress4_IDLaw/status/1322378268360650753
Bekah Congdon,"10/15/2020, 15:03:06",@GraceWhiteKHOU @DanCrenshawTX @SimaforTX You are completely ignoring @VoteScheirman who is a candidate in this race and a choice for every single voter. This is journalistic malpractice and a willingness to participate in misinformation &amp; suppression of choice. Would you care to remedy and let voters hear from Elliott?,https://twitter.com/LibertyBeks/status/1316756491538493443
Harry Burger,"10/16/2020, 17:36:24","This is my last 24 hours, as an autistic introvert stuck in a debate situation, which really doesn't test the same skills you need to be effective in office, then allies start messaging to say I nailed it. https://t.co/lbrrdZbkzt",https://twitter.com/HarryRBurger/status/1317157459274891277
Dennis Grace,"10/18/2020, 01:42:43",#UFCFightIsland6 I‚Äôve lost count in the number of ways Ortega is the biggest threat at FW.  Jeez zus this kid   That jab is crisp as a chip.  Only way I‚Äôll see better is tuning into Loma-Lopez after this mauling.  Good show kids.,https://twitter.com/thedennisgrace/status/1317642234586632193
Akil Khalfani,"10/16/2020, 04:36:06","@CityofLinden: I am visiting every municipality in the 10th Congressional District.

#khalfani4congress
#irockwithdoc
#Linden
#akilkhalfani
#NewJersey https://t.co/YRNkmVFF8S",https://twitter.com/DrK4Congress/status/1316961092107730945
Victoria Alexander,"10/12/2020, 00:42:53","Looking forward to visiting Broome County on Tuesday with Larry Sharpe, and Tom Quiter, who is running for State Senate.  Join us.  October 13, 3:00-4:30pm 
Double Tree Hilton
225 Water Street
Binghamton, NY @Tomfor52.  #SanfordNY #DepositNY #HancockNY #NY19 https://t.co/nu8jylPcja",https://twitter.com/Alexander4Cong1/status/1315452847941709826
Phil Kurtz,"10/14/2020, 16:22:18",@TrumplicanParty Thank you! I will add you to my list of endorsers. With your permission of course. https://t.co/3EhkagNSHd,https://twitter.com/PhilKurtz3/status/1316414036200828934
Harry Burger,"10/03/2020, 19:56:53",There's something most people never get to see - my own name on a ballot! #GreenParty is row E in NY. In CD2 I'm the only meaningful vote of dissent to say #APoxOnBothYourHouses - all the other parties cross-endorsed the Big 2 candidates. https://t.co/FcszQCYWGt,https://twitter.com/HarryRBurger/status/1312481771011796992
Robin Dominick,"10/18/2020, 22:47:35","@InsanityIsFree I'm just terrible at being the imposter. 
I'm not fast enough to corner people without being seen.",https://twitter.com/RobinRD4MO/status/1317960547556610048
David Young,"11/02/2020, 14:16:15","Thanks to everyone who came out to door knock yesterday, including my sister and my mayor! There‚Äôs still 1 MORE DAY to get involved! #IA03 https://t.co/z923i42pEy",https://twitter.com/YoungForIowa/status/1323267684876898308
Steven Kolln,"10/06/2020, 19:41:04",@ThaddeusRussell Seems like most other countries already have hate speech laws. Looks like what the first amendment did in the U.S is prevent hate speech laws from happening for an extra ten years.,https://twitter.com/stevenkolln/status/1313564952456761345
Robin Dominick,"10/25/2020, 02:23:54","@Sara_James2 @bikemanbikeman Also, in NY: https://t.co/MBiCNN8Ww3",https://twitter.com/RobinRD4MO/status/1320189310562373632
Robin Dominick,"10/20/2020, 20:14:13",@freshsqueezed16 When my kids were little üòí,https://twitter.com/RobinRD4MO/status/1318646726362828805
Michael Madrid,"10/21/2020, 19:55:30","@joshdr83 @JesseJenkins Sure, it may S/T, though I imagine tech/automation will reduce L/T like many other industries.

I don't have a problem w jobs, just the job mandates in the spirit of #GND 

And I don't see how renewable become really really cheap if you're creating MILLIONS of net new union jobs",https://twitter.com/madrid4nyc/status/1319004404972982272
Robin Dominick,"10/15/2020, 08:04:18",@ninjashoes üò≥,https://twitter.com/RobinRD4MO/status/1316651098594332672
Dan Feehan,"10/16/2020, 16:25:31","Our farmers need action, not just more talk from politicians like Jim Hagedorn. In Congress, I will show up for farmers from day one and work to fully restore the RFS, advocate for a federal biodiesel tax incentive, and more. #MPRDebate #MN01 https://t.co/ZZoywbEHY0",https://twitter.com/danielfeehan/status/1317139622170972165
Robin Dominick,"11/02/2020, 22:51:17","I don't care what is LEGAL, I do what is MORAL.
I'll still help the homeless, my neighbors, my friends no matter who changes some stupid man made laws. 
Make untaxable income, build your own guns, can veggies, collect rain water, and FUCK THE STATE. 

Vote LP to send a message",https://twitter.com/RobinRD4MO/status/1323397294830555140
Albert Oram,"10/07/2020, 02:01:57","""The only thing worse than a liar is a liar that's also a hypocrite!"" -- Tennessee Williams

https://t.co/ZT2n2JKnvE",https://twitter.com/RealMaverickUSA/status/1313660804437245953
Tommy Wakely,"10/25/2020, 21:55:53","Given that my Dad &amp; his sister were born &amp; grew up in Santiago, Chile this vote is of particular interest to me #TX21. How will ‚Å¶@wendydavis‚Å© treat our southern neighbors is pretty clear. She will treat them with indifference ‚Å¶@indivisibleATX‚Å©  https://t.co/QvHyn1Zdao",https://twitter.com/Wakely2020/status/1320484250324471809
Andrew Olding,"10/26/2020, 01:26:17",@ryantannehill1 is Taxation theft?,https://twitter.com/AndrewOlding/status/1320537199927058432
Harry Burger,"10/23/2020, 01:48:43","NK won't unilaterally give up nukes, basically ever, definitely not before walking in the door to negotiate, that's his biggest trump card, that's insurance against us nuking him if he decides to attack Seoul. He's also crazy, not stupid.",https://twitter.com/HarryRBurger/status/1319455681771077632
Michael Rufo,"10/30/2020, 11:31:38","@amysaysgrr @concertafied @RandPaul Mayonnaise is an evil, putrid condiment",https://twitter.com/rufo4congress/status/1322139092302397441
David Young,"10/12/2020, 23:46:02","Are you tuning in to tonight‚Äôs 3rd and final debate? Tune in at https://t.co/WQwiOhwNu0 or https://t.co/aHjjBE7Pnl, and follow the hashtags #IA03 and #IA03Debate for live updates from my team.",https://twitter.com/YoungForIowa/status/1315800928302366720
Tommy Wakely,"10/11/2020, 20:24:09",@wendydavis says she supports education but won‚Äôt support banning fracking to mitigate the damage hurricanes are causing to our schools everywhere #TX21. This is a #ClimateEmergency &amp; we must act NOW! @CCVI_Sisters @MichaelEMann @SAHispanicCC @BexarGreensTX https://t.co/zaMaWUEgdt,https://twitter.com/Wakely2020/status/1315387733901299715
Robin Dominick,"11/01/2020, 08:14:54",@OGBLACKPLAGUE @KilldozerSZN I just messaged her in a discord group to ask if she's taking a break,https://twitter.com/RobinRD4MO/status/1322814360344010753
Robin Dominick,"10/22/2020, 19:21:38","@rogersdavis9 @RareCamellia Longer, but not forever. About 2 years.
Almost all the stuff you get at stores now has a little bio diesel in it. 
Heck, even your gas has some diesel in it from accidental drops when the tanks aren't properly marked. üò¨",https://twitter.com/RobinRD4MO/status/1319358269052358656
Harry Burger,"11/01/2020, 16:12:49","It's the last day of early voting, 2 days left to E-day with my name on the ballot, this still gives me pause.
We've got problems more immediate, but, ""There but for the grace of God go I.""",https://twitter.com/HarryRBurger/status/1322934629146464256
