"Bacon, Don","10/07/2020, 23:45:04","Today I recognized #NE02's Kim B. Hawekotte, our 2020 Angels in Adoption Honoree, for her 25 years of service in the foster care system. She exemplifies what it means to be a true force for change. Thanks to my friend and former Rep. Brad Ashford for recommending her nomination! https://t.co/MpNTmp7uaQ",https://twitter.com/RepDonBacon/status/1313988746107383808
"Fischbach, Michelle","10/27/2020, 20:26:57","Thank you for your support, I will always fight for #prolife! #mn07 https://t.co/It8hCARgRt",https://twitter.com/FischbachMN7/status/1321186647824867334
"Fischbach, Michelle","10/31/2020, 21:07:24",Fantastic MAGA Meetup in Fergus Falls today with @jkcarnah and Rep. Bud Nornes. Thank you for your dedicated service Rep Nornes! #mn07 https://t.co/DRGLrjNGQs,https://twitter.com/FischbachMN7/status/1322646377042743296
"Bacon, Don","10/27/2020, 13:56:07",Get ready to tune into Facebook live  @ 9am for our We Can Speak Up event combatting domestic violence,https://twitter.com/RepDonBacon/status/1321088288455823360
Alek Skarlatos,"10/10/2020, 18:19:26","Hey everybody! Alek's team here - Alek is out fighting to bring representation back to Oregon's 4th Congressional District! Can you help us wish him a happy birthday by donating $5, $10, or $25 today?

https://t.co/MDQd3n2yAo

Thank you so much!

- The Team https://t.co/kMIsyA4tJ3",https://twitter.com/alekskarlatos/status/1314993962617241600
"Chabot, Steve","10/20/2020, 13:36:16",Thank you for taking the time to discuss economic development and the day to day impact of #COVID19 on Springdale's community. https://t.co/1quYWgRSf8,https://twitter.com/RepSteveChabot/status/1318546578848796675
"Owens, Burgess","11/02/2020, 19:34:01",Something I think even Ben and I can agree on... https://t.co/d1pAVO8a7w,https://twitter.com/BurgessOwens/status/1323347650125598725
"Mace, Nancy","10/27/2020, 13:30:07","Want to send a #NewNancy to Congress? A Nancy who will put the #LowcountryFirst? 

There‚Äôs only one week left until Election Day. If we push harder than ever, we can restore real leadership to #SC01. GET OUT AND VOTE! https://t.co/CwA2M4PQjI #Election2020 https://t.co/diUoPElitT",https://twitter.com/NancyMace/status/1321081748122406914
"Owens, Burgess","11/02/2020, 03:58:47","@kirstiealley @realDonaldTrump Kirstie, in your industry you've made a very brave and courageous stand! You deserve serious respect...

It's unfortunate it can be like that.",https://twitter.com/BurgessOwens/status/1323112292204994560
"Boebert, Lauren","10/26/2020, 20:36:26","Looks like I‚Äôm running against The Queen of Corporate Interests!

Well, she should enjoy that title because she‚Äôll won‚Äôt be called a Congresswoman anytime soon! https://t.co/ZN33qNNH0M",https://twitter.com/laurenboebert/status/1320826644777607173
"Hagedorn, Jim","10/06/2020, 13:07:17","Very pleased to work with my colleague, @RepTomEmmer, to successfully advocate for the expansion of #CFAP2 to include Minnesota‚Äôs turkey farmers, who play an essential role in maintaining our nation‚Äôs robust food supply. https://t.co/EdJ7DcKynt",https://twitter.com/RepHagedorn/status/1313465853741064192
"Boebert, Lauren","10/05/2020, 11:03:25",@realDonaldTrump #SpaceForce! https://t.co/gkqKAVLH6Z,https://twitter.com/laurenboebert/status/1313072296387653634
"Owens, Burgess","11/02/2020, 19:26:53",@dbongino @madisongesiotto Thank you so much Dan!,https://twitter.com/BurgessOwens/status/1323345857186418688
"Bice, Stephanie","10/26/2020, 20:16:29",‚ùó¬†ICYMI: a new poll puts us AHEAD of Kendra by 4.5% points! I am committed to winning this seat back from OK's only Democrat so I can be a voice for you in Congress and represent the great people of CD-5. I hope to count on you to help me keep this lead!¬†https://t.co/GUP0Y2FdtU,https://twitter.com/stephaniebice/status/1320821623470067714
"Bice, Stephanie","10/20/2020, 16:30:00",üì∫ Tune in tonight! The final debate between me and Kendra Horn is tonight. I plan to share why I am the best candidate for this seat to restore our shared conservative values to CD-5. I hope I can count on your support on Election Day! #TeamBice #OK05 https://t.co/Iar0JG7dj8,https://twitter.com/stephaniebice/status/1318590300101640192
"Hudson, Richard","10/26/2020, 15:34:49","God bless all our service members who are deployed and have been deployed. Thank you for your sacrifice!

#NationalDayoftheDeployed https://t.co/u3AorXNggZ",https://twitter.com/RepRichHudson/status/1320750740785299461
"Hagedorn, Jim","10/12/2020, 19:57:14","The Commitment to American GROWTH Act is a key pillar of our @HouseGOP #CommitmenttoAmerica Agenda. This bill works to secure key provisions of the Trump tax cuts, encourage investment in American manufacturing, promote medical independence from China and rebuild our economy. https://t.co/QpnbIpas2N",https://twitter.com/RepHagedorn/status/1315743350323122177
"Schweikert, David","10/14/2020, 19:30:16",I applaud @NIAIDBioIT in their efforts to study &amp; further understand Valley Fever diagnoses &amp; treatments by committing $6 million for FY2022 funding. I am continuing to advocate for expanded research for Valley Fever to help all affected in the Southwest. https://t.co/rZQ6x4rZSl,https://twitter.com/RepDavid/status/1316461337925607435
Wesley Hunt,"10/26/2020, 17:09:04","Five more days to cast your vote early in #TX07! 

If you haven't done so already, please go #vote and make your voice heard! https://t.co/jFi4ivYgvR",https://twitter.com/WesleyHuntTX/status/1320774459389857792
"Fitzpatrick, Brady","10/22/2020, 19:42:46","For almost a month, Azerbaijan has been engaged in aggressive military operations in Nagorno-Karabakh, in direct violation of the 1994 ceasefire. 

There must be an immediate return to the ceasefire agreement that protects the human rights of all. 

https://t.co/SGpaGs9dw9",https://twitter.com/RepBrianFitz/status/1319363587920592896
"Boebert, Lauren","10/11/2020, 18:35:33",@john_d_miles üòÜ,https://twitter.com/laurenboebert/status/1315360405305393152
"Gonzales, Tony","10/14/2020, 22:40:48",South Texas veteran rally with @DanCrenshawTX and @chiproytx. üá∫üá∏ #TX02 #TX21 #TX23 https://t.co/dIX1E6NQ01,https://twitter.com/TonyGonzales4TX/status/1316509287271858176
Wesley Hunt,"10/30/2020, 19:11:15",It‚Äôs time to go vote #TX07! https://t.co/GSicn6cR4h,https://twitter.com/WesleyHuntTX/status/1322254760863555586
"Gonzales, Tony","10/09/2020, 20:39:15",#whereisgina #TX23 https://t.co/A3BMSqajcs,https://twitter.com/TonyGonzales4TX/status/1314666759253889029
"Fischbach, Michelle","10/14/2020, 20:43:38",We need a Congress that will stand up to this abuse of power. We don't have that with Pelosi and Peterson in control. #mn07 https://t.co/UH9MG1QdBL,https://twitter.com/FischbachMN7/status/1316479802715537409
Wesley Hunt,"10/12/2020, 20:59:06","Our Representatives in Congress must work with our law enforcement to keep our communities safe, not undermine them. https://t.co/lLb1FM8go7",https://twitter.com/WesleyHuntTX/status/1315758919097167879
"Hill, French","10/03/2020, 15:33:43","Today we celebrate the 31st anniversary of the fall of the Berlin Wall.

We cannot lose sight of the political context and years of struggle that preceded this event.

Instead, we must learn from history and not repeat East Germany‚Äôs mistakes. 

Read more:
https://t.co/eiqZpgwXUb https://t.co/wkDdgGvmeD",https://twitter.com/RepFrenchHill/status/1312415542687522817
"Chabot, Steve","10/23/2020, 14:54:54","I recently went to Springdale and visited with the Council on Aging President and CEO, Suzanne Burke and Government Relations Manager, Polly Doran.",https://twitter.com/RepSteveChabot/status/1319653530815385601
"Good, Bob","10/17/2020, 20:03:55","Bob Good grew up in a family facing financial struggles. That experience taught him the importance of community and the value of hard work, Virginia values that have shaped his life and his conservative approach to government. #VA05 https://t.co/ESc9jG2HGr",https://twitter.com/GoodForCongress/status/1317556970874875907
"Boebert, Lauren","10/07/2020, 16:10:17","@realDailyWire I‚Äôm running against her and I never waver in what I stand for. If you want to keep lying liars that lie like her out of Congress, donate today! https://t.co/AzCr1EXv8S",https://twitter.com/laurenboebert/status/1313874296612282368
"Fischbach, Michelle","10/30/2020, 12:50:36","Make sure your vote is counted. If you live in a mail ballot only precinct or want to vote before election day, use this link to find where you can vote or bring in your ballot. https://t.co/lkwoh4VxJn",https://twitter.com/FischbachMN7/status/1322158964361076737
"Steel, Michelle","10/15/2020, 01:24:01","Doesn‚Äôt pay his taxes, raises yours
Keeps his healthcare, eliminates his employees‚Äô
Calls the Republican Party frauds, sets up own Democrat ballot drop-off program

Country Over Party?
Nope -  It's Rouda Over You https://t.co/5U5mBdgWww",https://twitter.com/MichelleSteelCA/status/1316550361918910465
"Owens, Burgess","10/10/2020, 18:59:01",We need real Americans to represent the values of real Americans - not career politicians playing party politics. https://t.co/LdoFqU7JDJ,https://twitter.com/BurgessOwens/status/1315003923724410880
"Hagedorn, Jim","10/14/2020, 15:26:40","E2020 is open to ALL Minnesota Military connected, including those who are currently serving, prior service/Veterans, families, caregivers, and supporters. If this sounds like you, register today to secure your spot! https://t.co/nV9JTqxmw9",https://twitter.com/RepHagedorn/status/1316400036385820672
"Upton, Fred","10/08/2020, 18:50:22",...I'm glad law enforcement and their partners had the resources necessary to prevent these violent acts from ever becoming a reality. Our thanks and praises go out to them as they continue their work to keep our state &amp; communities safe.,https://twitter.com/RepFredUpton/status/1314276972210651138
"Boebert, Lauren","10/31/2020, 14:07:15","Word of the Day: Trunalimunumaprzure

Definition: Your guess is as good as mine. Ask the ‚Äúbig guy‚Äù.",https://twitter.com/laurenboebert/status/1322540644695478272
"Kim, Young","10/05/2020, 23:35:11",".@GilCisnerosCA claims he's fighting for our healthcare but his financial dealings say otherwise.
‚ùåProfited from up to $1 million in Pharma stock
‚ùåHis foundations investments raised medication prices 1,600%
‚ùåTraded up to $6 million in stock as #COVID19 devastated our community https://t.co/JOYjDkOKGB",https://twitter.com/YoungKimCA/status/1313261482142908417
Alek Skarlatos,"10/29/2020, 02:39:21",@Bryce57Hicks Thank you so much!,https://twitter.com/alekskarlatos/status/1321642752598188032
"Davis, Rodney","10/31/2020, 21:00:01",Appreciated the opportunity to tour Jersey Community Hospital's new clinic in Hardin. I‚Äôm proud of the initiatives that JCH CEO Beth King and the board have done to invest in rural communities to ensure that the residents of Calhoun County have access to quality healthcare. https://t.co/fVOAjHusv3,https://twitter.com/RodneyDavis/status/1322644516785053696
"Schweikert, David","10/05/2020, 20:29:35","Pleased to see Arizona leading the way for reducing our unemployment rate, including our own Scottsdale ranked at number 12. We must continue working to help individuals safely return to work. https://t.co/x5t2snySEn",https://twitter.com/RepDavid/status/1313214776089219073
"Gonzales, Tony","10/07/2020, 23:14:16","Let me be clear - any organization that uses violence to terrorize our communities should be designated a terrorist organization ‚Äî including MS-13, the KKK and Antifa.",https://twitter.com/TonyGonzales4TX/status/1313980993221677057
"Hill, French","10/18/2020, 00:59:09","Congrats on today‚Äôs win, @RazorbackFB!

Hogs had terrific defense this afternoon. üêó

#RazorbackNation #WPS https://t.co/OxGxDDuXx1",https://twitter.com/RepFrenchHill/status/1317631268616503296
"Davis, Rodney","10/13/2020, 22:00:00","International students contribute to the knowledge, research &amp; cultural diversity of the universities in #IL13, while also creating jobs &amp; economic growth. Students previously approved &amp; set to attend universities in-person should be able to do so. https://t.co/GDlGPNxOAv",https://twitter.com/RodneyDavis/status/1316136632177876993
"Bacon, Don","10/17/2020, 01:00:26","REMINDER: The deadline to enter the #CongressionalAppChallenge is October 19, 2020. The challenge is open to all middle and high school students in #NE02!

For the guidelines and details visit https://t.co/a2L0bUZUas https://t.co/Ok9mZbrCkI",https://twitter.com/RepDonBacon/status/1317269204232450049
"Boebert, Lauren","10/21/2020, 16:36:06","We thought that the Clintons were the most corrupt family in American politics, but they truly look like the ‚ÄúJV Team‚Äù next to Joe Biden and his son.",https://twitter.com/laurenboebert/status/1318954222289866753
"Fitzpatrick, Brady","10/07/2020, 16:49:30","Last week, I joined @RepSchneider to introduce the Guaranteeing Israel‚Äôs Qualitative Military Edge (QME) Act of 2020. (1/2)

 https://t.co/n3dUJSQXod",https://twitter.com/RepBrianFitz/status/1313884165146914816
Thomas Kean Jr.,"10/05/2020, 20:59:50","Election Day is HERE for many of us in #NJ07. If you haven't received your ballot yet, you will soon. When you get your ballot please fill it out according to the instructions, and bring it to your local drop box as soon as you can. 1/2 #TeamKean https://t.co/vIjyB2GTDX",https://twitter.com/KeanForCongress/status/1313222388184764417
"Gonzales, Tony","10/14/2020, 15:19:36","#ICYMI Early Voting is OPEN in Texas! There are over 100 voting locations in District 23. Visit our campaign website to find where you can cast your vote today! ‚¨áÔ∏è‚¨áÔ∏è #TX23 #TeamTony 
https://t.co/SYl1VnSZYk https://t.co/6hrujqwgXy",https://twitter.com/TonyGonzales4TX/status/1316398258357403650
"Gonzales, Tony","10/10/2020, 22:04:58",My campaign is focused on representing everyone in #TX23. #TeamTony https://t.co/plIv1TV0ZI,https://twitter.com/TonyGonzales4TX/status/1315050718978543616
"Boebert, Lauren","10/04/2020, 00:13:35","The WH Chief of Staff is on the record in the AP article - not what I‚Äôm discussing.

All the tabloid style gossip about medical details being reported is highly irresponsible and matters of critical national security should not be ‚Äúanonymous‚Äù.

No need to twist my statement. https://t.co/z6ggoQ4ULT",https://twitter.com/laurenboebert/status/1312546372344786944
"Bice, Stephanie","10/20/2020, 22:13:36","‚úÖ As a state senator, I helped create 5,000 jobs in Oklahoma, and know how we can strengthen our economy &amp; job market right here in CD-5. #OK05debate https://t.co/o5DCeg9LXN",https://twitter.com/stephaniebice/status/1318676768996397059
"Bice, Stephanie","10/15/2020, 18:30:00","Great news! Oklahoma City was named the fastest growing city in our state! Our community is a great place to work and raise a family. #OKC
https://t.co/oINOZsKG0Y",https://twitter.com/stephaniebice/status/1316808560878202881
"Bice, Stephanie","10/20/2020, 23:00:53","Tonight, you heard a contrast between Kendra Horn's vision and mine for the future of our local communities. Kendra will continue to be beholden to Pelosi and liberals in DC while I'll stand up for you. Donate to our campaign to take back CD-5! #TeamBice https://t.co/mtVMWt71n8",https://twitter.com/stephaniebice/status/1318688668165545986
"Davis, Rodney","10/05/2020, 21:47:47",Recorded a video this morning for Ms. Giberson to share with her 3rd grade class at @DPS61Decatur Hope Academy. Appreciated the chance to talk about how a bill becomes a law and answer student questions. https://t.co/NoH9U7bwZw,https://twitter.com/RodneyDavis/status/1313234456728268801
Alek Skarlatos,"10/09/2020, 17:24:54",.@DeFazio4Oregon would like to whitewash his record. But he openly supported defunding police. His lying won't work this time. Pete has lost touch with the people after spending too much time in Washington with the radical left. It‚Äôs time to send him home. #ElectionsMatter https://t.co/KIizcxeAQe,https://twitter.com/alekskarlatos/status/1314617849332158465
"Meijer, Peter","10/08/2020, 20:53:49",finally got my Honolulu House selfie in Marshall today! https://t.co/hPRxj4xQrn https://t.co/j6gCjCo0FJ,https://twitter.com/VoteMeijer/status/1314308037797085185
"Hill, French","10/26/2020, 19:54:53","On National #DayoftheDeployed, I thank every brave man and woman who is currently, or has ever been deployed to serve our country in foreign lands. I recognize the sacrifice made by their families in support of their service and I extend my thanks and prayers to their loved ones. https://t.co/NEtOeTZrgg",https://twitter.com/RepFrenchHill/status/1320816186662289409
"Boebert, Lauren","10/14/2020, 16:19:21","If you wish to donate, you can do so here: https://t.co/9mwZIIrH3x",https://twitter.com/laurenboebert/status/1316413291598688256
"Boebert, Lauren","10/25/2020, 12:14:20",I can't say it enough.  Make sure to tell everyone you know to vote today! https://t.co/6mG3J3jw8r for locations.  https://t.co/WvHRWwFb9c to track your mail-in ballot.  Thank you for all of your support! https://t.co/Hu6rDlPYhi,https://twitter.com/laurenboebert/status/1320337899028680705
"Boebert, Lauren","10/14/2020, 18:19:07",@war134war134 @carol64422530 You misspelled ‚ÄúHunter Biden‚Äù,https://twitter.com/laurenboebert/status/1316443432789966848
"Fischbach, Michelle","10/10/2020, 15:22:00",The @WomenforTrump #bustour will motor through #MN07 on Monday 10/12. Plan to join us at the Moorhead office: https://t.co/IGeXfp6Q3C,https://twitter.com/FischbachMN7/status/1314949307871694848
"Bacon, Don","11/02/2020, 01:05:03","I co-founded and currently serve as co-chair of the For Country Caucus, a bipartisan group of veteran and active-duty Members who pledged to serve with the core values of our respective services ‚Äì integrity, civility, and the courage to break through political dysfunction. https://t.co/AYhPUSDoUh",https://twitter.com/RepDonBacon/status/1323068570994135040
"Bacon, Don","10/09/2020, 00:35:02","The Congressional App Challenge is for all middle and high school students! The deadline is October 19, 2020 so start working on your submission now! For the guidelines and details visit https://t.co/a2L0bUZUas https://t.co/loNncWq3uv",https://twitter.com/RepDonBacon/status/1314363708743847938
Wesley Hunt,"10/05/2020, 00:44:01","Thank you, Council Member Greg Holden, for endorsing my campaign in #TX07. I look forward to working with you to build a brighter, more opportunity-rich future for this great district. I am proud to have earned your trust and support. https://t.co/H0kSqK8Gi9",https://twitter.com/WesleyHuntTX/status/1312916418355224577
"Bacon, Don","10/29/2020, 20:02:13","In last year's #HASC hearing, I pushed for the ""Safe to Report"" policy that I introduced with @RepSpeier. Military members who experience sexual assault should be able to come forward without fear of being punished or demoted for a minor offense. Watch: https://t.co/pkr5OK7mce",https://twitter.com/RepDonBacon/status/1321905195572465665
"Owens, Burgess","10/26/2020, 22:08:16","I remember very vividly my first terrifying run-in with white supremacists. You know what upsets me though? People manipulating it for political gain, using a description of an evil ideology and labeling anyone who disagrees with them with it.",https://twitter.com/BurgessOwens/status/1320849753563746307
"Steel, Michelle","10/10/2020, 14:00:01","Ballots are mailed! Do you have a plan to #vote? Ballots can be returned by mail, dropped at a ballot dropbox, or delivered to a voting center starting October 30th. 
 
Learn more at https://t.co/pOXqdLYtMI",https://twitter.com/MichelleSteelCA/status/1314928679257071617
"Owens, Burgess","10/28/2020, 18:23:01","First responders are the heroes who put themselves on the line for the safety of others - every day, and especially this year. Thank you to first responders everywhere for your selflessness. #FirstRespondersDay https://t.co/uWpR0bNGnq",https://twitter.com/BurgessOwens/status/1321517846950805511
"Bice, Stephanie","10/10/2020, 14:30:00","Today is World Mental Health Day. In these difficult times, it‚Äôs important to remember tips to improve and prioritize your mental health for you and others. #WorldMentalHealthDay
https://t.co/YU1kz5T3RF",https://twitter.com/stephaniebice/status/1314936223983566848
"Good, Bob","10/27/2020, 22:49:34","Thanks, @RudyGiuliani, America's Mayor! https://t.co/8uXLBwJ4sq",https://twitter.com/GoodForCongress/status/1321222536970096642
"Cawthorn, Madison","10/25/2020, 16:22:42","My opponent, Moe Davis called Christians who follow Billy Graham ""racists,"" and referred to Christian gatherings held by Franklin Graham, as Klan rallies. He called Jesus ""hateful."" He said ‚ÄúThe most un-Christ-like people in America are the purported Christians."" Shame on him. https://t.co/SWVogVubRP",https://twitter.com/CawthornforNC/status/1320400402370777090
Rich McCormick,"10/06/2020, 01:40:56",@GuardFreedom45 Thank you for your support!!!üá∫üá∏,https://twitter.com/RichforGA/status/1313293127277576193
"Bice, Stephanie","10/03/2020, 15:30:00","The Veterans of Foreign Wars Department of Oklahoma collected disaster relief supplies last month to aid those affected by Hurricane Laura. I thank our state's veterans for their endless service and commitment to this great nation.
https://t.co/CNBe9PAhzQ",https://twitter.com/stephaniebice/status/1312414607164805122
"Gonzales, Tony","10/31/2020, 01:08:31",Friday night lights #TX23 style! Great end to a long day on the campaign trail. #MedinaCounty #BuiltToWin #WhereIsGina https://t.co/LfuyHn9Dv7,https://twitter.com/TonyGonzales4TX/status/1322344666524778496
"Good, Bob","10/28/2020, 16:00:19","""Good credits many of his accomplishments to his humble, although difficult, beginnings, and to God‚Äôs blessings along the way, including his chance to receive a Christian college education at Liberty."" #VA05 
https://t.co/K0LN07M6JE https://t.co/vzatXvORW3",https://twitter.com/GoodForCongress/status/1321481934250364935
"Hagedorn, Jim","10/26/2020, 14:55:43",Pleased to join my MN colleagues in urging @usairforce to maintain the C-130 fleet that is essential to the success of the Minnesota Air National Guard. Reducing the fleet's size would be detrimental to the great work the Guard does to aid humanitarian missions. https://t.co/IkN137cdCC,https://twitter.com/RepHagedorn/status/1320740901057138695
"Roy, Chip","10/05/2020, 15:35:08","My statement on Texas AG Ken Paxton: 

For the good of the people of Texas and the extraordinary public servants who serve at the Office of the Attorney General, Attorney General Ken Paxton must resign.

https://t.co/oe6VmO2oAu",https://twitter.com/RepChipRoy/status/1313140673688727552
"Davis, Rodney","10/31/2020, 15:00:01",I‚Äôm here to serve you. This #IL13 #ConstituentServiceSpotlight is another example of how my office and I can help. Reach out if we can ever be of assistance: https://t.co/UwfjLHml8t https://t.co/oEYs3DJYhn,https://twitter.com/RodneyDavis/status/1322553921794134017
"Hill, French","10/08/2020, 12:48:46","As Co-Chair of @CongressionalAC, I encourage all students to apply by October 19 for the #2020CongressionalAppChallenge. This competition provides a valuable opportunity for high school students to use their skills &amp; take an active role in the STEM field. 
https://t.co/rBVKB7R2PB",https://twitter.com/RepFrenchHill/status/1314185970682650626
"Mace, Nancy","10/07/2020, 11:45:51","The last debate is in the books! Love my little political junkies watching at home. ‚ù§Ô∏è

If you missed last night‚Äôs #SC01 debate, be sure to watch on @ABCNews4 this Sunday the 11th at 8pm. Thank you for putting your faith in me to put the #LowcountryFirst! https://t.co/WwtcBHcivM",https://twitter.com/NancyMace/status/1313807750531514368
"Davis, Rodney","10/14/2020, 13:00:00",Met w/ Rafael in Normal this week about human rights abuses occurring in Nicaragua under the current regime. I have always supported democracy around the world including supporting the Nicaragua Human Rights and Anti-Corruption Act. I stand with those fighting for democracy. https://t.co/UKO2uFUcyo,https://twitter.com/RodneyDavis/status/1316363125118185472
Alek Skarlatos,"10/18/2020, 17:55:26","Check out my column in the .@registerguard  in which I ask the fundamental question of this election: Is Pete DeFazio entitled to a lifetime job in DC? 

I believe that it's time for change &amp; I ask that you honor me with your vote

 Full columnüëáhttps://t.co/dZBkLRrgQb

#Alek2020",https://twitter.com/alekskarlatos/status/1317887024762810368
"Owens, Burgess","10/13/2020, 00:14:20","The goal is 0% unemployment, but we must really commend the work of our local leaders in Utah for getting post covid unemployment to pre-covid numbers. That is thanks to our innovative business owners!",https://twitter.com/BurgessOwens/status/1315808050708541441
"Meijer, Peter","10/23/2020, 16:35:38","Wondering what this semicylindrical prefabricated metal structure is in downtown Grand Rapids? 

It's our WWII-era #MI03 campaign Quonset hut! Check out the video below to learn more and get a behind-the-scenes look üëá (1/3) https://t.co/ZA81jlCxqJ",https://twitter.com/VoteMeijer/status/1319678879716474880
"Gonzales, Tony","10/22/2020, 15:11:37",#TBT God puts people in our path everyday. Grateful to call @marcorubio a mentor and friend. #TeamTony #TX23 https://t.co/ijgKxEVXAo,https://twitter.com/TonyGonzales4TX/status/1319295349866061825
"Upton, Fred","10/20/2020, 23:42:26","We are 14 days away from the election, after which the prospect of moving COVID-19 relief is very dim until February. Every day that passes is a missed opportunity to deliver relief for those in need. The @ProbSolveCaucus &amp; I are encouraging negotiators to STAY AT THE TABLE. https://t.co/UMtibMLBJZ",https://twitter.com/RepFredUpton/status/1318699124590579718
"Fischbach, Michelle","10/07/2020, 02:04:56",Nancy Pelosi has wasted months with her liberal wish lists instead of focusing on how to help Americans in need. #mn07 https://t.co/3xwyqGJVnt,https://twitter.com/FischbachMN7/status/1313661557398794240
"Cawthorn, Madison","10/07/2020, 15:00:17","My opponent represents an old, outdated and broken Healthcare system. 

DC Liberals always look to Government for the answers we face. We need Government to get out of the way and allow the Free Market to do what it does best. 

Send an outsider:
https://t.co/DbPb7MewB1 https://t.co/jvHdGmvbLE",https://twitter.com/CawthornforNC/status/1313856678845124613
Thomas Kean Jr.,"10/07/2020, 15:31:07","Haven‚Äôt received your ballot yet?

Make sure you're registered to vote by 10/13.

If you ARE registered to vote but still haven‚Äôt received your ballot, contact your County Clerk.

Visit https://t.co/wfoiDzIOQa for more information and to view our Voter Resources! #NJ07 #TeamKean https://t.co/URTmTNPfX3",https://twitter.com/KeanForCongress/status/1313864437992951809
"Young, Don","10/21/2020, 19:43:05",The forced internment of our fellow citizens during WWII is one of the darkest chapters in our history. The fact that it occurred during my lifetime highlights just how fresh of a wound this is for Japanese Americans across our country. https://t.co/U8s4XWH88v,https://twitter.com/repdonyoung/status/1319001277964144644
"Mace, Nancy","10/10/2020, 23:52:28","Thank you to Gail and David Barrow for inviting me to meet your neighbors and friends in my hometown of Goose Creek last week! 

It was great to talk with folks who want to see our Lowcountry values put FIRST in Congress, not partisan agendas! üá∫üá∏

#LowcountryFirst #NewNancy #SC01 https://t.co/OgcHF2vcwv",https://twitter.com/NancyMace/status/1315077770456846339
Alek Skarlatos,"10/29/2020, 00:43:35","Unlike .@DeFazio4Oregon who called for ""shifting funds away"" from Police Departments I will always stand with our brave men and women of law enforcement.

Join me and vote by November 3rd.

#Alek2020 #backtheblue #1517toCongress #BeatPete #DumpDeFazio https://t.co/kdBfMSahzh",https://twitter.com/alekskarlatos/status/1321613616261464064
Wesley Hunt,"10/24/2020, 21:44:02","Thank you to everyone who joined @JimMurphy133 and me for our Get Out The Vote Rally today! 

With your support, we can give #TX07 the advocate it deserves in Congress. Stay active and engaged and VOTE! https://t.co/KIikRduAjU",https://twitter.com/WesleyHuntTX/status/1320118881051095040
"Steel, Michelle","10/16/2020, 14:11:00",We are getting to the point where nothing that Harley Rouda says can be trusted. Now he is trying to discourage churchgoers and minorities from voting. It's time to boot this hypocrite out of office and #StandWithSteel https://t.co/m0IJtDUSAw,https://twitter.com/MichelleSteelCA/status/1317105767540023298
Thomas Kean Jr.,"10/10/2020, 16:58:41",Thank you to everyone who came out to our Bridgewater Ballot Box Party! Great to see so many folks excited to drop their ballots at the secure ballot drop box! #TeamKean #NJ07¬†#bridgewaternj https://t.co/Iw83wmqb3J,https://twitter.com/KeanForCongress/status/1314973638966284289
"Davis, Rodney","10/30/2020, 19:59:39",It wouldn‚Äôt be a visit to Calhoun County without a stop at one of its tremendous produce stores - Odelehr's in Brussels. I couldn‚Äôt pass up the opportunity to stock up on locally-produced products! https://t.co/wrSl65X83L,https://twitter.com/RodneyDavis/status/1322266939729784835
"Owens, Burgess","10/18/2020, 04:15:35",The @icecube situation has exposed the politicization of race issues. If people were as passionate about race issues as they are politics they would have applauded him for being at the table.,https://twitter.com/BurgessOwens/status/1317680703878803457
Thomas Kean Jr.,"10/28/2020, 12:45:27","Every year, but this year in particular, we owe so much to our First Responders. They are truly hometown heroes! #NJ07 #FirstRespondersDay https://t.co/vS1Y2PexFj",https://twitter.com/KeanForCongress/status/1321432895005859841
Wesley Hunt,"10/29/2020, 22:32:51","I'm honored to join oil &amp; gas businesses &amp; @DanCrenshawTX to show support for Texas energy. 

Our energy industry provides clean &amp; affordable energy to millions, employs hundreds of thousands and even funds our education system.

We will not let DC politicians destroy it. https://t.co/lrOZ98jBht",https://twitter.com/WesleyHuntTX/status/1321943106636324864
"Bacon, Don","10/08/2020, 20:01:13","The #ChineseCommunistParty is a threat to the U.S. and our allies around the world, and they must be held accountable for their aggressive actions and failure to maintain the international spread of #COVID19.

Read @ChinaTaskForce's full report ‚û°Ô∏è https://t.co/SVa6x2JEoU https://t.co/rHrFTfDdoZ",https://twitter.com/RepDonBacon/status/1314294798837338114
Thomas Kean Jr.,"11/01/2020, 21:30:34","Thank you to all the amazing folks who came out to our Rally today in Somerville! We're back to phonebanking now, join us by going to¬†https://t.co/B8DNi0ZUlq¬†to sign up! #SomersetCounty #TeamKean #NJ07 #GOTV https://t.co/tVmsxfbbUO",https://twitter.com/KeanForCongress/status/1323014593694863361
"Mace, Nancy","10/06/2020, 23:40:53","Democrat Congressman Cunningham has not met a tax he doesn't like. üí∏üí∏

I received the 2019 Taxpayer Hero Award from @SCClub4Growth because I will always protect SC taxpayers. That's putting the #LowcountryFirst.

#SC01 #SCPol #NewNancy https://t.co/ikyQPLG1Yg",https://twitter.com/NancyMace/status/1313625306855542788
"Steel, Michelle","10/13/2020, 23:18:00","For 245 years, the brave men and women of the @USNavy have put their lives on the lines to fight for our freedoms. Every day, but especially on the Navy‚Äôs 245th birthday, we thank you for your service! #NavyBirthday https://t.co/hU17bnjMs9",https://twitter.com/MichelleSteelCA/status/1316156261063294976
"Schweikert, David","10/21/2020, 17:43:08","Today I introduced the Safe Testing at Residence Telehealth Act of 2020, legislation aimed to provide at home #COVID19 testing for our seniors &amp; more vulnerable populations. We must keep our loved ones safe by advancing healthcare technology. ‚¨á
https://t.co/ugfxAy0Ynj",https://twitter.com/RepDavid/status/1318971091155668992
Wesley Hunt,"10/13/2020, 17:15:21",It was great joining @KPRC2 Houston last week to share why I am campaigning to earn your vote in #TX07. https://t.co/h6sUWxPyAq,https://twitter.com/WesleyHuntTX/status/1316064997710192642
"Gonzales, Tony","10/08/2020, 18:34:09","Please fill out the survey BEFORE 7PM and let us know what issues YOU want to be addressed during the debate. #TX23 #TeamTony 

‚¨áÔ∏è  TAKE THE SURVEY NOW ‚¨áÔ∏è 
https://t.co/yUrmNLBwNF

Where to watch the debate ‚û°Ô∏è  https://t.co/76BHzSb8cy https://t.co/w31rhOvOOQ",https://twitter.com/TonyGonzales4TX/status/1314272890477518849
"Owens, Burgess","10/13/2020, 00:21:33",Ben McAdams wants you to believe he‚Äôs not as liberal as he is - but he votes with Nancy Pelosi 85% OF THE TIME. #UT04 #UTdebates #listenlearnvote https://t.co/HgIgV3gArr,https://twitter.com/BurgessOwens/status/1315809865323941888
"Fitzpatrick, Brady","10/06/2020, 13:55:05",https://t.co/FmEm0GwmiT,https://twitter.com/RepBrianFitz/status/1313477884019867650
"Chabot, Steve","10/09/2020, 19:09:11","#PPP was designed to get aid to our nation‚Äôs small businesses quickly so that they could keep their workers on payroll during the pandemic.
 
The @SBAgov worked quickly, and in the first 14 days of the program, they processed over 14 years‚Äô worth of loans.",https://twitter.com/RepSteveChabot/status/1314644095609036800
"Steel, Michelle","10/06/2020, 19:32:37",Attacks on innocent civilians are unacceptable. Azerbaijan must halt the violence it has instigated. I stand with the Armenian people and support a peaceful resolution to the conflict over Artsakh.,https://twitter.com/MichelleSteelCA/status/1313562827219701760
"Davis, Rodney","10/15/2020, 23:00:31","Congrats to the @TvillePD on their new squad car. It was purchased with the help of a $20k @usdaRD grant. Great to join State Director Douglas Wilson and catch up with Mayor Barry, Chief Wheeler, Dep. Chief Childers, and Officer Dickey to check it out today. https://t.co/wNdf6Jo3ty",https://twitter.com/RodneyDavis/status/1316876638089408514
"Schweikert, David","10/27/2020, 00:35:23",I commend the Senate for confirming Judge Amy Coney Barrett as a new Associate Justice to the U.S. Supreme Court. She will be a great addition for upholding the Constitution and rule of law. #SCOTUS #ACBConfirmed https://t.co/rReAn3APL0,https://twitter.com/RepDavid/status/1320886778186838017
"Spartz, Victoria","10/14/2020, 20:32:47","It has been wonderful to work with Sen. Phil Boots in the Indiana State Senate. I appreciate his support of my campaign for Congress! 

https://t.co/OUAzqbLGFo",https://twitter.com/Victoria_Spartz/status/1316477072282464268
Rich McCormick,"10/14/2020, 17:08:37",Very blessed to have this endorsement!  Thank you to the Hindu American community for your support. https://t.co/wglj0cJPUU,https://twitter.com/RichforGA/status/1316425691890692098
"Herrera Beutler, Jaime","10/27/2020, 22:29:58",I‚Äôm proud to have secured the funding for the much-needed expansion and bus upgrades so folks here continue to have reliable and safe transportation options. https://t.co/otaI1tNRy9,https://twitter.com/HerreraBeutler/status/1321217604737028097
"Chabot, Steve","10/13/2020, 17:50:02",Be sure to tune in to @GovMikeDeWine's #COVID19 press conference on the https://t.co/KDHeS6ytJE at 2 p.m. for updates and information.,https://twitter.com/RepSteveChabot/status/1316073726673391619
"Fitzpatrick, Brady","10/14/2020, 17:17:23",There is no substitute for safety. Everyone deserves to operate in a safe work environment and to go home to their loved ones at the end of each day. @TyndaleFR https://t.co/KiHrQX4pun,https://twitter.com/RepBrianFitz/status/1316427897293418504
"Meijer, Peter","10/19/2020, 19:31:17",Also excited to unveil Sandy! She's excited to be out of the stables at long last. https://t.co/nzQd2gsfc8,https://twitter.com/VoteMeijer/status/1318273533395505155
"Boebert, Lauren","10/13/2020, 21:27:05","If you think you‚Äôve seen the worst of this hearing, Cory Booker just started.",https://twitter.com/laurenboebert/status/1316128350423969792
"Roy, Chip","10/27/2020, 14:19:07",https://t.co/fi3rG5waoE,https://twitter.com/RepChipRoy/status/1321094077610446851
Rich McCormick,"10/08/2020, 23:38:21","What my opponent doesn‚Äôt want you to know is that these co-signers are a who‚Äôs who of Democrat donors.  They‚Äôve given more than $200,000 to liberal candidates and almost none of them live in GA-07. 

Ohh and their letter is written VERBATIM from a Democrat party campaign memo. https://t.co/kCCt9BMSra",https://twitter.com/RichforGA/status/1314349444410769408
"Roy, Chip","10/27/2020, 14:18:51","relegated it to a political circus. They see the Judiciary Committee not as a means of ‚Äúadvise and consent,‚Äù but as a gladiatorial arena wherein they can feed good men and women to rabid animals for sport. As an attorney on the committee for 5-years, I watched it time and again.",https://twitter.com/RepChipRoy/status/1321094008563793921
"Kim, Young","10/26/2020, 15:00:01","8 days out, the latest poll has us in the lead -- but victory‚Äôs within the margin of error! Can you chip in to help us WIN on November 3rd? #TeamYoung #VoteYoungKim

https://t.co/vczIXaRmzs",https://twitter.com/YoungKimCA/status/1320741981115555841
"Owens, Burgess","10/27/2020, 18:28:02",Why are you voting for Burgess? Let us know at the link: https://t.co/tqO4zxLepw https://t.co/ovSdTrG1Iv,https://twitter.com/BurgessOwens/status/1321156718659854339
"Bice, Stephanie","10/07/2020, 11:06:17","@iheartwestbrook Here are the facts: 

I voted for not one, but two teacher pay raises. ($6k in 2018 and $1.2k in 2019. )

I voted for a COLA in 2020 for retired teachers. 

I voted against the Nov.  2017 special session budget that slashed common ed. 

Votes don‚Äôt lie, they are public record.",https://twitter.com/stephaniebice/status/1313797790682750984
"Bacon, Don","10/12/2020, 17:15:04","Today is #NationalFarmersDay! THANK YOU to all of our farmers, ranchers, and producers in #Nebraska who work day and night to make us one of America‚Äôs leading states for agriculture. #ThankAFarmer https://t.co/6fr4QBeVFM",https://twitter.com/RepDonBacon/status/1315702540701442048
"Steel, Michelle","10/12/2020, 14:00:01","When #COVID19 hit #CA48, our community members and small businesses were struggling. That‚Äôs why I:
 
‚úÖ  Fought for the elderly
‚úÖ  Protected the homeless
‚úÖ  Assisted low-income families
‚úÖ  Provided financial relief
 
https://t.co/YmOEN1tWWL",https://twitter.com/MichelleSteelCA/status/1315653452089880576
Wesley Hunt,"10/15/2020, 23:14:27","I am humbled by the outpouring of support that's brought us to this point.

We more than doubled my opponents fundraising $ in Q3 - the residents of #TX07 are making their voices heard! https://t.co/Qwtmiv6bFQ",https://twitter.com/WesleyHuntTX/status/1316880145978953729
"Gonzales, Tony","10/24/2020, 18:07:20","Meet Mr. Antonio Hernandez, a staunch straight ticket Democrat. This year he voted Democrat on every race except #TX23. #TeamTony #BuiltToWin #WhereIsGina https://t.co/0k0A2rmr4U",https://twitter.com/TonyGonzales4TX/status/1320064345016049665
"Gonzales, Tony","10/13/2020, 03:46:46",#TeamTony is shaking up #TX23. Cool video of pecan tree shaking! Love your farmers! https://t.co/7O6RJ07Lgp,https://twitter.com/TonyGonzales4TX/status/1315861513341730816
Alek Skarlatos,"10/21/2020, 20:13:48",".@DeFazio4Oregon has been a disaster for small businesses and workers in SW Oregon. 

""0"" Rating from the National Federation of Independent Businesses. 

#OR04 has become the poorest Congressional District in the state under Pete.

#BeatPete #DumpDeFazio #FlipThe4th https://t.co/Gv4XUdVEW0",https://twitter.com/alekskarlatos/status/1319009007726542848
"Owens, Burgess","10/13/2020, 15:38:38",Here in our district we have @TimBallard one of the world's leading anti-trafficking voices. We also have the @UtahFop . What great resources for tackling trafficking and criminal justice reform here in district 4. Our representatives need to meet with them and learn from them.,https://twitter.com/BurgessOwens/status/1316040659002773504
"Cawthorn, Madison","10/25/2020, 18:58:23","My opponent doesn‚Äôt want you to see this:

‚ÄúDavis said he does not disagree with banning assault rifles, but he does believe he would lose the election if he made that opinion public.¬†

‚ÄúWe just can‚Äôt cram it down their throats or we‚Äôre not going to win‚Äù

https://t.co/lXd9sK76GP https://t.co/bYgPo05lnj",https://twitter.com/CawthornforNC/status/1320439580563296256
"Owens, Burgess","10/04/2020, 01:35:32",@JoeTalkShow Thank you so much my friend,https://twitter.com/BurgessOwens/status/1312566996748308480
"Franklin, Scott","10/28/2020, 00:42:28","@gospiz @Fla_Pol @FlaFarmBureau @kellyrhayes @AlanMCohn That‚Äôs a lie.  If elected, I will never take any action that would jeopardize social security for the seniors who rely upon it and who have faithfully paid into it with the expectation that it would be there for them in retirement.",https://twitter.com/ScottFranklinFL/status/1321250949772550144
"Owens, Burgess","10/03/2020, 00:26:01","I'm on a mission to end human trafficking, here in Utah and across the United States. Are you with me? https://t.co/wYuHBScwc8",https://twitter.com/BurgessOwens/status/1312187113262047232
"Bice, Stephanie","10/17/2020, 16:44:47","Actually, I voted FOR the teacher pay raise the Thursday BEFORE the walk out occurred. 

Oh, and I voted for another $1200 teacher pay raise in 2019. 

You‚Äôre entitled to your own opinion, but your not entitled to your own facts. #FactsMatter #VoteBice https://t.co/dUe43ZLZX7",https://twitter.com/stephaniebice/status/1317506855158022151
"Boebert, Lauren","10/08/2020, 20:05:34",It‚Äôs so fun to actually campaign and meet people rather than just hide in a basement all day! https://t.co/Gtuv5K7DXR,https://twitter.com/laurenboebert/status/1314295894485934081
"Gonzales, Tony","10/22/2020, 12:16:00","#TBT If she doesn't show up now, do you think she will show up if she is elected to Congress? https://t.co/pmvHJ3B7uD",https://twitter.com/TonyGonzales4TX/status/1319251154560258048
"Boebert, Lauren","10/27/2020, 16:28:48","After this fired up crew knocked hundreds of doors in Pueblo, Colorado, 150 volunteers showed up to knock hundreds more!

Get out and VOTE! 
Turn your ballots in today! https://t.co/zKViDyopnR",https://twitter.com/laurenboebert/status/1321126712235667458
Wesley Hunt,"10/10/2020, 19:54:08",This morning #TX07 was fired up and ready for change! https://t.co/wQU9X2VJ6b,https://twitter.com/WesleyHuntTX/status/1315017795445415944
"Meijer, Peter","10/26/2020, 17:18:57","As a post-9/11 vet, this is personal to me. I had friends at K2, and the cancer clusters are real. Ensuring the VA tracks down and helps vets impacted by the radioactive &amp; toxic hazards will be one of my priorities in Congress. Watch this video and be outraged: https://t.co/sBknnJ8YjD",https://twitter.com/VoteMeijer/status/1320776948323418118
"Upton, Fred","10/27/2020, 14:22:51","We're working hard to expand high-speed, reliable broadband service to communities across southwest Michigan. #MI06 https://t.co/4aYdVV5nj8",https://twitter.com/RepFredUpton/status/1321095015859445767
"Davis, Rodney","10/09/2020, 20:53:26","ICYMI: ‚Äú...one thing we haven‚Äôt forgotten about at the federal level is to work in a bipartisan way to make sure there is funding to prepare people who are now out of work because of COVID to get back into the workforce during the pandemic.‚Äù

https://t.co/35TjMJCOaQ",https://twitter.com/RodneyDavis/status/1314670328895995911
"Boebert, Lauren","10/23/2020, 12:20:14",I‚Äôve never felt so confident about the future of our country as I do right now. We are on the right track with the right President. Let‚Äôs keep winning!,https://twitter.com/laurenboebert/status/1319614609582706688
Wesley Hunt,"11/02/2020, 18:03:03",Team Hunt pounding the pavement to flip #TX07 on Election Day! https://t.co/rhx9eDTTDj,https://twitter.com/WesleyHuntTX/status/1323324759527084039
"Hill, French","10/10/2020, 22:41:18","I am pleased to announce the¬†2020 @FAANews STEM AVSED Airport Design Challenge¬†for¬†K-12 students. Registration is now open and runs through October 25.¬†
¬†
This is a wonderful opportunity for our students interested in #STEM fields or architectural design. https://t.co/cfhLHYUOKJ",https://twitter.com/RepFrenchHill/status/1315059862724804610
"Bacon, Don","10/26/2020, 21:01:29","Thank you to our Gold Star spouses who spent time with me on Saturday. We made progress ridding the Widow‚Äôs Tax, but providing access to our bases and cutting through the bureaucracy remains a problem. Supporting our #GoldStar families will always be a top priority of mine! https://t.co/qVxRxC17vl",https://twitter.com/RepDonBacon/status/1320832947101093888
Wesley Hunt,"10/20/2020, 17:09:19",Emily and I are praying for these officers and their families. https://t.co/db9yuYPSVx,https://twitter.com/WesleyHuntTX/status/1318600194041221123
"Chabot, Steve","10/17/2020, 15:45:39","On Monday night, I had the privilege of presenting a flag flown over the US Capitol on July 4, 2020, to Crosby Twp. Trustee Chris Dole.  Trustee Dole is retiring after 20 years of service to the Township. https://t.co/OftpiPZCaN",https://twitter.com/RepSteveChabot/status/1317491976808398849
Wesley Hunt,"10/19/2020, 19:53:09",Honored to have your support @NikkiHaley! https://t.co/MZpXUnLlmm,https://twitter.com/WesleyHuntTX/status/1318279038683721732
"Fischbach, Michelle","10/16/2020, 00:26:22","""Fischbach is more of an ardent ally to the @realDonaldTrump administration. Peterson has endorsed former Vice President Joe Biden for president."" 

Thank you for noticing! #mn07 

https://t.co/DtiM6Gg8e2",https://twitter.com/FischbachMN7/status/1316898244090351618
"Chabot, Steve","10/06/2020, 13:24:29",I was glad to have the opportunity to drop by the Evendale Fire Department in September.  Thank you for all you do to serve our community. https://t.co/SXHADJbyLg,https://twitter.com/RepSteveChabot/status/1313470183831416842
"Bacon, Don","10/29/2020, 13:12:18",Thank you @PACEOmaha for all you do for our community. The new trails will be great! https://t.co/FXHHX6kPcH,https://twitter.com/RepDonBacon/status/1321802039777701888
Jim Marchant,"10/26/2020, 21:59:06","‚ÄúI endorsed Jim because he fought for Nevada and will fight for YOU in Congress. He will protect 2A, Back the Blue, and fight to keep our Liberties.‚Äù - Leo Blundo Nye County Commissioner https://t.co/ExehXQsyw1",https://twitter.com/VoteJimMarchant/status/1320847449460793355
"Boebert, Lauren","10/17/2020, 22:51:09","We‚Äôve got just seventeen days left until this election is decided.

I need to keep up the momentum in my district &amp; for that I need your help!

Donate to this campaign today so that we can defeat my far-left opponent and her extremist agenda.

Donate: https://t.co/9mwZIIrH3x https://t.co/lAbhg8owtx",https://twitter.com/laurenboebert/status/1317599056542224384
"Chabot, Steve","10/26/2020, 17:26:57","Last week, I had the opportunity to deliver needed food, personal care, and household items to the Franklin Area Community Services Pantry. https://t.co/9E3Mq3bkHX",https://twitter.com/RepSteveChabot/status/1320778957810290688
"Good, Bob","10/07/2020, 01:30:11","Cameron Webb ""is pretending to be a bipartisan moderate in this district because he has to try to fool people to have a shot to win. In the primary, he was endorsed by Kamala Harris, Elizabeth Warren, and The Squad."" -Bob Good on @marklevinshow #VA05",https://twitter.com/GoodForCongress/status/1313652810500788230
"Good, Bob","10/12/2020, 23:13:48","‚ÄúBob Good is a leader we can count on. He has served in local office and understands the needs of our communities. He will have the back of law enforcement, and he can count on me to have his back in this election. He has my full support.‚Äù 
-Bedford County Sheriff Mike Miller https://t.co/kYRCI4g5hw",https://twitter.com/GoodForCongress/status/1315792815599820800
"Fitzpatrick, Brady","10/23/2020, 14:06:35","Millions have been affected by the opioid epidemic, hundreds of thousands have died, and the COVID-19 pandemic has led to a spike in overdoses and deaths.

@PurduePharma and the Sackler family have committed crimes and contributed to the opioid crisis.

https://t.co/s8P9Mzey2g",https://twitter.com/RepBrianFitz/status/1319641371263762432
"Mace, Nancy","10/21/2020, 18:02:28","üì∫ WATCH üì∫ Nancy Mace joined Beaufort County Council candidate, Logan Cunningham, to talk all things Election 2020 üá∫üá∏ @Mr_MAGA1776 
https://t.co/pcGsSa62CH",https://twitter.com/NancyMace/status/1318975959303921668
Thomas Kean Jr.,"10/30/2020, 20:05:45","Complete your ballot and return it today! 
For more information on how to complete your ballot check out our voter resources page here: https://t.co/J2HhaBoj0w #TeamKean #NJ07 #GOTV https://t.co/4SKHfh7YAn",https://twitter.com/KeanForCongress/status/1322268474622836737
"Steel, Michelle","10/08/2020, 20:00:01","""Michelle Steel responded and helped me when I needed her most. I'm a Democrat voting for Michelle Steel because she's a leader who puts people over politics.""

@HarleyRouda failed to do his job when it mattered most and our community deserves better. https://t.co/cYgNXHpmxo",https://twitter.com/MichelleSteelCA/status/1314294497195569152
"Herrera Beutler, Jaime","10/17/2020, 16:28:00","I‚Äôm pleased the House passed a bill I‚Äôm helping lead which will increase access to health services for women in rural areas, expand telehealth, &amp; improve the quality of care &amp; training for maternal health providers.

Read more on this important bill ‚û°Ô∏è https://t.co/vwqUmTwrmZ https://t.co/v3MYtssZBZ",https://twitter.com/HerreraBeutler/status/1317502632789934080
Wesley Hunt,"10/30/2020, 13:56:09",Today is the last day of early voting. Make your voice heard and go #VOTE ! https://t.co/IFXy05kQL7,https://twitter.com/WesleyHuntTX/status/1322175461338861571
"Bacon, Don","10/27/2020, 00:35:02",Congratulations to Judge Amy Coney Barrett on her confirmation to the #SCOTUS! Her performance during the confirmation hearings was unflappable and the best I've ever seen. She will be a great Justice who will protect the Constitution and uphold the rule of law. https://t.co/TrYGyPQL4m,https://twitter.com/RepDonBacon/status/1320886691633221632
"Boebert, Lauren","11/02/2020, 18:04:30",Busy day ahead...for some of us! https://t.co/n8X0cphldx,https://twitter.com/laurenboebert/status/1323325125601669121
"Fischbach, Michelle","10/14/2020, 21:41:50",It was great to travel #mn07 with Governor @kristinoem and see how excited people are to turn Minnesota red! https://t.co/h0z9ebotVR via @JournalNewsroom,https://twitter.com/FischbachMN7/status/1316494450596737025
"Boebert, Lauren","10/23/2020, 02:31:30","Joe Biden said many times he would ban fracking. So did the actual presidential candidate, Kamala Harris. #Debates2020
 https://t.co/vinjkc5HmJ",https://twitter.com/laurenboebert/status/1319466448327217156
Alek Skarlatos,"10/08/2020, 19:55:16","In case you missed it make sure to check out the great interview I had with KATU2 News as part of their 2020 ‚ÄòKnow Your Candidates‚Äô series!

https://t.co/P2WpCSXs2E

#Alek2020 #KATU #2020election #BeatPete #DumpDeFazio",https://twitter.com/alekskarlatos/status/1314293303181860864
"Owens, Burgess","10/29/2020, 23:44:23",There's one thing democrats and republicans can both be happy about on election day! No more obnoxious political ads...,https://twitter.com/BurgessOwens/status/1321961105741111296
"Hill, French","10/08/2020, 18:32:46",".@Rep_SteveWomack, @RepRickCrawford, @RepWesterman, and I sent a letter
to the Commissioner of @SocialSecurity, urging changes to a policy requiring Arkansans to surrender identification documents for as much as 30 days in order to obtain a new copy of their #SocialSecurity card. https://t.co/sTBYzCPcra",https://twitter.com/RepFrenchHill/status/1314272540014059520
Alek Skarlatos,"10/30/2020, 18:54:44",@hrenellme Thanks @hrenellme!,https://twitter.com/alekskarlatos/status/1322250604341682177
"Bacon, Don","10/30/2020, 19:05:28","This past August, the new Ambulatory Care Center at Omaha‚Äôs VA Hospital was opened to the public and started serving area veterans. I thank my friends and former Reps. Brad Ashford and Lee Terry for their partnership on this project and for investing in our veterans. https://t.co/UOdsQzEvqd",https://twitter.com/RepDonBacon/status/1322253302533361666
"Bacon, Don","10/27/2020, 22:45:06","A bipartisan agreement to close a tax loophole ended up hurting military families. I worked across the aisle to enact a retroactive fix in the FY2020 bipartisan Appropriations Act, a major win for #GoldStarFamilies and a top priority for the #ForCountryCaucus that I co-lead. https://t.co/vNai29CWRr",https://twitter.com/RepDonBacon/status/1321221413831921665
"Davis, Rodney","10/17/2020, 15:00:00",I‚Äôm here to serve you. This #IL13 #ConstituentServiceSpotlight is another example of how my office and I can help. Reach out if we can ever be of assistance: https://t.co/UwfjLH4JJT https://t.co/izf3crzwJy,https://twitter.com/RodneyDavis/status/1317480487657467904
"Boebert, Lauren","10/24/2020, 16:14:14",Someone is lost... https://t.co/34ooMkRztR,https://twitter.com/laurenboebert/status/1320035882196402177
"Mace, Nancy","10/06/2020, 18:59:29","WATCH TONIGHT üì∫ as Nancy Mace takes on Democrat Congressman Joe Cunningham in the second Congressional debate in #SC01‚ÄºÔ∏è

Stream Live at 7:00PM on @ABCNews4's Facebook page or on https://t.co/TvqWFIbF8m 

#LowcountryFirst #NewNancy #SCPol #SCNews https://t.co/8kSTu5BFpG",https://twitter.com/NancyMace/status/1313554490449170432
Thomas Kean Jr.,"10/10/2020, 22:30:14","Thank you for your endorsement Mayor Mengucci, your commitment to the people of Lopatcong is time-tested, I promise you I will work hard for them in Washington D.C. #Lopatcong #NJ07 #TeamKean https://t.co/CU2Ad4MaI7",https://twitter.com/KeanForCongress/status/1315057075882471424
"Kim, Young","10/16/2020, 15:00:01","18 days to go. Let‚Äôs win this.

Join #TeamYoung to üè† Request a yard sign, üìû Phone bank,üìçVolunteer, and help us finish strong.

Join the team here ‚Üí https://t.co/2ykOIYTjkX",https://twitter.com/YoungKimCA/status/1317118105064230912
"Kim, Young","10/05/2020, 15:00:00","Today‚Äôs the day! Ballots are being mailed to all registered California voters and can be returned by mail, secure drop box, or vote center from today until Election Day. #Vote

https://t.co/JDdSp2Yd9O",https://twitter.com/YoungKimCA/status/1313131834650357761
"Hill, French","10/17/2020, 18:13:27","This morning I heard the powerful stories of Principal and English teacher Moumena, and Khansa another teacher at @WisdomHseSyria in #Idlib, #Syria. Their perseverance and commitment to teaching the children of Syria is nothing short of incredible. https://t.co/rwdVvGmBOL",https://twitter.com/RepFrenchHill/status/1317529172496031744
Alek Skarlatos,"10/30/2020, 16:43:06","Help me fight back by making sure to vote and turn in your ballot as soon as possible and dropping your ballot off at the nearest ballot drop box 

https://t.co/I84eHvB7aw

#Alek2020 #BEATPETE #DumpDeFazio #OR04 #FlipThe4th #vote #VoteEarly",https://twitter.com/alekskarlatos/status/1322217477590245376
"Mace, Nancy","10/14/2020, 12:34:38","Congressman @JoeCunninghamSC, this issue doesn‚Äôt look ‚Äúmade up‚Äù to me...
#SaveParrisIsland #LowcountryFirst #SC01 #SCpol #SCNews

https://t.co/SxdVquuXag",https://twitter.com/NancyMace/status/1316356741760798720
"Upton, Fred","10/09/2020, 17:18:18","Joined a bipartisan group of colleagues requesting a number of Great Lakes priorities be included in the final agreement on this year‚Äôs Water Resources Development Act. 

Learn more -&gt; https://t.co/cOy6FfSM6O #MI06 https://t.co/nekjLza24w",https://twitter.com/RepFredUpton/status/1314616187830050817
"Bice, Stephanie","10/16/2020, 19:05:21",Yet I'm the only candidate in this race endorsed by the @OKSTATEFOP... https://t.co/a0wIJRekUS,https://twitter.com/stephaniebice/status/1317179845512757249
"Gonzales, Tony","10/08/2020, 22:00:09","‚è∞  DEBATE STARTS IN TWO HOURS ‚è∞
Jones has finally agreed to debate after a month of stalling. #TX23 will finally get to hear from Jones IN PERSON  ‚Äî and her radical agenda will be exposed. Tune in to KSAT at 7pm or watch the live stream at https://t.co/76BHzSb8cy https://t.co/BFvYeOwq26",https://twitter.com/TonyGonzales4TX/status/1314324731789795328
"Boebert, Lauren","10/13/2020, 10:06:06","@realDonaldTrump If he unveiled his list, he‚Äôd lose every moderate that was considering him and he knows it.",https://twitter.com/laurenboebert/status/1315956974824153088
Alek Skarlatos,"10/14/2020, 20:35:04",@AdamFreeman45 Thank you so much @AdamFreeman45!,https://twitter.com/alekskarlatos/status/1316477647392706560
"Owens, Burgess","10/31/2020, 15:17:03",Happy Halloween! https://t.co/A7dws87kvC,https://twitter.com/BurgessOwens/status/1322558206514782215
"Davis, Rodney","10/28/2020, 15:40:18",It was great to witness yesterday the conservation practices taking place at Brown and Brown Farms outside Decatur with @EPAGreatLakes Administrator Kurt Thiede. We spoke with area farmers about initiatives they are implementing to protect water quality and health. https://t.co/kS4cyzIqwy,https://twitter.com/RodneyDavis/status/1321476894680899584
Thomas Kean Jr.,"10/13/2020, 00:00:00","Thank you to all our amazing farmers here in #NewJersey, and across the country! It was a pleasure to speak with Rich Cotton of River Valley Farm and the Cotton Cattle Company earlier this year - watch here! #NationalFarmersDay #NJ07
https://t.co/QT39tFdgx3",https://twitter.com/KeanForCongress/status/1315804444794122240
"Bacon, Don","10/16/2020, 14:03:32","ICYMI: I recently received the 2020 Fueling Growth Award from @GrowthEnergy. I have long supported the ethanol and biofuels industry and believe energy independence is necessary for the future of American jobs.

Read my full statement here: https://t.co/AhkekkSsqu https://t.co/SNpavXxeJ2",https://twitter.com/RepDonBacon/status/1317103889573908480
"Boebert, Lauren","10/25/2020, 01:53:27",@DonaldJTrumpJr Chumps for Trump!,https://twitter.com/laurenboebert/status/1320181647317307397
"Owens, Burgess","10/09/2020, 01:52:15","Nancy Pelosi and Ben McAdams have put out so many lies, and it's time we focus on the FACTS. Learn more: https://t.co/E4wruO23ao https://t.co/eHmTxtX8SK",https://twitter.com/BurgessOwens/status/1314383140014698501
"Owens, Burgess","10/31/2020, 21:10:19","Our freedom came from the hard work of farmers, merchants, physicians, ministers, scientists, soldiers and about everything else... We cannot rely on career politicians to preserve it.",https://twitter.com/BurgessOwens/status/1322647112505438208
"Fitzpatrick, Brady","10/22/2020, 20:28:36","Thank you to everyone who participated in this roundtable. 

I am glad that you have provided me an opportunity to hear your concerns and learn how we can best assist. https://t.co/UdOYb2TcEE",https://twitter.com/RepBrianFitz/status/1319375123804246017
"Steel, Michelle","10/31/2020, 21:00:00","3 days left! We need all hands on deck to FLIP this TOP-TARGETED, TOSS-UP seat. Volunteer at the link below to help us WIN ‚¨áÔ∏è‚¨áÔ∏è‚¨áÔ∏è

https://t.co/kV84VQpUVt",https://twitter.com/MichelleSteelCA/status/1322644514142650369
Alek Skarlatos,"10/19/2020, 05:30:42",@jujubean6264 @registerguard Thank you so much for the support!,https://twitter.com/alekskarlatos/status/1318061992846925827
"Hagedorn, Jim","10/07/2020, 15:32:29",".@SpeakerPelosi was never serious about #COVID19 relief. My @HouseGOP colleagues and I pushed a stand-alone extension of the #PPP to save small businesses and jobs across America. Instead, the speaker chose her partisan interests over the American people.
https://t.co/jKc3617hre",https://twitter.com/RepHagedorn/status/1313864783351947267
