Darren Hamilton,"10/22/2020, 11:41:04",Yes! Another group stood up to host  debates. This is huge. https://t.co/wqgpFzQN9D,https://twitter.com/DHamilton2020/status/1319242364859416576
John Molnar,"10/22/2020, 23:34:33",@Prometheus19782 Thank you!,https://twitter.com/Gear6A/status/1319421915820249089
Scott Taylor,"10/08/2020, 12:49:04","https://t.co/G5HHMljuEH
2 years ago, I introduced bill that would have started to bring back manufacturing of PPE &amp; Ventilators in USA. 
 
""respiratory protection equipment, and (4) any other critical safety item as determined appropriate by DHS.""

I will get it done. #USA",https://twitter.com/Scotttaylorva/status/1314186045026697216
Harry Burger,"10/27/2020, 01:42:17","After WWII, we created the ICC &amp; ""Crimes Against Humanity"", put Nazis on trial, &amp; hung them. It's past time for something similar to happen for those who wilfully mislead humanity for their private profit where otherwise we could have had decades more to avoid #ClimateChange. https://t.co/QrbAru13lg",https://twitter.com/HarryRBurger/status/1320903613397553154
Rae Hart Anderson,"10/05/2020, 17:20:46","Vote as if your own life depends on it! Certainly millions of babies &amp; thousands of our elderly patriots, grandparents and leaders, deserve to have their lives honored respectfully--not tossed into ""the fullest rest home""-- for a deliberate &amp; early escape to their ""eternal rest"". https://t.co/WdKVFfoVtq",https://twitter.com/GodisHere2day4U/status/1313167256935895041
Dan Feehan,"10/25/2020, 14:43:19","Senator Wellstone is a hero for both my dad and I. On this day, he and I are thinking about Senator Wellstone, Sheila, Marcia, Mary McEvoy, Tom Lapic, and Will McLauhglin who all represented the best of our state and our ideals. (1/3) https://t.co/QTQYrrc8SR",https://twitter.com/danielfeehan/status/1320375392453144580
Harry Burger,"10/28/2020, 13:37:01","EMERGENCY: 10 AM on @WNYC, @BrianLehrer is interviewing the Big 2 candidates for my race but made no effort to contact my campaign &amp; tell the People about ALL the choices on the ballot! Call the show 646-435-7280, email blshow@wnyc.org, demand equal access for @gpny!",https://twitter.com/HarryRBurger/status/1321445870731231233
Harry Burger,"10/31/2020, 23:58:24","Oh, tonight is the one we lose am hour of sleep, just wonderful. Why do we do this again? Why do we want it to get dark so early?
Fcuk #DST",https://twitter.com/HarryRBurger/status/1322689411545485313
Harry Burger,"10/21/2020, 12:55:34","@DystopianR And some wanted it to replace the A-10 Warthog lol. THAT'S an especially terrible idea! A-10 has lots of redundancy, it was made to loiter over a target area for hours, fly low &amp; slow to get eyes on top know friend from foe, &amp; take ground fire like a champ. F-35 has none of that.",https://twitter.com/HarryRBurger/status/1318898723028598784
Harry Burger,"10/21/2020, 18:03:43","@PepperOceanna If I make it into Congress, they're some of my first phone calls. I'm busy campaigning locally, early voting starts Saturday morning.",https://twitter.com/HarryRBurger/status/1318976271968276491
Harry Burger,"10/28/2020, 02:57:13","@healthyairall No, elect #GreenParty leaders instead!",https://twitter.com/HarryRBurger/status/1321284859147489280
Scott Taylor,"10/16/2020, 00:40:45",She was basically debating him. https://t.co/yTvZLJeJmB,https://twitter.com/Scotttaylorva/status/1316901862419927041
Joe Cunningham,"10/30/2020, 20:50:07","In the dark corners of the internet, there are conspiracy theories over whether or not I was actually riding a skateboard in yesterday‚Äôs video. 

I mean, who do you think I am? https://t.co/OSBwIn1kG8",https://twitter.com/JoeCunninghamSC/status/1322279639058944000
Scott Taylor,"10/11/2020, 11:38:57","https://t.co/LF8hXz9QJP.  Fortunately, there were no ballots in the 70lbs of mail someone decided to throw out...this time. 

However, there were a bunch of our campaign‚Äôs mailers in a pretty Republican area.",https://twitter.com/Scotttaylorva/status/1315255566458068996
Kenneth Tucker,"11/02/2020, 19:40:09",I obviously have no idea how the media or social media works but I‚Äôm shocked that I have gotten no real press from my adventures round #IN05 a political candidate speaking to everyone everywhere about anything and no one seems interested. @FOX59 @Wthr @WFYINews @WBBMNewsradio,https://twitter.com/aguyfromindiana/status/1323349196246675456
Harry Burger,"10/21/2020, 20:02:28",@Milou1504 @kthibs @ClimateHuman #UniversalHealthcare is only impossible until the People wake up &amp; demand it.,https://twitter.com/HarryRBurger/status/1319006157172858883
Tommy Wakely,"10/23/2020, 16:37:59",Discuss the 2 issues that are most important to voters in #TX21 which is healthcare &amp; #ClimateChange @indivisibleATX Explain that #Medicare4All is way better than the ACA; explain that we need to ban fracking to fight this #ClimateEmergency &amp; ask them to Vote Policy Over Party https://t.co/80xoUEizdc https://t.co/ECHxkpMGJ3,https://twitter.com/Wakely2020/status/1319679473176989696
Kenneth Tucker,"10/21/2020, 00:34:19",Another great #TuesdayswithTucker with the people of #IN05 majority of tonight's discussion was @RainwaterForIN for the win in tonight's #Indiana Gov Debate now I'm hoping someone #stealsmeataco during #WorldSeries for some sustenance on the road tomorrow. #VoteGold2020 https://t.co/THgZEp9cmn,https://twitter.com/aguyfromindiana/status/1318712180708093952
Harry Burger,"10/15/2020, 14:48:12","@realmegslay @BengxlChai @JJisASocialist How many $s have you contributed to Green campaigns? We have very little üí∞, lots of expenses, &amp; no major party support. The Big 2 have teams working full time to do stuff like graphic design for all their candidates in a state. We need to find a volunteer w/the right skills.",https://twitter.com/HarryRBurger/status/1316752742183047168
Harry Burger,"10/15/2020, 02:47:04","We have upset the balance, badly. It will push back, hard.",https://twitter.com/HarryRBurger/status/1316571262626529280
Joe Cunningham,"10/25/2020, 18:52:12",Great turnout at our final yard sign drive-thru up in Summerville today. 9 days left! https://t.co/4C2PN0QiUm,https://twitter.com/JoeCunninghamSC/status/1320438025164410888
John Molnar,"10/22/2020, 23:43:31","@KolleneSnow Also, this link has the videos PBS filmed for every candidate in the race including me

https://t.co/KAA42wsRGF",https://twitter.com/Gear6A/status/1319424173148499968
Harry Burger,"10/28/2020, 15:37:17","They're not taking any listener calls for this segment. He's interviewing the Dem &amp; Rep sequentially &amp; separately for equal time, but not me, the @gpny candidate.",https://twitter.com/HarryRBurger/status/1321476134761091072
Scott Taylor,"10/14/2020, 23:53:20",Ended the night speaking with the great Republicans of Williamsburg and James City County. Let‚Äôs go! üá∫üá∏ https://t.co/lLjsELL6AD,https://twitter.com/Scotttaylorva/status/1316527543428755456
Joe Cunningham,"10/16/2020, 21:47:43","Circling back here...

Can we talk about how @NancyMace is visibly upset that Parris Island isn‚Äôt in jeopardy? 

Lowcountry first, right Nancy? üòâ https://t.co/iDbRez2nat",https://twitter.com/JoeCunninghamSC/status/1317220703289081862
Christy Smith,"10/06/2020, 19:04:23",@Geek_MomLG @388shark Thank you!!,https://twitter.com/ChristySmithCA/status/1313555720453775360
Tommy Wakely,"11/01/2020, 14:44:11","#TX21 liberals who shame voters supporting our campaign comes as no surprise to me &amp; if ‚Å¶@wendydavis‚Å© loses there will be plenty of more applicable people for TX Democrats to blame. Namely, themselves ‚Å¶@TX21Indivisible‚Å© ‚Å¶@TXGreens‚Å© https://t.co/fuovcmRjyj",https://twitter.com/Wakely2020/status/1322912323112181763
Harry Burger,"10/12/2020, 20:53:20",@mathemattic @kennethmejiaLA @MGKLH @FrancaMullerPaz @Jake4D6 @EstradaForMayor @voteAhill @LisaForMaine @2020Creviere @hoffman4US2020 @Green4Ward3 @Greenfield4NY19 @justin4all2 @MikeForBuffalo @MrDunes @BagdesCanning @Alex4Oregon Green Lantern is so underrated.,https://twitter.com/HarryRBurger/status/1315757465867292673
Harry Burger,"10/04/2020, 20:13:18",@leftisttx Yes.,https://twitter.com/HarryRBurger/status/1312848291890188295
Christy Smith,"10/16/2020, 04:12:03","Will you stand up to this president yet, @MikeGarcia2020? CA residents pay taxes and our fire victims desperately need help. This is inexcusable. https://t.co/vJGDIw5Y6y",https://twitter.com/ChristySmithCA/status/1316955037386592258
Christy Smith,"10/13/2020, 14:01:06","While I think it‚Äôs critically important for voters to hear from the candidates seeking to represent them, it‚Äôs more important still that we do the jobs that we‚Äôre elected to do.",https://twitter.com/ChristySmithCA/status/1316016112086085632
Scott Taylor,"10/28/2020, 12:32:17","""Aspirational"" @ElaineLuriaVA on the Green New Deal. https://t.co/Y6IA7XyZXm",https://twitter.com/Scotttaylorva/status/1321429578473185280
Mark Bauer,"10/23/2020, 12:57:07",@TitusLive Hahaha nice üëä,https://twitter.com/MarkBauer/status/1319623889383788545
Harry Burger,"10/16/2020, 14:09:08","@JosBackus @JonM2019 @grumpybirdieS @HowieHawkins Giving üí∞ is the easiest for most people https://t.co/SWbWswHAkA, or volunteer if you have more time than money https://t.co/pi2cRiku34",https://twitter.com/HarryRBurger/status/1317105299120099328
Kenneth Tucker,"10/30/2020, 00:26:18",@CATargetBot Me $0 for you #IN05 #ALLIN for #indiana #VOTE rs,https://twitter.com/aguyfromindiana/status/1321971657896947712
Scott Taylor,"10/20/2020, 23:52:19",You claim to be passionate about the Black Lives Matter movement. So why have you @RepElaineLuria not met with @BLM757? I have! #VA02,https://twitter.com/Scotttaylorva/status/1318701614560088064
Harry Burger,"10/30/2020, 00:10:26","üëèüèªSENDüëèüèªHIMüëèüèªTOüëèüèªTHEüëèüèªHAGUE!
#CrimesAgainstHumanity https://t.co/yESJNf4Bhj",https://twitter.com/HarryRBurger/status/1321967661627154434
Christy Smith,"10/03/2020, 17:13:49","I believe goodness prevails and have hope for our future, even in difficult times. On this episode of ‚ÄúThe Christy We Know,‚Äù I talk a bit more about that with a special guest, my husband Phil! https://t.co/MLIfXgbp4i",https://twitter.com/ChristySmithCA/status/1312440735115878400
Harry Burger,"10/18/2020, 10:32:31","@Public_Citizen We spend more on health care per capita than any other country on üåé, yet 36 of them live longer on average for less $. Universal health care doesn't cost, it saves all the money shareholders privatize, plus makes sure EVERYONE can get care early when it's easier to fix.",https://twitter.com/HarryRBurger/status/1317775561847152640
Zachary Dumont,"10/21/2020, 10:22:53",@WMUR9_Politics Why do you purposefully exclude candidates and not publish your inclusion criteria?,https://twitter.com/ZacharySDumont/status/1318860301945667591
John Molnar,"10/18/2020, 19:02:26",@BenjiBacker Could look to ourselves as well by simply growing more of our own food at home,https://twitter.com/Gear6A/status/1317903884686299136
Zachary Dumont,"10/21/2020, 10:23:21",@WMUR9_Politics Why do you purposefully exclude candidates and not publish your inclusion criteria?,https://twitter.com/ZacharySDumont/status/1318860416601161729
David Young,"10/29/2020, 22:35:45",Good to see my friend @KimReynoldsIA on the campaign trail! Make sure to make your voice heard and CAST YOUR VOTE! #IA03 https://t.co/sDtr9Zv1eY,https://twitter.com/YoungForIowa/status/1321943833630986240
Wendy Davis,"11/01/2020, 22:15:00","Election Day is THIS Tuesday and so much is at stake! Once you‚Äôve voted or made your plan to vote on Tuesday, call all of your friends and family and make sure they‚Äôve done the same.
https://t.co/vp8NyxrXbq",https://twitter.com/wendydavis/status/1323025775742738433
Joe Cunningham,"10/26/2020, 13:31:21","New ad üì∫!

My Dad taught me a lot. Work hard. Have faith. And those are the kind of values that guide me in Congress. #SC01 #LowcountryOverParty https://t.co/tw2VpqGEOe",https://twitter.com/JoeCunninghamSC/status/1320719669762904070
John Molnar,"10/28/2020, 18:37:57","@TheColtonTodd @ShaneTHazel @NoMoSocialism75 Well... I do have a pair of silkies and combat boots still 

Typically just wear em fishing... but if you guys really want it that bad... Im game to do something after the election if Shane is ü§∑üèΩ‚Äç‚ôÇÔ∏è

Maybe youtube instead of onlyfans?",https://twitter.com/Gear6A/status/1321521603759337473
Tommy Wakely,"10/25/2020, 03:16:00",57% of Democrats strongly support or somewhat support moving away from fossil fuels #TX21 but not @wendydavis She still wants to support the oil industry by not supporting a fracking ban @sunriseatx She is out of touch with what the majority of us want which is to save the earth. https://t.co/ThBhAhbbSC,https://twitter.com/Wakely2020/status/1320202424750120961
Scott Taylor,"10/06/2020, 14:19:31",Does your ‚Äúservice‚Äù to the nation include supporting bills that allow for other countries to have a veto over our elected leaders? That certainly isn‚Äôt being or doing good for the Virginian or American people. #WheresElaine ? https://t.co/8nVKDbPXjo,https://twitter.com/Scotttaylorva/status/1313484031418302473
Harry Burger,"10/08/2020, 02:19:28","@mathemattic I'm a big fan of NZ &amp; Kiwis, spent 8 days driving from Auckland to Wellington once. They do have a big advantage being small, isolated islands that have a lot more control of their borders, but Jacinda basically parroted the doctors, as any national leader should in a pandemic.",https://twitter.com/HarryRBurger/status/1314027600453472256
Jonia Broderick,"11/02/2020, 20:26:59",Great news! https://t.co/XuQY5KKdJU,https://twitter.com/teamjonia2020/status/1323360981708279808
Scott Taylor,"10/10/2020, 14:44:48",No way any serious journalist should allow him to get away with not answering such a serious question. https://t.co/RBAKQYrS7H,https://twitter.com/Scotttaylorva/status/1314939948911472640
Harry Burger,"10/27/2020, 01:28:26","Legalize marijuana, expunge all possession &amp; sale charges.
Transform police into a public safety agency, focused on fixing problems &amp; improving lives. Reserve arrests &amp; punishment for stopping imminent harm.
Billionaires will be worse off when I'm done, few will üò¢ for them.",https://twitter.com/HarryRBurger/status/1320900126878142469
Harry Burger,"10/14/2020, 01:32:07","My new video is up on @YouTube, this is what the @nylcv was supposed to show at the forum tonight - https://t.co/Xe6gnm374b",https://twitter.com/HarryRBurger/status/1316190013646942208
Harry Burger,"10/13/2020, 04:12:08","@Vector563 @wchanley @socialiststeve6 @ProudSocialist @4aPeoplesParty Preaching to the choir brother - I left Army ROTC after 2 years because I don't want the story of my life to be about death. Decided that also means I won't make death machines, an expensive decision for a mechanical engineer on Long Island.",https://twitter.com/HarryRBurger/status/1315867895293935616
Rae Hart Anderson,"10/30/2020, 17:26:25","So half of one percent die of Covid-19? Help take our elders out of these deadly nursing homes. Now you can go get a safer job where people are ""being treated early on.""  

Not waiting to give a med after people seem almost dead? 
Awful. Deadly nursing homes scar our USA freedom! https://t.co/QrwDBALlNe",https://twitter.com/GodisHere2day4U/status/1322228375763611648
Scott Taylor,"10/06/2020, 00:42:53","I am thankful that the leader of the free world, our president @realDonaldTrump , has been released from the hospital. Let us continue to hope and pray for his health, the health of those around him, and for all Americans.
üá∫üá∏Ôøº",https://twitter.com/Scotttaylorva/status/1313278519548444672
Harry Burger,"10/29/2020, 16:16:03","That's all deliberate on the part of the establishment parties, but an @NPR station especially has a duty to the WHOLE truth.",https://twitter.com/HarryRBurger/status/1321848282671362053
Harry Burger,"10/05/2020, 03:12:11","@SeattleSoaker @Kookyleftist @pppatticake When is a vasectomy medically necessary? I'm an engineer not a doctor, but I'm pretty sure it's always an elective procedure, &amp; I heard reversible. The odds of both testicles having a problem at the same time &amp; needing to remove both has got to be pretty small without trauma.",https://twitter.com/HarryRBurger/status/1312953706124587009
Jonia Broderick,"10/27/2020, 03:11:49","@SFGarrett @UTSunriseSunset @EvanMcMullin @BenMcAdams Nope. I was running against him, but Burgess Owens‚Äô extremism worried me tremendously so I dropped out and endorsed McAdams. He is a genuine moderate and someone that I, as a conservative, can fully support. Pro: life, 2nd amendment, fiscal responsibility...",https://twitter.com/teamjonia2020/status/1320926145647312896
Darren Hamilton,"10/14/2020, 13:30:07","Voting is important, if for no other reason than to give a voice to your conscience to say ""THIS is the person that I think would be best suited for that job"". Listen to yourself, then vote for what YOU want. Your vote matters. Make sure you vote.
https://t.co/cCzOvcdokn",https://twitter.com/DHamilton2020/status/1316370702627418112
Rae Hart Anderson,"10/26/2020, 03:54:28",MN  Tina Smith's ads say she helped a farm family. She re-built the barn that was demolished with her own hands?  She contributed her money? She kept pacing the farm 'listening'? Where's her secret fund4 rebuilding farm barns?  Protecting calves!  MN babies DOA. #MillionsGone,https://twitter.com/GodisHere2day4U/status/1320574492142379008
Wendy Davis,"10/06/2020, 23:07:33","ATTN college students: your vote is so important. Please join me this Thursday, Oct. 8, from 3-5 pm as we call other students and encourage them to #GetOutTheVote! We CAN turn Texas blue with your help. #TX21
https://t.co/n4sLG6GuJi",https://twitter.com/wendydavis/status/1313616917668585472
Christy Smith,"10/12/2020, 01:08:30","Our family voted. Have you? Make a plan and vote EARLY - we dropped off our ballots at one of the secured locations in Santa Clarita! 

For your voting FAQs: https://t.co/Rcts5Mhehy https://t.co/SWEOi06xKI",https://twitter.com/ChristySmithCA/status/1315459295744413696
Scott Taylor,"10/23/2020, 01:29:24","We need a Cyber Monroe Doctrine, period.",https://twitter.com/Scotttaylorva/status/1319450821080289286
Kenneth Tucker,"10/31/2020, 16:05:56",This as close as I‚Äôve ever been allowed to the other candidates running for #IN05 makes me worried about how either will represent the people not involved with their individual campaigns or party. https://t.co/dPq9gj8Pq0,https://twitter.com/aguyfromindiana/status/1322570511361085441
Dan Feehan,"10/04/2020, 17:20:56","John Bartholow is Director of Youth Ministries at Central Lutheran Church in Winona. He supports Dan because he knows Dan ‚Äúwill fight to ensure a high-quality K-12 education for our youth,‚Äù and stand up for policies that address the needs of rural communities. #PeopleForDan /3 https://t.co/Wsowsx4j7q",https://twitter.com/danielfeehan/status/1312804913622200325
Tommy Wakely,"10/12/2020, 21:59:00","Like everyone, my wife &amp; I are suffering from this #ClimateEmergency / emotionally, spiritually, physically &amp; financially thanks to all those fossil fuel candidates like @wendydavis out there. We are surviving by watching old British movies &amp; tv shows &amp; drinking wine #TX21 https://t.co/liht83gkow",https://twitter.com/Wakely2020/status/1315773992578539527
Wendy Davis,"10/12/2020, 23:04:43","‚Äú12.7% of children in Texas do not have insurance, compared with 5.7% nationally.‚Äù

Meanwhile, Congressman Roy is actively working to take away coverage from more families and children in the middle of a pandemic. #TX21
https://t.co/RKRFwWTQnB",https://twitter.com/wendydavis/status/1315790531872452608
Joe Cunningham,"10/27/2020, 23:27:07","ICYMI: We released our final ad of the election today. And I know I‚Äôm a little biased, but it‚Äôs my favorite. Check it outüëá https://t.co/69iDdlpf8y",https://twitter.com/JoeCunninghamSC/status/1321231988347576320
Kenneth Tucker,"10/14/2020, 22:06:37","@DanSpehler Any room in studio for the third candidate on the ballot for this race, me? Not sure why I‚Äôm still  being ignored by #fox59 @FOX59",https://twitter.com/aguyfromindiana/status/1316500685433843712
Kenneth Tucker,"10/15/2020, 19:34:27",Learning how to campaign in the rain to earn your #vote #IN05 #Elections2020 there‚Äôs still time to be the change in our government #GetOutTheVote #EqualityForAll #EducationForAll #EnvironmentalJustice #ALLIN #LegalizeIt #indiana https://t.co/88sr2TkGzS,https://twitter.com/aguyfromindiana/status/1316824777500364801
Tommy Wakely,"10/14/2020, 00:10:31",I agree @leahstokes we don‚Äôt need a climate denier on the Supreme Court but we also don‚Äôt need any more Democratic fossil fuel candidates like @wendydavis in #TX21 in Congress either. Her former law partner was Energy Secretary Rick Perry‚Äôs former chief of staff @JoltAction https://t.co/g2CFE5x3di https://t.co/cVwbbOyODX,https://twitter.com/Wakely2020/status/1316169479966126086
Harry Burger,"11/02/2020, 17:03:02","@LucreDenouncer @ProudSocialist @shift_in2_turbo @dawnsaffron @AmirAminiMD @QkrSocialist @Clarknt67 @DaHomieK @4aPeoplesParty @BernieUpstateNY @RealKaylaJames @HerbTarbous @HowieHawkins Spoiled elections are 100% the fault of the people who control a state's government. NY could have eliminated the possibility of spoilers earlier this year, but chose not to. 
https://t.co/FEIk47f45I",https://twitter.com/HarryRBurger/status/1323309654479437824
John Molnar,"11/02/2020, 16:52:00","@Latinos4Lib Not giving up shit to a party that props up a ""media"" group named after the political wing that gave rise to the genocide of my people and the Armenians ü§∑üèΩ‚Äç‚ôÇÔ∏è",https://twitter.com/Gear6A/status/1323306880127565825
David Foster,"10/08/2020, 17:39:19","WTP Extreme Language, Patriot Warrior tells the Truth from his Heart and Soul... https://t.co/PmNNXMlJ3C  Peace... https://t.co/j6bb6Dseyo",https://twitter.com/RsvpTruth/status/1314259091972395008
Kenneth Tucker,"10/12/2020, 21:08:36",@IBJnews @lerdody @purduefw Impossible you‚Äôd have to talk with all the candidates and that hasn‚Äôt happened,https://twitter.com/aguyfromindiana/status/1315761308432764929
Harry Burger,"10/23/2020, 02:23:33","So is Joe calling for decriminalizing all drugs? Don has a point that Joe didn't do it when Dems owned the whole Federal Government.
But Don hasn't ended the war on drugs either. @HowieHawkins &amp; the #GreenParty will.",https://twitter.com/HarryRBurger/status/1319464448105598977
Christy Smith,"10/20/2020, 00:13:33",@charmizane @JoeBiden Thank you!,https://twitter.com/ChristySmithCA/status/1318344569306509312
Harry Burger,"11/02/2020, 20:18:37","@karenkho I'm planning to get some of my favorite rainbow cookies tomorrow to celebrate the end of my campaign tomorrow night. Gluten &amp; dairy free bakery so they're not cheap, but that's my go-to for a special treat. But first, door hangers.",https://twitter.com/HarryRBurger/status/1323358875962216453
Harry Burger,"10/08/2020, 01:30:59",@gaijingirl2004 @sandyw_artist @ComradeCalifor1 https://t.co/3uMe1jtFwy,https://twitter.com/HarryRBurger/status/1314015399344832512
Kenneth Tucker,"10/19/2020, 11:37:54","For those in #IN05 who still have yet to #vote you do have a third option. Me. I‚Äôve been the only candidate willing to speak with you, willing to come to you, and not asking for anything from you but time. #honest #Transparent #human running for #Congress refreshing, right? https://t.co/rkVejpRn0W",https://twitter.com/aguyfromindiana/status/1318154404332273664
Harry Burger,"10/10/2020, 20:47:15","Look at my history, I've sacrificed personally to live a life of peace; the last thing I want is a violent revolution. This run for office is yet another cost I bear to give YOU a real, peaceful choice. It's like working a second full time job, one where I lose money instead.",https://twitter.com/HarryRBurger/status/1315031160226025475
Harry Burger,"10/21/2020, 19:04:28",@Milou1504 @kthibs @ClimateHuman What would they use as an argument that protecting the environment is unconstitutional?,https://twitter.com/HarryRBurger/status/1318991561720500227
Scott Taylor,"10/23/2020, 01:42:29",What is Biden going on about now.,https://twitter.com/Scotttaylorva/status/1319454112317059077
Harry Burger,"10/03/2020, 21:17:23","@kreativekonnect @WalkerBragman @NYGovCuomo Our care is so expensive because executives &amp; shareholders are allowed to extract billions from the system every year to line their pockets. They need to all be destroyed, replaced by a nonprofit system controlled by the People.",https://twitter.com/HarryRBurger/status/1312502029797842944
Christy Smith,"10/03/2020, 01:58:16",@sleepsonthe405 Thank you!!üíô,https://twitter.com/ChristySmithCA/status/1312210328726323200
"Joseph LeBlanc, Jr.","10/27/2020, 23:53:26",Yep I voted for this guy and @Jorgensen4POTUS  and I have no ragrets https://t.co/yN6ZuxloCp,https://twitter.com/PieRatKing/status/1321238611006754818
Harry Burger,"10/23/2020, 01:48:43","NK won't unilaterally give up nukes, basically ever, definitely not before walking in the door to negotiate, that's his biggest trump card, that's insurance against us nuking him if he decides to attack Seoul. He's also crazy, not stupid.",https://twitter.com/HarryRBurger/status/1319455681771077632
Kenneth Tucker,"10/13/2020, 14:29:43","Put me in #IN05 I'm ready to be our voice. 

https://t.co/5pWZsxURr3",https://twitter.com/aguyfromindiana/status/1316023313311821824
Rae Hart Anderson,"10/19/2020, 14:34:28","God is our refuge and strength, a very present help in trouble--though the mountains be thrown into the sea--we trust in God!",https://twitter.com/GodisHere2day4U/status/1318198836737626112
Harry Burger,"10/31/2020, 21:22:48","All set for #TealPumpkin #Halloween, engineer style! Glow bracelets for a not-food treat, I took a strip of #DuctTape folded back on itself so no glue is showing, ran a hole puncher down the middle so you can take one without reaching into a bucket 50 other kids touched. https://t.co/QHhOcSQU2M",https://twitter.com/HarryRBurger/status/1322650253192028171
"Joseph LeBlanc, Jr.","10/08/2020, 22:15:22","@Goosehonkings @justinamash @JeffBezos You caught us, we are going to hold a dun to your head and scream ""NO YOU WONT GIVE THE GOVT PART OF YOUR PAYCHECK!"" or ""NO YOU WONT GO TO JAIL FOR SMOKING MARIJUANA."" or my personal favorite ""NO YOU WONT GO TO THE OTHERSIDE OF THE WORLD TO KILL PEOPLE TO MAKE US RICH!""",https://twitter.com/PieRatKing/status/1314328561130577921
Harry Burger,"10/16/2020, 15:24:21","@Amanst3r Is both Big 2 candidates not denying that's exactly what they do when another candidate explicitly says that's why the public shouldn't trust them in a public debate opening statement not enough?
Because that's exactly what happened last night in my race.",https://twitter.com/HarryRBurger/status/1317124228077047810
Harry Burger,"10/29/2020, 16:16:03","Who is left for the people to trust when the media actively hides the truth? If you didn't pay attention to the last 5 seconds of the show, you'd think there were only 2 choices. With their names on multiple lines, if you're not looking for a different name it's easy to miss.",https://twitter.com/HarryRBurger/status/1321848281060749314
Tommy Wakely,"10/20/2020, 23:36:28",Seems @JoeBiden &amp; @wendydavis only listen to scientists when it suits their political interests to do so #TX21. Nearly every climate scientist in the country is saying ‚Äúban fracking‚Äù to fight this #ClimateEmergency but neither candidate wants to do so. @ClimateHuman @ClimateSATX https://t.co/vnS8iUtfoj https://t.co/owmrAv0hZk,https://twitter.com/Wakely2020/status/1318697624262873090
Harry Burger,"10/31/2020, 01:55:53","We need something like a real life Shitt's Creek to send rich people to for a decade or so of community service after taking all their wealth when they do something like this that shows they can't be trusted with so much power.
https://t.co/qnCeDCjaBT",https://twitter.com/HarryRBurger/status/1322356589899251714
Scott Taylor,"10/26/2020, 11:50:33",üí™ Good for them. https://t.co/oQwa99xUcN,https://twitter.com/Scotttaylorva/status/1320694300183846918
Kenneth Tucker,"10/29/2020, 16:07:27",92.3 @wttsfm has the most soul of any station in #indianapolis #indiana thanks for the variety it is the thread that holds us all together #vote,https://twitter.com/aguyfromindiana/status/1321846115025629184
Harry Burger,"10/24/2020, 22:52:24",I'm voting for the #GreenParty in NY. And you? https://t.co/7PIoSLGiFp,https://twitter.com/HarryRBurger/status/1320136084769153025
David Young,"10/06/2020, 01:20:08","Studies show the Public Option (ie government-run health care) threatens to close up to 52 rural hospitals, reduces access to health care for seniors, and drives up taxes to pay for it. #IA03Debate #IA03 https://t.co/2bEk9EhdKh",https://twitter.com/YoungForIowa/status/1313287896330375171
Harry Burger,"10/31/2020, 03:43:19","China has 1.1 BILLION more people than we do, &amp; they were the first ones to get hit with it, when we had the least knowledge. And they're more densely populated. We have only 0.3 B people.
#WearAMask https://t.co/KNxA0i73fT",https://twitter.com/HarryRBurger/status/1322383625086750720
Harry Burger,"10/14/2020, 13:30:46","@carolinecstark Du Hast - Lots of people who should know better, research before assuming there are only the Big 2 candidates in my race have been trying to erase me.",https://twitter.com/HarryRBurger/status/1316370868617056256
Rae Hart Anderson,"11/01/2020, 16:13:16","Cry babies. . .   notice 'harass' is set off , therefore for us to question their ""misinformation"".  

Real 'lies...'

No surprise...share the road, children.",https://twitter.com/GodisHere2day4U/status/1322934745622216707
Harry Burger,"10/13/2020, 04:20:25","@Vector563 @wchanley @socialiststeve6 @ProudSocialist @4aPeoplesParty @neveradime I don't go as far as the NRA often does, like Red Flag laws are a good idea, as long as there's a hard time limit for taking the guns before we need at least a grand jury indictment. Protect lives first, also respect due process rights.",https://twitter.com/HarryRBurger/status/1315869981205299200
Harry Burger,"10/07/2020, 17:54:49","@PepperOceanna I'm under 2k, running #GreenParty for Congress on Long Island.",https://twitter.com/HarryRBurger/status/1313900603140079618
David Young,"10/09/2020, 20:46:05",Who is our Representative again? Is it Cindy Axne or Maryland's Jamie Raskin? Hard to tell when Cindy Axne lets Raskin cast votes on our behalf! #FireCindy #SendCindyHome #IA03 https://t.co/SgA5q2ikdz,https://twitter.com/YoungForIowa/status/1314668480508186627
Mark Bauer,"10/19/2020, 13:18:39","@BuffandAbroad @JeffShahidullah Not money, but perhaps other friendly wagers.",https://twitter.com/MarkBauer/status/1318179755875815425
Scott Taylor,"10/25/2020, 23:15:52","There will be a strong, highly credentialed, and brilliant woman as our next Supreme Court Justice. 
#FillTheSeat https://t.co/heZcIB8XQz",https://twitter.com/Scotttaylorva/status/1320504379804450837
Harry Burger,"10/08/2020, 21:57:11",@gaijingirl2004 @sandyw_artist @ComradeCalifor1 Where does this free public housing magically appear from? I have much more important work to do than continue this farce.,https://twitter.com/HarryRBurger/status/1314323983572119555
"Joseph LeBlanc, Jr.","10/30/2020, 16:46:57","@EricDJuly I am aware of my flaws and my past mistakes you don't have to keep reminding me my ex-wife does that enough already.

(For legal reasons this is a joke)",https://twitter.com/PieRatKing/status/1322218443731513344
Harry Burger,"10/03/2020, 21:25:16","@kreativekonnect @WalkerBragman @NYGovCuomo There are over 50 the UN calls ""Highly Developed Nations."" So no, try again. And cite sources or you got nothing.",https://twitter.com/HarryRBurger/status/1312504013225484288
Scott Taylor,"10/22/2020, 20:40:17",@va_maga_ @jfradioshow https://t.co/y9Fu7pkvkY,https://twitter.com/Scotttaylorva/status/1319378061897465859
Scott Taylor,"10/21/2020, 23:47:55",We need a Cyber Monroe doctrine. https://t.co/i5IKg6HFeG,https://twitter.com/Scotttaylorva/status/1319062892755505158
Tommy Wakely,"10/13/2020, 13:36:00",Despite what all the climate scientists like @MichaelEMann &amp; @ClimateHuman are telling us about this #ClimateEmergency &amp; the need to ban fracking @wendydavis isn‚Äôt listening to them. She will always put $$$ before science #TX21 @SierraClubAlamo @bexardems @OrganizeTexas https://t.co/1TtgdoyKCb,https://twitter.com/Wakely2020/status/1316009797804752896
Mark Bauer,"10/30/2020, 23:54:02",@adamwren All next week will do is clarify what kind of craziness we‚Äôre dealing with,https://twitter.com/MarkBauer/status/1322325922817757186
Tommy Wakely,"10/18/2020, 14:55:36","This morning I watched CBS &amp; wanted to share this video on the #ClimateEmergency with #TX21 voters @ClimateSATX We need #ClimateAction now &amp; it won‚Äôt come from fossil fuel candidates like @wendydavis She is part of the problem @SierraClubAlamo @TXGreens

https://t.co/bRMgz5QHLL",https://twitter.com/Wakely2020/status/1317841768172408834
Harry Burger,"10/03/2020, 06:33:01","@FoxyLeftist Wait, tech battle Bruce Wayne vs Donatello? Does Batman at least have Robin to even out the numbers a little?
Now I wonder, how does Leonardo dual wield katanas yet never spill any blood? In the cartoon the Foot Clan were robots, but not in the movies. #80sChildProblems",https://twitter.com/HarryRBurger/status/1312279472901623808
Harry Burger,"10/03/2020, 20:37:59","@kreativekonnect @WalkerBragman @NYGovCuomo So break the oligarchy. That's what elections are for. And if elections don't work, may God have mercy on us if it comes time to make good use of the 2nd Amendment.
A good UBI program &amp; universal healthcare including mental health would help quite a bit with those other problems.",https://twitter.com/HarryRBurger/status/1312492115184689153
Harry Burger,"10/16/2020, 16:47:39","There are a few Dems who get in DESPITE the Party machine. If they didn't help you get in, you don't need them, or owe them a penny. Please tell me when they hold out a hand for money, you spit in it! #APoxOnBothYourHouses https://t.co/S9BQQNgozW",https://twitter.com/HarryRBurger/status/1317145189983637505
John Molnar,"10/30/2020, 18:33:00",@Phant0mLupus Thank you!,https://twitter.com/Gear6A/status/1322245131437629440
David Young,"10/18/2020, 22:46:00","The debate is starting soon! Don't forget to watch the livestream at https://t.co/4yhIRo1JP4, or listen in on KMA AM 960, FM 99.1. Follow along with live updates from my team using #IA03 and #IA03Debate as well!",https://twitter.com/YoungForIowa/status/1317960149202587648
Wendy Davis,"10/21/2020, 23:04:12","If you cast your ballot by mail in Texas, you can now check online to make sure it was received! Here‚Äôs how:
https://t.co/EmS88rGnxe",https://twitter.com/wendydavis/status/1319051893495062528
Harry Burger,"10/31/2020, 16:13:38","Can verify, was one of those people.
""Keep the pen, I just need you to fill out the signature spot yourself, everything else has to match the BoE record exactly &amp; I have that."" https://t.co/coZtFDXrzZ",https://twitter.com/HarryRBurger/status/1322572446713712640
David Foster,"10/13/2020, 00:11:44",WTP are sending Patriot Warriors to join the 117th Fighting Congress.  https://t.co/PmNNXMlJ3C  VA2 PEACE... https://t.co/Z71pzD3zIR,https://twitter.com/RsvpTruth/status/1315807397995335681
Tommy Wakely,"10/25/2020, 14:32:01",Voting for leaders who understand this #ClimateEmergency &amp; who will take appropriate #ClimateAction to deal with it is essential if we are to avoid a #ClimateApocalypse #TX21 The two major party fossil fuel candidates @chiproytx &amp; @wendydavis will not save us @thgreendoc https://t.co/w6A3Yp9bB2 https://t.co/hyFbx0jQMQ,https://twitter.com/Wakely2020/status/1320372547872034816
Tommy Wakely,"11/01/2020, 14:28:37","I think it‚Äôs fair to say that Austin has become a mecca for folks who have a lot of money, upper-middle-class people who are good people, who believe in social &amp; economic justice but don‚Äôt have a clue to what the rest of us in #TX21 need &amp; want. ‚Å¶ https://t.co/gNc48nlCZV",https://twitter.com/Wakely2020/status/1322908408111112192
Kenneth Tucker,"10/09/2020, 00:08:19",About #ThursdayNightFootball am I the only #chicago #sports fan that rolls his eyes when Eddie Vedder is interjected into this sanctimonious space? #beardown #BearsvsBucs,https://twitter.com/aguyfromindiana/status/1314356986797068289
Jonia Broderick,"10/15/2020, 02:22:54",@Atticus59914029 Oh my goodness that brings back good memories!!!,https://twitter.com/teamjonia2020/status/1316565179476238336
Harry Burger,"10/09/2020, 02:05:08","I was pleased to have an opportunity to share stories I learned from @ShinnecockGov in the Meet the Candidates session when addressing how #ClimateChange is also a racial &amp; social justice issue. While advocating to stop Southampton from desecrating their burial sites, I learned",https://twitter.com/HarryRBurger/status/1314386383692337152
Mark Bauer,"10/28/2020, 03:54:24",@MikeyY626 And in the city where you carved out a stellar career. It‚Äôs hard not to be romantic about baseball,https://twitter.com/MarkBauer/status/1321299252220465152
Harry Burger,"10/13/2020, 04:15:03","@Vector563 @wchanley @socialiststeve6 @ProudSocialist @4aPeoplesParty I took up karate after leaving the program, the most important lesson there is to never strike first, always strike last.",https://twitter.com/HarryRBurger/status/1315868629230120961
Scott Taylor,"10/23/2020, 01:51:30",Malarkey!,https://twitter.com/Scotttaylorva/status/1319456383885037568
Kenneth Tucker,"10/18/2020, 13:06:43","#HappySunday #IN05 my latest road journal for consumption by the #Voters of #Indiana 

https://t.co/fyRKNLiime",https://twitter.com/aguyfromindiana/status/1317814368600469504
Wendy Davis,"10/29/2020, 17:24:30","I can't wait for our Out and Proud (to vote!) Conversation with the one and only @JVN tonight at 6pm CDT! Please join us by signing up at the link below!
https://t.co/9YKSOZmiTs",https://twitter.com/wendydavis/status/1321865506425462785
John Molnar,"10/13/2020, 16:46:10","@LaurentideFree1 It really is incredible that psychedelics have such a strong relationship with all of human history , but suddenly in the last 50 years they're considered bad while actually dangerous and addictive compounds are manufactured in a lab and pushed by men in white coats",https://twitter.com/Gear6A/status/1316057653496381440
Kenneth Tucker,"10/27/2020, 20:53:24",Early voting in #IN05 is as different an experience as the communities I‚Äôll be representing. Long waits in the two spots in Marion County. Many more options and much shorter lines throughout Hamilton County https://t.co/IPFPWer2FF,https://twitter.com/aguyfromindiana/status/1321193303530942466
John Molnar,"10/24/2020, 01:38:59",@PoliticsWheel Its is. My turn to cook for the wife tonight,https://twitter.com/Gear6A/status/1319815621723541504
David Young,"10/06/2020, 01:10:05","While Cindy Axne is talking about rural health care, she didn‚Äôt mention how her public option (i.e. government-run) health care plan would reduce rural healthcare access. #IA03Debate #IA03 https://t.co/jpfB7iVUNM",https://twitter.com/YoungForIowa/status/1313285365583798272
Harry Burger,"10/21/2020, 05:12:04","@DrCABerry @ClintSmithIII @LizTweetsThings Personally I want to see this repealed, &amp; everyone from the President to the Privates involved in the Guantanamo Bay torture of ""unlawful enemy combatants"" held to the Nuremberg standard, ""following orders"" is not a valid excuse for obvious evil.",https://twitter.com/HarryRBurger/status/1318782082588573697
Tommy Wakely,"10/24/2020, 21:33:18",How #TX21 Catholic‚Äôs vote this election cycle will determine who will represent our district in Congress for the next two years @TX21Indivisible. If Catholic Social Teaching is your guide you will come to the conclusion to vote Faith over Party &amp; mark your ballot for Tommy Wakely https://t.co/Mc4T26XEjA,https://twitter.com/Wakely2020/status/1320116177813835782
David Foster,"10/06/2020, 16:21:26",WTP THE ELITES WHO FEAR MONGERED CV19 NEED TO BE PROSECUTED!!! https://t.co/fvZYxN2WlN  VA2 PEACE... https://t.co/u3QxL9Xbin,https://twitter.com/RsvpTruth/status/1313514712542388226
Rae Hart Anderson,"10/26/2020, 03:36:09","MN:  Hagedorn vs Feehan   
Feehan's been shot at he said. He's safely BACK IN MN today, &amp; he is #NOTprolife4BABIES--our children eliminated EVEN ON A VET'S WATCH? 
He stands by &amp; WHISTLES 'vote4me' TOONS, DURING A REAL WAR!  #ProtectorOfSome?  

A former protector--disconnected.",https://twitter.com/GodisHere2day4U/status/1320569883021758464
Rae Hart Anderson,"10/31/2020, 01:53:45",Minnesota nice! https://t.co/UoRknuVTJh,https://twitter.com/GodisHere2day4U/status/1322356051056865280
Tommy Wakely,"10/27/2020, 15:14:26",Hospitals across the nation could soon be forced to ration care as they are about to do in Utah as COVID-19 continues to strain the healthcare industry #TX21. I support #MedicareForAll but ‚Å¶@wendydavis‚Å© says NO! ‚Å¶@SEIU‚Å© ‚Å¶@NationalNurses‚Å©  https://t.co/McXrwjPnQG,https://twitter.com/Wakely2020/status/1321108000350838789
Harry Burger,"10/16/2020, 05:59:13","@No39510639 If ever there was a year to show the world that so many things we thought were almost impossible, 2020 is it. There's also a secondary goal, if I can't win, I'm hoping to spoil the election for the Dems &amp; create selfish best interest to change us to ranked choice voting.",https://twitter.com/HarryRBurger/status/1316982005410693123
Dan Feehan,"10/22/2020, 13:09:28","Politicians like @JimHagedornMN have long-forgotten about people like us here in #MN01. They‚Äôve become more interested in lining their own pockets &amp; taking care of those around them, than doing what‚Äôs right. I promise that no matter how tough the fighting gets, I will never quit. https://t.co/ElrEg6JUzO",https://twitter.com/danielfeehan/status/1319264609145180163
Jonia Broderick,"10/26/2020, 19:43:16",Great news and a wonderful endorsement! https://t.co/QieCqIJh8U,https://twitter.com/teamjonia2020/status/1320813266633854977
Tommy Wakely,"10/11/2020, 18:25:34","You got it @YaronFishman we need to untether health insurance from employment &amp; I‚Äôm glad to see @karaforcongress wants to do that but so many other candidates like @wendydavis don‚Äôt want #MedicareForAll But she‚Äôs a Democratic &amp; I will always vote Party over Policy, right #TX21? https://t.co/H8BHKSza3a",https://twitter.com/Wakely2020/status/1315357890866278404
Harry Burger,"10/17/2020, 23:36:04","Look who pays for these, it's not even the candidate's own campaign!
Everything from my campaign is paid for by ""Friends of Harry R. Burger"", that's funded ONLY by @GreenNassau (all from passing a hat at meetings to real people), or real live Americans. https://t.co/rBYIHS8HFT",https://twitter.com/HarryRBurger/status/1317610359059042305
Harry Burger,"10/03/2020, 14:16:34","Let the companies get creative with saving themselves without tax $. Most of what she gives them will not actually go to wages of frontline workers this way; all goes to them if you #PrioritizePeople. 
https://t.co/E0sC7WYIsd",https://twitter.com/HarryRBurger/status/1312396125052305408
Tommy Wakely,"10/11/2020, 14:30:33",The Israeli &amp; Palestinian conflict is one of the most important Middle East issues today &amp; yet not a word from @wendydavis as to her policy position @indivisibleATX I support a 2-state solution &amp; until that happens I support the #BDS movement #TX21 @Palestine_UN @PalestineToday https://t.co/cNwTgF8SS1,https://twitter.com/Wakely2020/status/1315298749913145344
Christy Smith,"10/11/2020, 02:04:47","@TommieBoy312 Hi @TommieBoy312, if you fill out this form someone from my team can deliver to you: https://t.co/IAceczVqZU",https://twitter.com/ChristySmithCA/status/1315111070759968768
Harry Burger,"10/03/2020, 20:23:43","@kreativekonnect @WalkerBragman @NYGovCuomo That's not a good reason to not lock down - that's an argument for a UBI so everyone can stay home &amp; still pay the bills. If your #1 goal is not the smallest number of dead humans, you're doing it wrong.",https://twitter.com/HarryRBurger/status/1312488523530870785
John Molnar,"10/19/2020, 15:58:17",@MarthaBueno18 Vote Jo not Joe https://t.co/3RoflSVQNc,https://twitter.com/Gear6A/status/1318219931142574080
Tommy Wakely,"10/31/2020, 14:33:29","Despite what this article says, that ‚Å¶@chiproytx‚Å© &amp; ‚Å¶@wendydavis‚Å© share very little in common politically, they actually do #TX21. They both support fracking &amp; the death penalty &amp; both oppose citizenship for immigrants serving in our military.  https://t.co/3BQ3G3icM4",https://twitter.com/Wakely2020/status/1322547246479613952
Kenneth Tucker,"10/21/2020, 12:44:54",@ConanOBrien @TeamCoco @adobemax https://t.co/wXo2ppStFm,https://twitter.com/aguyfromindiana/status/1318896040305692681
Joe Cunningham,"10/29/2020, 18:09:43","The Money Bomb donor wall is getting PACKED! Donate $25 and we‚Äôll add your name to the list! 

Pitch in now: https://t.co/1D1CB6TlIe https://t.co/uSdkUE8KnD",https://twitter.com/JoeCunninghamSC/status/1321876887493349379
Joe Cunningham,"10/07/2020, 01:54:59","Thanks for these kind words, Jacque. So happy we were able to help save your business in these tough times. It‚Äôs about results, not rhetoric. https://t.co/39TvOnkhCH",https://twitter.com/JoeCunninghamSC/status/1313659052988215297
Darren Hamilton,"10/28/2020, 17:00:57","Not just bookstores (one of my personal favorites), but ALL independent businesses as often as possible. These are the foundations of our economy. https://t.co/AOEPxxzNxM",https://twitter.com/DHamilton2020/status/1321497191165427712
Harry Burger,"10/03/2020, 00:24:16",@RealSteveCox @ann_rivkah That's why I'm trying to keep BOTH of the Big 2 out of my Congressional seat!,https://twitter.com/HarryRBurger/status/1312186671782227968
Christy Smith,"10/06/2020, 18:08:23",My heart goes out to Armenian community who are worried about their friends and family at home and their homeland. I strongly condemn the unprovoked violence by Turkey and Azerbaijan.,https://twitter.com/ChristySmithCA/status/1313541629911818240
Christy Smith,"10/04/2020, 21:38:53","Amazing morning at our sign-waving rally in Santa Clarita! Thanks to everyone who came out - #CA25 is fired up and ready to VOTE. 

Look out for your ballots and let‚Äôs flip this district! üíô https://t.co/G1kGMioTSF",https://twitter.com/ChristySmithCA/status/1312869825522397186
David Young,"10/04/2020, 18:42:01",Wishing everyone across Iowa a safe and blessed Sunday! https://t.co/dA4euvx7Ay,https://twitter.com/YoungForIowa/status/1312825318852497409
Christy Smith,"10/09/2020, 23:18:15","#CA25 deserves a representative who will fight for:

‚úÖEqual pay for equal work
‚úÖPaid family leave
‚úÖReproductive freedom

Read Oana‚Äôs full letter: https://t.co/huIAMsPi5q https://t.co/RmXJpMvlgP",https://twitter.com/ChristySmithCA/status/1314706774289604608
Harry Burger,"11/01/2020, 15:59:09","I recently spoke with a career meteorologist who commented that warmer oceans don't mean a greater number of storms, but the ones that form are increasingly likely to hit Category 3+, to do more damage.
Add the increased damage from storms like this to the cost of doing nothing. https://t.co/oDCNKE9Erx",https://twitter.com/HarryRBurger/status/1322931191041953793
Scott Taylor,"10/09/2020, 12:27:23","Do you support packing the U.S. Supreme Court, @ElaineLuriaVA ?",https://twitter.com/Scotttaylorva/status/1314542977331724288
Joe Cunningham,"10/29/2020, 16:26:55",Pass the John Lewis Voting Rights Act. It's awaiting action in the Senate. https://t.co/OJJMs56khn,https://twitter.com/JoeCunninghamSC/status/1321851016934019078
Harry Burger,"10/16/2020, 15:35:22",@allinoops @LisaForMaine @HowieHawkins I'm proud to have given money to @LisaForMaine's campaign &amp; helped boost her social media presence. May she be the first American Green Senator!,https://twitter.com/HarryRBurger/status/1317127000214130692
Joe Cunningham,"10/29/2020, 16:12:54","The day after I announced for Congress in 2017, my wife and I found out she was pregnant. So, that was an interesting week. https://t.co/Mc0k9stC56",https://twitter.com/JoeCunninghamSC/status/1321847487825666049
Harry Burger,"10/15/2020, 12:35:11","Watch me debate the Big 2 candidates for Congress in NY District 2 at 7:30 tonight, hosted by the @LWVNYS! 
https://t.co/D6B3DkoVqD",https://twitter.com/HarryRBurger/status/1316719268634021888
John Molnar,"10/15/2020, 15:37:25",@TheDailyTrauma @PhillipALammi Thank you for your support!,https://twitter.com/Gear6A/status/1316765126582820869
Rae Hart Anderson,"11/01/2020, 14:43:37","It's November 1st, 2020 in America, &amp; All Saints Day.  Our Mom went to heaven on this very day a few years ago at 90. Grateful our family is for the Bible read in the morning w/pancakes and hot coffee;  with eggs always and bacon sometimes...and our #GrandparentsPresent with us!",https://twitter.com/GodisHere2day4U/status/1322912183349473283
Scott Taylor,"10/20/2020, 20:32:59",Know the feeling. https://t.co/fzs3soBo2m,https://twitter.com/Scotttaylorva/status/1318651449887383553
John Molnar,"10/09/2020, 22:31:02",@Latinos4Lib Maybe we should try ending the disconnect of politicians and the double standards?,https://twitter.com/Gear6A/status/1314694890102513664
Wendy Davis,"10/13/2020, 22:21:20",Remarkable. This is a testament to the tireless efforts of so many volunteers working to ensure Texans can express their voices at the ballot box. Let's maximize these next 3 weeks to #GetOutTheVote! https://t.co/atyVSuYQhl https://t.co/wbIDGstLGd,https://twitter.com/wendydavis/status/1316142002845736960
Tommy Wakely,"10/13/2020, 23:25:35","Why settle for @wendydavis or @chiproytx given that neither candidate has been consistent in their policy positions #TX21? The attached old newspaper clippings from time as a UU minister show that if nothing else I‚Äôve been consistent. 

@ATXInterfaith @LIVofTX @Dr_RREAL https://t.co/ogOxTkwkqG",https://twitter.com/Wakely2020/status/1316158170516148231
Harry Burger,"10/27/2020, 13:37:12","@MdmRobinHood We haven't been back to the moon in 50 years, we actually made 3 complete copies of all the drawings &amp; documents for how we did it, all 3 places holding onto those independently decided ""2 copies is enough"" &amp; destroyed theirs, w/o talking to the other 2.",https://twitter.com/HarryRBurger/status/1321083530991013889
Rae Hart Anderson,"10/25/2020, 15:08:41","Tina Smith bites the dust in MN. 

Minnesotans know that naming sins is not as deadly as killing millions of our babies -- AND SELLING TINY HEARTS, LIVERS, KIDNEYS--PIECEMEAL MURDERS OF THE HELPLESS LITTLE ONES.  

May God forgive us, and send us God's help--Bless His holy name!",https://twitter.com/GodisHere2day4U/status/1320381774883684352
Christy Smith,"10/18/2020, 22:19:25",@donwinslow Campaignüëèfinanceüëèreformüëè,https://twitter.com/ChristySmithCA/status/1317953457802731520
Wendy Davis,"10/27/2020, 20:00:01",I‚Äôm thrilled to be joined by the fabulous @JVN this Thursday at 6pm CDT for an Out (to vote) &amp; Proud (to do it!) conversation!! Please join us for this unforgettable event by signing up here: https://t.co/9YKSOZmiTs https://t.co/vwOXFOM8ci,https://twitter.com/wendydavis/status/1321179868231430145
David Young,"10/07/2020, 21:50:54","David has been endorsed by the National Federation of Independent Businesses, @NFIB. He‚Äôs supported Iowa businesses by lowering taxes and reducing red tape that prevents Iowans from growing and expanding. #IA03 #IA03Debate https://t.co/den8yz7dN2",https://twitter.com/YoungForIowa/status/1313960017385619458
Darren Hamilton,"10/29/2020, 15:58:28",Ask me anything.,https://twitter.com/DHamilton2020/status/1321843855419973634
Scott Taylor,"10/27/2020, 01:44:57","How about congratulating the strong working mother who just ascended to the highest court in the land, sworn in by a black judge on same court? I remember serving with you at a time when you would have done so. Sad. https://t.co/XFO39FFCzS",https://twitter.com/Scotttaylorva/status/1320904283580190722
David Foster,"10/03/2020, 00:06:31",IF YOU COULD OR CAN VOTE IN VA2 https://t.co/fvZYxNkxdl WOULD OR WILL YOU??? PEACE... https://t.co/gFil7aVKm0,https://twitter.com/RsvpTruth/status/1312182206211612672
Kenneth Tucker,"10/17/2020, 20:47:06",All over #IN05 again today #Libertarian on the loose #ALLIN for #indiana #Equality #education #environment #teamtucker #tuckerforindiana https://t.co/4oVctwluRy,https://twitter.com/aguyfromindiana/status/1317567837943308289
Harry Burger,"10/25/2020, 19:41:08","@xixtas @smelliefloyd @JayThePopulist @FiascoLinguini Goal- a trans woman of color can marry a nonbinary person who crossed the border illegally as a child, defending their backyard marijuana farm with guns if they want to, getting their healthcare for free, voting without needing to show ID, not harassed by neighbors or government.",https://twitter.com/HarryRBurger/status/1320450338017726469
Tommy Wakely,"10/26/2020, 13:02:54","From Sept. to Oct. 17, despite the CDC eviction ban, almost 10,000 eviction actions have been filed in Arizona, Florida, Georgia, Tennessee &amp; TX by large corporate landlords #TX21. Profit before People is ‚Å¶@wendydavis‚Å© mantra ‚Å¶@TXGreens‚Å© https://t.co/S28lLfQOsJ",https://twitter.com/Wakely2020/status/1320712508030812160
Harry Burger,"10/17/2020, 05:44:33","@richimedhurst @Twitlertwit I'm working on it.
Need help, send üí∞ &amp; volunteers https://t.co/qEzdZ2GfWP",https://twitter.com/HarryRBurger/status/1317340702641164293
Scott Taylor,"10/13/2020, 19:23:51",Judge Barrett is brilliant https://t.co/ynB4MmUtuU,https://twitter.com/Scotttaylorva/status/1316097335093493762
Scott Taylor,"10/20/2020, 23:05:01",Live #VA02 debate happening now. Watch here- https://t.co/XU11qZnnls,https://twitter.com/Scotttaylorva/status/1318689708537413634
Kenneth Tucker,"10/27/2020, 01:37:15","You waste first two timeouts, then you don‚Äôt want ball back? Is it just me or is Nagy getting even worse? #CHIvsLAR",https://twitter.com/aguyfromindiana/status/1320902349037195264
Kenneth Tucker,"10/24/2020, 20:50:03",C‚Äômon dl #iowa ol winning so far in #rossaisde @rossadebrigade #IOWAvsPUR,https://twitter.com/aguyfromindiana/status/1320105296430325763
John Molnar,"10/29/2020, 15:20:43",@brycejacksoncvt @AP4Liberty The state health department mandating to my wife's OBGYN that I couldn't be present for any ultrasounds all year certainly isn't an indicator of small government and respecting individual rights,https://twitter.com/Gear6A/status/1321834356491669507
Harry Burger,"11/01/2020, 02:15:28","@vikingtwothree Right, I figured that out again while I was working on door hangers. Came back to correct that lol.",https://twitter.com/HarryRBurger/status/1322723905849696257
Scott Taylor,"10/27/2020, 01:47:35","Thoughts, @ElaineLuriaVA ? https://t.co/ndpdgpzVaA",https://twitter.com/Scotttaylorva/status/1320904946649337856
Harry Burger,"10/28/2020, 15:32:44","@BrianLehrer rep called me back, said they decided not to include me because I haven't raised enough money to be a viable candidate. That's because the media is constantly erasing @gpny &amp; we refuse the corporate üí∞!
Demand equal access right now! Call (646) 435-7280",https://twitter.com/HarryRBurger/status/1321474992559837191
Tommy Wakely,"10/25/2020, 13:51:35",Wealthy residents in some of the small cities around San Antonio are drilling private wells to water üí¶ their lawns #TX21. It‚Äôs a practice that has to be stopped ‚Å¶@SierraClubAlamo‚Å© for a number of reasons including the current drought. ‚Å¶ https://t.co/bpWmeMST3h,https://twitter.com/Wakely2020/status/1320362370821197824
Rae Hart Anderson,"10/19/2020, 15:44:51","""I ,  I AM He Who blots out your transgressions for My own sake, and I will NOT remember YOUR sins."" -- God  
--Isaiah 43:25 ESV

So ask!  God cannot lie. Ask! Say a simple heartfelt, ""THANK YOU!""  Remember God is good, and God is for you!!

""Be not afraid!"" 

""In God we Trust!""",https://twitter.com/GodisHere2day4U/status/1318216549296230401
Wendy Davis,"10/16/2020, 23:30:46","If you live in San Antonio and need a ride to the polls, check out the article below to find an option that works for you. #TX21
https://t.co/LVeox3DMKW",https://twitter.com/wendydavis/status/1317246637912117249
Wendy Davis,"10/31/2020, 22:06:30","Make sure you have a plan to vote on #ElectionDay2020. Go to https://t.co/vp8NyxamjS to find out where to go and what to bring. Your vote matters in this election, make your voice heard! #TX21
https://t.co/vp8NyxamjS",https://twitter.com/wendydavis/status/1322661251537866752
