Andrew Olding,"10/07/2020, 14:06:56",@alainakayxx Get a cat.,https://twitter.com/AndrewOlding/status/1313843255642071043
Clark Patterson,"10/25/2020, 04:28:54","Libertarians believe that Obamacare should be phased out. Read more about this at my FB post: https://t.co/lFTYgBXiPH 
#VoteLibertarian
#VoteGold
#BeBoldVoteGold
#Election2020
#Libertarian
#JoJorgensen
#JoJorgensen2020
#SpikeCohen
#ThirdParty
#Liberty
#Vote3rdPartyChallenge",https://twitter.com/clarkpatterso12/status/1320220770874904577
Robin Dominick,"10/30/2020, 08:31:56","Thank you @scotthortonshow for talking about Syria with @PeterRQuinones 
I love hearing you dive into how we get sucked into wars that the public has been lied to about.

Here's that piece by Hersh 
 https://t.co/a4xu7rKm3u

And FMBTW podcast 
https://t.co/sDcP40TZ4A",https://twitter.com/RobinRD4MO/status/1322093871019556864
Albert Oram,"10/30/2020, 15:32:52","Trump &amp; family hope people are gullible.

https://t.co/EzUmWlQc50",https://twitter.com/RealMaverickUSA/status/1322199801748967425
Rae Hart Anderson,"10/07/2020, 16:20:28","#FAITH!  I'm a Christian-a plain sinner, saved by God's grace &amp; forgiveness; sins paid for (!) by His suffering, death on a cross, burial, resurrection &amp; ascension of Jesus on the 40TH day after He rose up (!) conquering sin, death &amp; the works of the devil! 

#FaithNOW! 
And you?",https://twitter.com/GodisHere2day4U/status/1313876860351242242
Scott Taylor,"11/01/2020, 22:03:30",üá∫üá∏ https://t.co/1ga6tR5V8R,https://twitter.com/Scotttaylorva/status/1323022883694825472
William Garlington,"10/23/2020, 02:16:45","Keep talking Joe, Trump is baiting him and he‚Äôs falling for it",https://twitter.com/billgarlington/status/1319462735357317120
Michael Rufo,"10/14/2020, 22:08:01",@JoshuaAtLarge Yes,https://twitter.com/rufo4congress/status/1316501038044786688
Rae Hart Anderson,"10/05/2020, 17:23:21","He's been through a lot, but has not shown his courage during several opportunities to vote for  #LIFE! https://t.co/4b7Jx2TKgh",https://twitter.com/GodisHere2day4U/status/1313167910190354433
Michael Rufo,"11/02/2020, 17:36:28",@Nickcarducci I was there in the same column as @Jorgensen4POTUS and it said Libertarian Party under my name. Had some others from the area let me know they voted for me.,https://twitter.com/rufo4congress/status/1323318068676829184
Christine Olivo,"10/20/2020, 17:11:36",No one should be in jail for smoking marijuana! #LegalizeIt,https://twitter.com/Christinefor24/status/1318600770154090497
Christine Olivo,"10/09/2020, 19:20:54",@TulsiGabbard Celebrate bipartisanship!,https://twitter.com/Christinefor24/status/1314647043034566657
Wendy Davis,"10/07/2020, 00:35:20","I just wrapped up my debate with Chip Roy and the difference couldn't be clearer: While he pushes a dangerous agenda hurting our families, I'm in this to put Texas first. I sure could use your help to get it done. Pitch in what you can and let's win this! https://t.co/0qKwmDDuOo",https://twitter.com/wendydavis/status/1313639008497475585
Jon Dillard,"11/02/2020, 19:17:44",@happycamper712 @RepDavidKustoff @HouseGOP I have stepped forward to replace the enabler that currently holds the seat for TN 8 US Congress. https://t.co/WvLlMSACcd,https://twitter.com/JonDillard_TN8/status/1323343556145303561
Christine Olivo,"10/15/2020, 00:39:10",What legislation do you want me to put forth when I‚Äôm in congress? Comment below,https://twitter.com/Christinefor24/status/1316539075315326978
Dan Feehan,"10/10/2020, 18:23:59",https://t.co/NnETF823Uv,https://twitter.com/danielfeehan/status/1314995108601909250
Rae Hart Anderson,"10/28/2020, 14:48:57","Cheaper meds may be more complete medications--not doctored up with sky high tabs, colors, designs and added ingredients. https://t.co/a6xzZVzzQb",https://twitter.com/GodisHere2day4U/status/1321463973364015107
Rebecca Keltie,"10/09/2020, 18:46:58","@cospringsnews IFFFF you keep voting the SAME WAY...stop expecting a different outcome! It‚Äôs a new era &amp; a new time for politics! 3rd Parties, the UNITY PARTY are the PEOPLE‚ÄôS PARTY! New &amp; uncorrupted! I AM THE MODERATE/CENTRIST all encompassing candidate you‚Äôve been waiting for! üá∫üá∏ KELTIE2020",https://twitter.com/Keltie4Congress/status/1314638503926398976
Tommy Wakely,"10/30/2020, 22:03:04","I‚Äôm humbled to be included among such a strong group of progressive activists #TX21. Together we can make all the difference in the world, literally @TX21Indivisible We all fight for the same thing #MedicareForAll, #UBI and for a ban on fracking to save our precious world @foe_us https://t.co/CASP3hjdN3",https://twitter.com/Wakely2020/status/1322297998408372227
Victoria Alexander,"10/12/2020, 00:20:55",@AlanChartock How about equal time with the Libertarian candidate for #NY19?,https://twitter.com/Alexander4Cong1/status/1315447321111474178
Paul N. Fiorino,"10/16/2020, 03:28:47","Paul Noel Fiorino https://t.co/4RKNebnYFf another opportunity to know my heart and soul. SISTY at Riverside with his family, to get a Memorial. Thanks to Fairmount and Fiorino Family they will be remembered so see about https://t.co/jNclVtAmrm &amp; PLEASE VOTE",https://twitter.com/votefiorino/status/1316944149896187906
Trey Holcomb,"10/19/2020, 04:09:23",@SenTomCotton Why won't you debate?  You sorry ass coward.,https://twitter.com/TreyHolcomb/status/1318041530649759744
Rae Hart Anderson,"10/30/2020, 17:48:32","Prayer is admitting we need help. . . often right now!! Pray before you quiet down, or quit or plan our own demise.  You have a heart beat!  You have a future! Expect more life and ASK FOR  WISDOM TO APPRECIATE YOUR OWN HEART BEAT.  There is more peace, hope and joy. . . #EXPECT!",https://twitter.com/GodisHere2day4U/status/1322233941751812096
Joel Anabilah-Azumah,"11/02/2020, 23:46:39","Self-sufficiency is a standard immigration metric across the globe, including our friends in Canada.

If that makes President Trump racist, what does that make every industrialized country on the planet? https://t.co/4uA8reCgrA",https://twitter.com/JoelAzumah/status/1323411230913110017
Robin Dominick,"10/21/2020, 22:15:26","@Vets4AP @MRSpinkston85 @FtBraggNC Probably the most common cause of shenanigans. 
I was never that kind of asshole. I would put clear tape over the face and draw dicks or a mustache.",https://twitter.com/RobinRD4MO/status/1319039618998743040
Andrew Olding,"10/10/2020, 12:56:11","@dylanjohn2233 @TulsiGabbard @AnnMcLaneKuster @ZacharySDumont My parties are New Hampshire, basic human rights, and honesty. The Libertarian Party is a a very solid organization, that I'm absolutely willing to split from the second I don't see them working for the goal of a freer more consent driven society.

#nhpolitics
#NH02",https://twitter.com/AndrewOlding/status/1314912611415339010
Andrew Olding,"10/14/2020, 02:40:25","I was sent this picture of a Nashua Voter's front lawn the other day. (I cropped out a 5th sign)

#nhpolitics https://t.co/3xqESNRXtl",https://twitter.com/AndrewOlding/status/1316207201111994368
Tommy Wakely,"10/21/2020, 14:14:29",All power must be held accountable for their actions &amp; it‚Äôs just another reason why I‚Äôm running for Congress #TX21 ‚Å¶@RecallCPS‚Å© ‚Å¶@ActSaws‚Å© ‚Å¶@sapatx‚Å© ‚Å¶@MyDeceleration‚Å© ‚Å¶@Dr_RREAL‚Å©  https://t.co/8KfKAeM6n7,https://twitter.com/Wakely2020/status/1318918583997661186
David Canny,"10/18/2020, 14:02:45","I have completed my survey for @ballotpedia, The Encyclopedia of American Politics and look forward to seeing my candidancy and positions as part of their valuable candidate database. #ballotpedia",https://twitter.com/DavidCanny4con/status/1317828468072210432
Tommy Wakely,"10/27/2020, 15:14:26",Hospitals across the nation could soon be forced to ration care as they are about to do in Utah as COVID-19 continues to strain the healthcare industry #TX21. I support #MedicareForAll but ‚Å¶@wendydavis‚Å© says NO! ‚Å¶@SEIU‚Å© ‚Å¶@NationalNurses‚Å©  https://t.co/McXrwjPnQG,https://twitter.com/Wakely2020/status/1321108000350838789
Michael Madrid,"10/05/2020, 01:39:20","Jesus Christ.

Honestly.

https://t.co/OFMtULThCy",https://twitter.com/madrid4nyc/status/1312930339287961600
Robin Dominick,"10/26/2020, 04:42:01","@CrowdFundedGov I did? 
Um.. Thanks?",https://twitter.com/RobinRD4MO/status/1320586457904500737
Robin Dominick,"10/22/2020, 06:56:44","@xadditupx One of my BFFs had CPS called to the hospital bc her son hit his head goofing around with other kids. üòû
Took several letters and 3 or 4 visits before they left them alone.

And yet my mom beat the shit out of me and they kept putting me back with her?? üòê",https://twitter.com/RobinRD4MO/status/1319170809097760768
Michael Madrid,"10/09/2020, 15:42:05","legal in how many states now?

say no to the war on drugs https://t.co/EqFycv8r6p",https://twitter.com/madrid4nyc/status/1314591976092766209
Kyle Furey,"10/04/2020, 13:28:54","@Dmilliganspeaks @bladeedge861 @EricDJuly Even though I disagree, that‚Äôs a brilliant insight for someone who‚Äôs not an anarchist to make. The only difference between a gang and a state is that a state is a gang that has established a territorial monopoly on the use of aggressive violence. It can be hard to draw the lines.",https://twitter.com/kylefurey/status/1312746519737507846
Scott Taylor,"10/06/2020, 00:42:53","I am thankful that the leader of the free world, our president @realDonaldTrump , has been released from the hospital. Let us continue to hope and pray for his health, the health of those around him, and for all Americans.
üá∫üá∏Ôøº",https://twitter.com/Scotttaylorva/status/1313278519548444672
Albert Oram,"10/14/2020, 21:18:25","'It's shocking. It's horrible,' says Dr. Ezekiel J. Emanuel, a professor of health policy and medical ethics at the University of Pennsylvania and one of the authors of the study.",https://twitter.com/RealMaverickUSA/status/1316488554109906946
Robin Dominick,"11/01/2020, 22:21:37","@rangermonk1 Tell her that since a lot of libertarians jumped ship from the GOP in 2016 when he got the nomination, we're actually taking votes away from Trump.",https://twitter.com/RobinRD4MO/status/1323027440516665344
Michael Rufo,"10/09/2020, 16:16:29","The savings. Imagine how much easier it would be for upward financial movement.

With more money the levels of stress over money would drop. 

The AVERAGE American, NOT THE CRONIES CONNECTED TO THE D &amp; R HYDRA, would see the lost benefit. 4/5

#RepealThe16th
#AbolishTheIncomeTax",https://twitter.com/rufo4congress/status/1314600631827664898
Charleston Malkemus,"10/31/2020, 15:02:08",HAPPY HALLOWEEN!! https://t.co/UKjT0gQJdF,https://twitter.com/VoteCharleston/status/1322554453610926080
Andrew Olding,"10/08/2020, 12:59:12",@loneillNH @BernieSanders @JoeBiden Why would any Bernie supporter be excited to see this? It's just a sellout move. I keep being td that Bernie is different and that he's for the people and can't be bought. Clearly none of that is true.,https://twitter.com/AndrewOlding/status/1314188598439292929
Christine Olivo,"10/18/2020, 04:24:00",@PammyDeLux Thank you! And I will keep following you lol,https://twitter.com/Christinefor24/status/1317682821000011776
John S. Stewart,"10/12/2020, 13:34:17","The Cost of Education is too High!
UNIVERSITIES HAVE BEEN SUBSIDIZED IN A MYRIAD OF WAYS BY ALL LEVELS OF GOVERNMENT.  One form of subsidy has been student loans backed by the government.  They have been easy to get but hard to pay off. https://t.co/X8kuCq4j9G",https://twitter.com/electjstewart/status/1315646976525033473
John S. Stewart,"10/23/2020, 18:05:07","Continue to allow tax free HSA contributions but remove the requirement for high deductible insurance plans.  Pre-existing conditions should not be forced on insurance companies. If mandated, it‚Äôs not insurance, it‚Äôs welfare. Reduce regulations on health insurance. 3/3",https://twitter.com/electjstewart/status/1319701399370956801
David Foster,"10/08/2020, 18:38:52",WTP HE WASN'T VERY SICK... WE HEARD HIM SAY HE HAD MILD SYMPTOMS AND THIS WAS PRECAUTIONARY... THE DEEP STATE IS ALIVE PEOPLE... https://t.co/2iIQe6ZT9I,https://twitter.com/RsvpTruth/status/1314274076345667585
John Molnar,"10/29/2020, 18:19:28",@Mr_Yancy ATF should have been abolished back in 93 after Ruby Ridge and Waco,https://twitter.com/Gear6A/status/1321879338917064706
Andrew Olding,"10/07/2020, 14:00:36",@HannahCox7 should come to @PorcFest in 2021.,https://twitter.com/AndrewOlding/status/1313841658719539201
David Canny,"10/28/2020, 13:10:14",By what authority is ATF banning these firearms? #2ndamendment #nra #gunrights #uscongress https://t.co/Fm9XGqZnlk,https://twitter.com/DavidCanny4con/status/1321439128907583488
Andrew Olding,"10/12/2020, 15:41:45","You guys ever make totems with your campaign signs?

@ODonnell4NH https://t.co/da5GTT80gd",https://twitter.com/AndrewOlding/status/1315679057003065344
Kyle Furey,"10/15/2020, 03:25:14",@BorgnenErnest @tweefactor @ThaddeusRussell @pauldorn How do ‚Äúworkers‚Äù control the means of production other than through government ownership or control? The only other way I can think of is through a private company with a co-op structure (aka free market capitalism).,https://twitter.com/kylefurey/status/1316580868958285824
Tim Kelly,"10/23/2020, 01:23:50",Trump‚Äôs killing it! School‚Äôs in session.,https://twitter.com/timothykelly/status/1319449419603902464
Michael Madrid,"10/05/2020, 02:19:30","@chellerrific @GunnelsWarren @KyleKulinski it is central to the question of which costs more.  and if you are making assertions, you should provide the evidence to back up your claims",https://twitter.com/madrid4nyc/status/1312940446713294849
David Young,"10/30/2020, 19:54:13",Election Day is just a few days away! Have you voted yet? Make sure to make your voice heard this election - our state and nation are depending on it! #IA03 https://t.co/HVLiFXXcv4 https://t.co/lAXJFLfouq,https://twitter.com/YoungForIowa/status/1322265571476594688
Christine Olivo,"10/20/2020, 15:21:43","@GevonteP Thank you for following me! By any chance would you be willing to donate $7 or even $1 to my campaign? I‚Äôm fighting for Medicare for all, UBI, legalizing marijuana, the freedom of Julian Assange and much more! https://t.co/EutMQChl1n",https://twitter.com/Christinefor24/status/1318573117447544832
Christine Olivo,"10/18/2020, 02:41:12","@HanDro333 Thank you for following me! By any chance would you be willing to donate $5 or even $1 to my campaign? I‚Äôm fighting for Medicare for all, UBI, a $15 minimum wage, the freedom of Julian Assange and much more! https://t.co/EutMQChl1n",https://twitter.com/Christinefor24/status/1317656951501848576
Rae Hart Anderson,"11/02/2020, 17:22:45","Jesus is Who He is! ""The King of kings""  
""The Lion of the Tribe of Judah"" 
 (Holy, Holy, Holy)  ""LORD GOD ALMIGHTY""
""The Living WORD""  ""The First and the Last"" 
 ""The Savior of the World""  ""God With Us""
 ""Our Brother"" ""The Great Physician""
 ""The LIGHT of the World is JESUS""",https://twitter.com/GodisHere2day4U/status/1323314616521302016
Charleston Malkemus,"10/08/2020, 23:58:31",@BocaCann Our Platform has three major Agendas. Here is quick summary of Agenda one: https://t.co/KxVeeVgIPE and getting us out of these crises.,https://twitter.com/VoteCharleston/status/1314354517891338241
Robin Dominick,"10/29/2020, 23:18:35",@RedBeardRevenge Are you in the city or on 1200 acres?,https://twitter.com/RobinRD4MO/status/1321954616590823424
Michael Rufo,"10/15/2020, 23:18:50",https://t.co/qWU32xjYoN,https://twitter.com/rufo4congress/status/1316881246983757824
John Molnar,"10/21/2020, 19:01:58","The most obvious is every time I hear from young people how inspiring it is that I started this campaign at 28 years old

I disagree with @AOC on so many things, but I've always credited her winning being an inspiration for me cause her and I are only 1 year apart",https://twitter.com/Gear6A/status/1318990930905600000
"Hal Ridley, Jr.","11/01/2020, 00:23:39","We had separation of church and state for this reason. Religious people who want to make our government their church. If the church rules they believe injustice is from heaven, yet they couldn‚Äôt be farther or hotter from real truth. Decapitation for a comic strip, to please god?",https://twitter.com/HalRidleyJr/status/1322695764452216833
John S. Stewart,"10/30/2020, 13:35:43","Student Loans - Government subsidies have bloated college bureaucracies and made college unaffordable. Student loans have loaded students with a debt difficult if not impossible to pay off. 
Solution: End the govt student loan program and have students rely on private lenders.",https://twitter.com/electjstewart/status/1322170319885504512
Albert Oram,"10/28/2020, 21:19:20","On two days last week, the daily number of new infections topped 80,000, higher than at any point since the pandemic began

    In states around the country, a surge of covid-19 hospitalizations is swamping hospitals, leaving some intensive care units at full capacity",https://twitter.com/RealMaverickUSA/status/1321562216731201539
Steve Hohe,"10/30/2020, 21:00:27","@adkins_2020 https://t.co/tcYrVualhP 
Sorry Amanda already voted.
Also I didn't need anyone's help to do it. Most of us are grown-ups in the Third.
Drop the D and the R!
Vote Steve Hohe for Congress",https://twitter.com/stevehoheks/status/1322282239355478016
Charleston Malkemus,"10/13/2020, 20:25:45","SENIORS FOR CHARLESTON
Men and women of all age want our nation to come together and focus on the problems in front of us. They do not want more divisiveness and petty politics. 
#seniors #vote #election2020
https://t.co/ypwQ28bQXz https://t.co/5OVK1KV9Cp",https://twitter.com/VoteCharleston/status/1316112913074204675
Dennis Grace,"10/16/2020, 13:42:18","@Jim_Jordan Hunter, obviously.  He knows what he is and so do we.",https://twitter.com/thedennisgrace/status/1317098544818421760
Charleston Malkemus,"10/20/2020, 12:56:04","Throwing away your vote is voting the same way and expecting a different result. Congress is currently at an 18% approval rating. Is this the result you want?
#votedifferent #election2020 #palmbeach
https://t.co/XytuEzy7oX https://t.co/SOG6GQNJG7",https://twitter.com/VoteCharleston/status/1318536461256359939
David Foster,"10/19/2020, 00:31:56","WTP ON A PLATINUM PLATTER, BEEN SAYING THIS FOR MONTHS... https://t.co/jjZ3Jc5tr7",https://twitter.com/RsvpTruth/status/1317986806911160323
Robin Dominick,"10/15/2020, 04:43:01",@Libertarian_Pas @MikeJonesEsq1 Same,https://twitter.com/RobinRD4MO/status/1316600443557023744
Tommy Wakely,"10/15/2020, 04:39:52","From 2000-2019 there were 7,348 major recorded disasters claiming 1.23 million lives, affecting 4.2 billion people causing approximately $3 trillion in global economic losses #TX21. Fracking was a contributing factor Thank you ‚Å¶@wendydavis‚Å© ‚Å¶ https://t.co/LwsqdCxwIr",https://twitter.com/Wakely2020/status/1316599650703552512
Jonia Broderick,"10/14/2020, 02:06:41","@jstuart__ When I was in college I had an international relations class where the professor made us analyze 150 news articles and find the liberal/conservative, idealist/pragmatist bias. It permanently changed the way I consume news. I am so thankful for Dr. John.",https://twitter.com/teamjonia2020/status/1316198711291117568
Robin Dominick,"10/25/2020, 09:03:06",@TRHLofficial @NotDeltaTrader4 https://t.co/GPQLypS6Oo,https://twitter.com/RobinRD4MO/status/1320289771873312768
Christine Olivo,"10/27/2020, 13:48:10",@FSWInTheHouse @5000RoleModels You have failed the community for decades. It‚Äôs time for you to go!,https://twitter.com/Christinefor24/status/1321086288875999232
Kevin Wilson,"10/14/2020, 18:40:51","Looking forward to it @AdamChodak! 

#ROC #VoteGold #Libertarian https://t.co/Uo9trm2jly",https://twitter.com/KevinWilsonROC/status/1316448903529746434
Victoria Alexander,"10/18/2020, 17:44:56",@aSciEnthusiast It's still changing my friend Angus's name to Anus.,https://twitter.com/Alexander4Cong1/status/1317884383383244805
Joe Cunningham,"10/29/2020, 16:12:54","The day after I announced for Congress in 2017, my wife and I found out she was pregnant. So, that was an interesting week. https://t.co/Mc0k9stC56",https://twitter.com/JoeCunninghamSC/status/1321847487825666049
Tommy Wakely,"10/25/2020, 22:48:22","The Democratic Party has co-opted so many environmental organizations @HowieHawkins like the @sunrisemvmt &amp; @SierraClub that progressives need to organize a response #TX21 &amp; that‚Äôs why I‚Äôve joined the @treecrew, a progressive environmental activist group @TXGreens @SPofUSA https://t.co/RjmHM2xMZj",https://twitter.com/Wakely2020/status/1320497460263981056
Ken Biles,"11/01/2020, 17:44:46",@TeamPelosi Proof that you really SHOULD be retired.,https://twitter.com/Ken4Colorado/status/1322957769629204480
Kenneth Cody,"11/02/2020, 17:26:06","https://t.co/DrD0NudRLp

@TulsiGabbard @BernieSanders  I want to continue to fight for the people and Bernie and Tulsi's policies in Congress. Support our campaign on November 3rd.",https://twitter.com/Cody4CongressNJ/status/1323315461476548609
David Canny,"10/20/2020, 17:24:03",@mickaell_watts That is enough research for me,https://twitter.com/DavidCanny4con/status/1318603902393176068
Rae Hart Anderson,"10/16/2020, 17:15:38","Every day I thank God with smiles and tears and prayers for America, my country.  (Devils take your hands off!) We are ""One Nation Under God"" -- and as we remember and give respect to our Constitution and the love of God still being plentifully provided on saints and sinners!",https://twitter.com/GodisHere2day4U/status/1317152231196602368
Andrew Olding,"10/09/2020, 17:12:23",@beccaleeeeeee Nicer than what?,https://twitter.com/AndrewOlding/status/1314614698793467904
Andrew Olding,"10/11/2020, 01:41:05",This is one of the better one of these I've seen. I had a very hard time contemplating mine. I came to the conclusion that @adamkokesh and Trey Parker of @SouthPark belong the list. Buy couldn't figure out who else. https://t.co/vghvyirjCW,https://twitter.com/AndrewOlding/status/1315105108301094913
Robin Dominick,"11/02/2020, 02:15:48","@Bobgx2 @Ivan_Is_Back @JoeBiden No, it's not. https://t.co/nPCoyd3oqY",https://twitter.com/RobinRD4MO/status/1323086376351444992
Robin Dominick,"10/04/2020, 04:37:46","@peaceful_slave Happy birthday üéÇüéâ 

https://t.co/y5WOgkWyHq

üòÇ",https://twitter.com/RobinRD4MO/status/1312612856060416002
Tommy Wakely,"10/21/2020, 16:10:48","All of our hospice patients have had their morning shower, eaten breakfast &amp; are comfortable #TX21 So what better way for two boomers like myself &amp; my wife to start the day? PIZZA! @sunriseatx @TXGreens @sapatx @ProudSocialist https://t.co/nb0BKTaeG2",https://twitter.com/Wakely2020/status/1318947856431144964
John Molnar,"10/26/2020, 22:47:57",@abc4utah https://t.co/gnoiL0wuOC,https://twitter.com/Gear6A/status/1320859743578025985
Dan Feehan,"10/18/2020, 17:52:45","Young people across #MN01 have the opportunity to create their future right now! Your vote and your voice matter. Make a plan, cast your ballot, and have your voice heard on or before November 3! https://t.co/c1OzqI0s3K",https://twitter.com/danielfeehan/status/1317886349278646274
Andrew Olding,"10/08/2020, 14:39:18",@alexcarterthorn @beccaleeeeeee @AttitashResort @PorcFest Porcupine as in the greatest animal symbol of liberty. Freedom as in the thing we're all fighting for. It's the best time ever.,https://twitter.com/AndrewOlding/status/1314213788560752641
Kevin David Kahn,"10/17/2020, 20:29:50","2 1/2 hours until the candidate round table.  Looking forward to taking questions tonight and discussing to reach a world set free in our lifetime.
#Kahngress2020 https://t.co/QIKQhxZPnK",https://twitter.com/Kahn4C/status/1317563493399302147
Justin Paglino,"10/13/2020, 03:11:36","Justin4All: Waiting for a (Yard) Sign : the music video: https://t.co/SisJ9bbDXX 
Get your own Paglino for Congress sign (if you live in the 3rd CD)  at https://t.co/wlSPw8a1ku",https://twitter.com/justin4all2/status/1315852662420705286
Robin Dominick,"10/18/2020, 21:46:38","@philos_engineer @flowerchild1115 @RBReich She deleted, but screenshots are forever. https://t.co/SR5eSg4dBF",https://twitter.com/RobinRD4MO/status/1317945208865214464
Joel Anabilah-Azumah,"10/23/2020, 05:52:10",@lauraneckstein @jacobkornbluh I am waiting on the Washington Post's article on the 3 million people inside China's concentration camp system. Will I be a skeleton before I see it?,https://twitter.com/JoelAzumah/status/1319516947827073024
Michael Madrid,"10/16/2020, 14:22:28",@blake_mortensen #nolibertarianunder1k,https://twitter.com/madrid4nyc/status/1317108656207441921
Michael Rufo,"10/09/2020, 01:36:13",https://t.co/1KGA7uUMKp https://t.co/CufxZBNXTv,https://twitter.com/rufo4congress/status/1314379106469974016
Rae Hart Anderson,"10/29/2020, 20:57:08","How the Democrats treat Girl Scouts who just correctly congratulated the newest Supreme Court Justice--only the 5th woman to be so seated. 
  ‚ÄúWhat kind of patch does one earn for uplifting a woman who is the antithesis of justice?‚Äù  -- U.S. Rep. Ayanna Pressley, D-Mass.",https://twitter.com/GodisHere2day4U/status/1321919016156291072
Christine Olivo,"10/26/2020, 23:13:19",@CalebCornelius Thank you so much!,https://twitter.com/Christinefor24/status/1320866124838424581
Joe Cunningham,"10/29/2020, 19:10:35","We're halfway there! Let's keep pushing!

Chip in: https://t.co/pLm4JiqOCb https://t.co/biv6iDUkYV",https://twitter.com/JoeCunninghamSC/status/1321892205259345927
Kenneth Cody,"10/13/2020, 18:19:06","Campaign flashback.  Let's revisit the comedy style of Amy Klobuchar. Classic.

https://t.co/yJldncPYjp",https://twitter.com/Cody4CongressNJ/status/1316081040461529090
Andrew Olding,"10/08/2020, 22:29:39",@peachpadme What the hell is wrong with you?,https://twitter.com/AndrewOlding/status/1314332154453782528
David Canny,"10/18/2020, 22:22:31",How much is Joe's cut? #howmuchisjoescut https://t.co/72vtW5o5Uf,https://twitter.com/DavidCanny4con/status/1317954238396420098
Christy Smith,"10/27/2020, 20:33:18",Yes we can! https://t.co/r4gq1wTxQp,https://twitter.com/ChristySmithCA/status/1321188242624970752
Christy Smith,"11/02/2020, 00:33:22","Appreciate the opportunity to join @PalmdaleCity to honor our heroes at the Healing &amp; Honor Field. The 2,020 flags were an incredible sight, each representing a veteran, military member or first responder. My thanks to everyone on the frontlines serving our nation &amp; communities! https://t.co/JKkVULMby9",https://twitter.com/ChristySmithCA/status/1323060596552593408
Christine Olivo,"10/21/2020, 16:50:13",Today I want to show the true power of the grassroots! Can you donate $2 today so I can fight like hell for genuine structural change in congress? Lets shock the world and win this election! Link to donate in bio.,https://twitter.com/Christinefor24/status/1318957777570697221
Amy Slepr,"10/22/2020, 14:37:39","@ZellnerLaw Free Brendan Dassey too. He was a child! Even if he was ordered to sexually assault someone he was a minor and he should have been seen as a victim of sexual assault of a minor, not an accomplice.",https://twitter.com/AmySlepr/status/1319286803052908549
Robin Dominick,"10/31/2020, 05:48:27","@melyssa__dawson 1997
Docs, Flannel, White Zombie CD, hanging out at the mall....
I'm old üòÖ",https://twitter.com/RobinRD4MO/status/1322415115891716096
Michael Rufo,"10/13/2020, 12:34:49",@AndrewOlding I think I misunderstood the headline...üòÖ,https://twitter.com/rufo4congress/status/1315994401391468549
John Molnar,"10/28/2020, 16:35:53",@Bowden4Senate We need maximum age limits for office to compliment the minimum age requirements,https://twitter.com/Gear6A/status/1321490884857245696
Robin Dominick,"10/04/2020, 23:21:06","@anarchistvvitch That's mostly it.
Even though I know VERY few people who are 90+% R or D, the overwhelming majority hold at least a few ideas contrary to their own party, they still act confused by us.",https://twitter.com/RobinRD4MO/status/1312895552145616896
John Molnar,"10/14/2020, 02:09:55",@agbu Turkey needs to be expelled from NATO,https://twitter.com/Gear6A/status/1316199526680715264
Jonia Broderick,"10/28/2020, 18:06:41","@CC_StormWatch Be safe, Craig. Praying for you üôè",https://twitter.com/teamjonia2020/status/1321513735710650368
Christine Olivo,"10/14/2020, 18:24:48",@S_Hudson9270 Thank you! Even $1 goes a long way.,https://twitter.com/Christinefor24/status/1316444862061965318
Joe Cunningham,"10/29/2020, 16:08:24",We have to elect members who WANT to work across the aisle. Too many members represent gerrymandered districts and have no incentive to work w/ the other party. Many members think it'll hurt them politically if they do. Gotta get rid of gerrymandering &amp; elect mainstream leaders. https://t.co/60xAjHXqXk,https://twitter.com/JoeCunninghamSC/status/1321846354080051200
Christy Smith,"10/24/2020, 21:19:44",@StaceyRMoseley @ChinaKatSun @kippforsenate @JoeBiden @KamalaHarris Thank you!!üíô,https://twitter.com/ChristySmithCA/status/1320112764858232832
David Young,"10/07/2020, 22:23:44","From our senior senator, Chuck Grassley, who was in the room during the talks on the biodiesel tax credit. Doesn't sound like Cindy Axne was responsible for it as she claims she was. #IA03 #GrassleyWorks https://t.co/nsLDEHr5S9",https://twitter.com/YoungForIowa/status/1313968278730047490
Michael Madrid,"10/21/2020, 16:31:43","@JesseJenkins @joshdr83 Creating millions of net renewable jobs over fossil fuels?  That doesn't sound cheap.

Why do you insist they must be energy jobs?  If we lost jobs in energy, but cheap energy created good jobs in other sectors, wouldn't that solve both problems?",https://twitter.com/madrid4nyc/status/1318953120261689345
David Young,"10/20/2020, 02:01:09",Thanks to everyone who came out tonight to the Adair County parade and rally for the GOP ticket! Fifty cars made the trek from the Adair County Courthouse to the Freedom Rock for a rally! #IA03 https://t.co/oyG7PoEjcB,https://twitter.com/YoungForIowa/status/1318371648802873344
Kevin Wilson,"10/14/2020, 23:12:04","But seriously though, ton of corporate welfare in these bills beyond the direct assistance to people unable to work because of government shutdowns",https://twitter.com/KevinWilsonROC/status/1316517155316338688
David Young,"10/10/2020, 21:04:08",Absolutely amazing parade and rally for myself and the whole Republican ticket in Mills County today! Thanks for all who came to and organized it! #IA03 https://t.co/ajuc2pqeOo,https://twitter.com/YoungForIowa/status/1315035407894097920
John Molnar,"10/21/2020, 18:10:50",@DanCrenshawTX Nah you lost any hope I had in you when you argued for red flag laws last year. @VoteScheirman is who I'd rather work with in DC,https://twitter.com/Gear6A/status/1318978062101450752
Andrew Olding,"10/06/2020, 00:20:32",@LibertyAnders Why?,https://twitter.com/AndrewOlding/status/1313272898078027776
Kenneth Cody,"10/14/2020, 02:20:21",Jesse Ventura https://t.co/4MnyrkEvRt,https://twitter.com/Cody4CongressNJ/status/1316202151539077127
Tommy Wakely,"10/23/2020, 21:15:01","And just as these Black women in Atlanta, Latinos in #TX21 are unconvinced that @wendydavis is any better than @chiproytx 
@TX21Indivisible. People of color understand what most Anglo voters don‚Äôt understand &amp; that it‚Äôs time to starting Voting Policy Over Party @SA_Indivisible https://t.co/OcSWLBYcH4",https://twitter.com/Wakely2020/status/1319749190415769602
Kenneth Cody,"10/21/2020, 20:37:18","https://t.co/ehPS5e3Q7y

#KenCodyForCongress Tonight at 7pm EST Check out my interview with Greta Van Susteren as part of Ballotpedia's Candidate Conversations!",https://twitter.com/Cody4CongressNJ/status/1319014924199383042
Joseph Naham,"10/22/2020, 11:52:44","@BrennanCenter @jessewegman @mawaldman @samrob12 @JohnAvlon @wuc3 @FederalHall more fair and functional democracy with RCV
https://t.co/SGk2eQghvO  #RankedChoiceVoting #DemandMord #RCV",https://twitter.com/MrDunes/status/1319245301157404672
John Molnar,"10/22/2020, 23:46:25","@KolleneSnow I'm firmly against slavery in general. I'm Greek. My people were slaves to the Turks for over 400 years. It ended in a genocide we shared with the Armenians

Strongly against anything to do with harming children. I dont care what adults consent to, but children can't consent",https://twitter.com/Gear6A/status/1319424902496043009
Christine Olivo,"10/19/2020, 21:49:04",@GenZForJesseV Thank you!!,https://twitter.com/Christinefor24/status/1318308206989410304
Phil Kurtz,"10/18/2020, 20:32:50","LAST CHANCE! to Contribute. Monday, I will be exhausting my Campaign Fund+ on my final advertising buy. My Deepest Thanks to ALL who supported my 2020 Campaign. I'll be out there campaigning right up to the end! If you can spare a couple bucks. https://t.co/xlUEAvxBef Please RT https://t.co/utNKMlmNmg",https://twitter.com/PhilKurtz3/status/1317926634297708545
Robin Dominick,"10/07/2020, 21:12:33",I love this!! https://t.co/OIDnxf3AYC,https://twitter.com/RobinRD4MO/status/1313950366019604481
Jon Dillard,"11/02/2020, 19:09:54",@martuttle @RepDavidKustoff @realDonaldTrump I have stepped forward to replace the enabler that currently holds the seat for TN 8 US Congress. https://t.co/WvLlMSACcd,https://twitter.com/JonDillard_TN8/status/1323341581886361601
William Garlington,"10/23/2020, 02:48:08","Fox News is saying for those undecided voters it didn‚Äôt move the needle, I believe it moved the needle. Trump won. Biden is a loser, if the Democrats control the White House, and both houses of the Congress, America is fucked",https://twitter.com/billgarlington/status/1319470633890254850
Andrew Olding,"10/09/2020, 21:51:29","Anyone else spend a ton of their time in Mine Falls Park in Nashua, NH? https://t.co/XAvvl1wMXi",https://twitter.com/AndrewOlding/status/1314684938994831360
Kenneth Cody,"10/06/2020, 23:13:13","Plexiglass issues....This debate is shaping up to be a doozy!

https://t.co/tfAj45CUkg",https://twitter.com/Cody4CongressNJ/status/1313618344231276545
Anthony Cristo,"11/02/2020, 18:59:33","@dchidyllo @Jorgensen4POTUS I am running for U.S. Congress and you are 100% correct. 

America cannot go cold turkey. We recognize that. 

However, we also recognize the need for more third-party candidates to get into office so that true discussion can be made on policies. #EndTwoPartyRule",https://twitter.com/CristoDude/status/1323338979748564993
Robin Dominick,"10/06/2020, 05:28:26",@beejereeno She's back üòä,https://twitter.com/RobinRD4MO/status/1313350383381688321
Wendy Davis,"10/22/2020, 14:05:00","Check out our new TV ad! In Congress I promise to work with both parties, listen to public health experts, fight for affordable healthcare and pre-existing condition coverage, lower the cost of prescription drugs, prioritize small businesses, and always put Texas first. https://t.co/9ksVutUphp",https://twitter.com/wendydavis/status/1319278585467736066
Michael Rufo,"10/26/2020, 12:03:26","@Aikens_Josh @GovMurphy Laws to interfere in the operations nursing homes to counter act executive orders that forced the nursing homes to do what the law is supposedly preventing. ü§îü§îü§îü§î

Pat on the back, feel good useless legislation that deflects attention from the party responsible. Phil Murphy.",https://twitter.com/rufo4congress/status/1320697542804426752
Idaho Sierra Law,"10/14/2020, 03:52:15","For James Risch, and Mike Simpson what is important is fast money! Even at the expense of millions of lives lost to cancer by supporting the cover-up, and Do Not Tell Policies using Radioactive Fertilizers in Idaho Field food crops. https://t.co/dmPrrLuWUh",https://twitter.com/Congress4_IDLaw/status/1316225279694528512
Andrew Olding,"10/20/2020, 03:03:00",@LaurieJasperNH @NewHampJournal @DanFeltesNH @WMUR9 @NHSecretary @GovChrisSununu All accross the state there are town clerks and offices confused as to what their job is when nominating papers are handed in. His office is responsible instructing these folks.,https://twitter.com/AndrewOlding/status/1318387213135204358
Zachary Dumont,"10/20/2020, 22:42:04",It‚Äôs not a debate when official candidates are excluded from participating. @ODonnell4NH @WMUR9_Politics @WMUR9 #WMURDebate https://t.co/EeEH879Gr1,https://twitter.com/ZacharySDumont/status/1318683934281125889
John Molnar,"10/21/2020, 15:35:14",@RepThomasMassie I know I'd like to work with you on this one,https://twitter.com/Gear6A/status/1318938904486158337
Christine Olivo,"10/18/2020, 01:36:01","@delatower_ Thank you for following me! By any chance would you be willing to donate $5 or even $1 to my campaign? I‚Äôm fighting for Medicare for all, UBI, a $15 minimum wage, the freedom of Julian Assange and much more! https://t.co/EutMQChl1n",https://twitter.com/Christinefor24/status/1317640547662778368
Robin Dominick,"10/20/2020, 19:52:52","@TaraDaine @chadloder @TeamSaveAmerica I'm a Libertarian. So no, I'm not. 

Nice try.",https://twitter.com/RobinRD4MO/status/1318641351450370048
John Molnar,"10/21/2020, 01:25:18",@bellofL1 Very. Who the hell deports someone without reuniting them with their child first?,https://twitter.com/Gear6A/status/1318725011645984770
Albert Oram,"10/17/2020, 15:58:00","Don't Vote Hate.

https://t.co/mwuoluGmxs",https://twitter.com/RealMaverickUSA/status/1317495082287833088
Christine Olivo,"10/20/2020, 22:18:45",@dellydd0324 Thank you so much!,https://twitter.com/Christinefor24/status/1318678067682938882
Tommy Wakely,"11/01/2020, 14:12:15","From racial justice to healthcare, economic recovery to climate change, immigration to military spending @wendydavis‚Å© &amp; ‚Å¶@chiproytx‚Å©, two millionaire fossil fuel corporate lawyers, are flip-sides of the same coin #TX21. Vote policy over party.  https://t.co/bGA71mkvUS",https://twitter.com/Wakely2020/status/1322904289505734657
Scott Taylor,"10/07/2020, 00:00:34","If we didn‚Äôt pressure her, @ElaineLuriaVA would have never debated. She declined non-partisan HR Black caucus debate &amp; will decline this one, because she assumes she will get black vote w/ ‚ÄúD‚Äù by her name. All pander, with zero accomplishments on equity/equality #WheresElaine ? https://t.co/2PjGYGuOes",https://twitter.com/Scotttaylorva/status/1313630259867246592
Andrew Olding,"10/08/2020, 13:23:31",@alainakayxx Come to @PorcFest then.,https://twitter.com/AndrewOlding/status/1314194717609988096
Andrew Olding,"10/07/2020, 15:47:47",Are there any substances that should be illegal?,https://twitter.com/AndrewOlding/status/1313868634339659778
Robin Dominick,"10/26/2020, 04:57:32","@CrowdFundedGov I'd say the Duck was on it first as usual.

We've fought off statists of every flavor. 
LibSocs, LH, nationalists, various Republocrats.

I just see the LP as a way to convert normies into Agorists/ancaps/anarchists in general",https://twitter.com/RobinRD4MO/status/1320590363250380802
Jonia Broderick,"10/26/2020, 16:59:03","Unfortunately, the other candidate, @BurgessOwens, will continue supporting the partisan one-upmanship that is so dangerous. His patently false ads and statements and his choosing the most extreme positions of his party in order to win at all costs prove this. 5/8",https://twitter.com/teamjonia2020/status/1320771940190048256
Christine Olivo,"10/23/2020, 12:45:09","I know it's not an easy time to donate but we need to stand by our values and what we believe in. Invest in the fight for M4A, #UBI, a #GreenNewDeal. THIS IS IT! LET'S DO THIS! üëäüèΩ
Chip in here: https://t.co/4ydovluHle https://t.co/ddTn3Yer4C",https://twitter.com/Christinefor24/status/1319620876652916736
Robin Dominick,"10/22/2020, 06:58:40","@CholeraFan @iAmKingRoundz It took me months to get the mud just right. 
He thought I'd like it washed. 

I don't let him near my cast iron skillet. üòí https://t.co/jT0NUBOuXp",https://twitter.com/RobinRD4MO/status/1319171296979243008
Albert Oram,"10/05/2020, 02:58:46","Yahoo News' MIchael Isikoff ""investigates the 2001 death of Lori Klausutis, an aide to then  Congressman @JoeNBC , and how it spawned nearly two decades of  conspiracy theories that this year were aggressively promoted by  President Trump and the QAnon conspiracy cult.""",https://twitter.com/RealMaverickUSA/status/1312950329185574912
Andrew Olding,"10/06/2020, 18:44:09",@educated_educ8r @Rick_in_TX Because you have the ability to ask me for details and I don't think it's a good idea to expect people to read highly detailed policy manuals. My platform is about as long as my opponents are.,https://twitter.com/AndrewOlding/status/1313550631588769795
Jonia Broderick,"10/29/2020, 02:19:27",@UTSunriseSunset @SenMikeLee This is absolutely sickening.,https://twitter.com/teamjonia2020/status/1321637741944217600
Robin Dominick,"10/16/2020, 02:31:59",@TheBluesMan361 I just downloaded this üòä,https://twitter.com/RobinRD4MO/status/1316929853703245825
Dennis Grace,"10/20/2020, 18:07:42",@katejbolz You also spend less time legislating.,https://twitter.com/thedennisgrace/status/1318614886054793222
Robin Dominick,"10/07/2020, 06:50:31","@SteelRain602 Right, if you can't take a little teasing then I've got bad news for you about Twitter.",https://twitter.com/RobinRD4MO/status/1313733428236488704
Michael Rufo,"10/13/2020, 13:59:40","@realDonaldTrump won‚Äôt debate.
His lap dog @senatemajldr is dodging @barron_ky, he met ALL debate criteria.
His pal @TomCottonAR @SenTomCotton is avoiding @RickyForSenate, polling at 40%.
@TeamRainwater leading @GovHolcomb in polls. 

‚ÄúFirst they ignore you....‚Äù
You know the rest",https://twitter.com/rufo4congress/status/1316015752726552578
Robin Dominick,"10/25/2020, 21:30:07","@LibertariansJoe Most of your followers are democrats with a blue wave in their name. 

The few libertarian followers you have are only following to make fun of your posts.",https://twitter.com/RobinRD4MO/status/1320477765968269312
J. Robert Latham,"10/14/2020, 14:03:02","#LiveFree
#VoteGold2020

#UTCD2 = Utah's Second Congressional District
#utpol
#tlot

@Jorgensen4POTUS 
@RealSpikeCohen 

@LPNational
@UtahLP
@libertarianutah https://t.co/2hiqDeaQzn",https://twitter.com/freeutahns/status/1316378986310782981
Robin Dominick,"10/11/2020, 09:47:30",@jenniferlee_75 *Had clean bedding,https://twitter.com/RobinRD4MO/status/1315227516785889282
Jon Dillard,"10/21/2020, 16:16:00","@fireflye10 @robreiner Nov 4 The US House will Impeach Trump on new charges.
Nov 5 Senate can remove Trump from office. If they don‚Äôt then he will be removed Jan3.",https://twitter.com/JonDillard_TN8/status/1318949163602763776
Tim Kelly,"10/25/2020, 12:50:43",@realDonaldTrump @timothykelly MI05,https://twitter.com/timothykelly/status/1320347055240392704
Rae Hart Anderson,"10/19/2020, 17:20:45","As for God, His way is perfect.  God's Word is flawless. God shields all those who run to Him for refuge.  Psalm 18:30",https://twitter.com/GodisHere2day4U/status/1318240683183005699
Christy Mowrey Peterson,"10/22/2020, 12:09:12",Fantastic! https://t.co/gviIxhP1o8,https://twitter.com/ElectMowrey/status/1319249445163274240
Rae Hart Anderson,"10/30/2020, 17:58:04","Pray for the humanitarian CDC's efforts for sure.  Also trust in God to reveal solutions, heal people, give us courage to help one another and to pray for God's help like in the past with Ebola, SARS, Spanish Flu,  HIV, earthquakes, tornadoes, cancer research.  God is not dead! https://t.co/S1VdJab35W",https://twitter.com/GodisHere2day4U/status/1322236341896114176
Lou Antonelli,"10/17/2020, 23:10:40",A Democrat complaining about vote fraud is like a whore complaining about prostitution. It's what you do.,https://twitter.com/LouAntonelli/status/1317603969590583296
Scott Taylor,"10/06/2020, 19:07:16","Dems are not being serious about helping the people most affected by COVID with this bill. Sad. 
#WheresElaine ? https://t.co/VH8H4o4iky",https://twitter.com/Scotttaylorva/status/1313556446836129792
William Garlington,"10/23/2020, 02:26:59","I would like to ship all liberals, communist, fascist, progressives, Democrats, to some freaking island where we will never ever have them around.",https://twitter.com/billgarlington/status/1319465309900767232
Akil Khalfani,"11/01/2020, 18:15:03","Good Afternoon,
I want you to  join the movement for change in all of our futures.  When I get elected, we all get elected!
.
#readytoleadchange
.
Nov 3rd Vote:
4D Union County 
3D Essex County
3C Hudson County https://t.co/oEFnaCvE3e",https://twitter.com/DrK4Congress/status/1322965392747339790
Wendy Davis,"10/17/2020, 18:30:00",Getting ready to join @AlexWitt on MSNBC -- hope you'll watch!,https://twitter.com/wendydavis/status/1317533334751350784
Hank Schroeder,"10/05/2020, 12:02:38",https://t.co/bC9ZPbaCU5,https://twitter.com/hank_schroeder/status/1313087195494875139
Kevin Wilson,"10/04/2020, 16:37:50",Democrats tend to focus on getting people insurance coverage though the state while doing nothing to control rising costs. Libertarians talk about expanding access to healthcare https://t.co/kdm8N8O7ti,https://twitter.com/KevinWilsonROC/status/1312794067265298433
Charleston Malkemus,"10/08/2020, 23:55:34",@CheezBrgrCharly Thank you for the support!,https://twitter.com/VoteCharleston/status/1314353778498338816
Michael Madrid,"10/27/2020, 16:30:26","@hard_goer Would love your support!

I am the only candidate in the race who has been out campaigning. In the middle of a pandemic, my opponents don't feel the need to speak to you. That's inexecutable

https://t.co/8xUK6yHm10",https://twitter.com/madrid4nyc/status/1321127123642425346
Michael Rufo,"10/09/2020, 17:41:57","This has been a chronic growing problem since the introduction of the Federal Department of Education under Jimmy Carter. 

The first step is to stop funding schools and start funding students.",https://twitter.com/rufo4congress/status/1314622140600250368
David Canny,"10/19/2020, 17:35:06",How much is Joe's cut? #howmuchisjoescut https://t.co/oKEFWqZrrI,https://twitter.com/DavidCanny4con/status/1318244294877155333
Victoria Alexander,"10/14/2020, 20:24:51",@DanClarkReports @WMHTPubMedia @NYNOW_PBS @DelgadoforNY19 @Kyle4Congress @timesunion @WAMCRadio https://t.co/dT4EkjoKZz,https://twitter.com/Alexander4Cong1/status/1316475075131039745
Zachary Dumont,"10/21/2020, 10:22:08",@WMUR9_Politics Why do you purposefully exclude candidates and not publish your inclusion criteria?,https://twitter.com/ZacharySDumont/status/1318860109636919301
Idaho Sierra Law,"10/08/2020, 07:00:12","@URANIUMFESTIVAL @jutta111 Furthermore, the INL, Idaho National Laboratories is NOT the source of the contaminations of the Radioactive Cities, of Idaho.  But next door to this these maps is: https://t.co/CyexCojfSa",https://twitter.com/Congress4_IDLaw/status/1314098251264475136
Steve Greenfield,"10/09/2020, 23:12:38","Somebody besides me, and with a bigger platform, gets it. https://t.co/BcDjx4jcu9 https://t.co/FCvIJ3Vaxz",https://twitter.com/Greenfield4NY19/status/1314705359450312704
Jon Dillard,"10/17/2020, 15:06:35",Vote Blue no matter who. Seriously? Isn't that the mindset that got us into this mess in the first place? How about EVERYONE vote for the best candidate. When EVERYONE votes for the best then EVERYONE wins.,https://twitter.com/JonDillard_TN8/status/1317482142855794693
Christine Olivo,"10/06/2020, 19:04:42","@bitterboi93 thank you for following me! By any chance would you be willing to donate $5 or even $1 to my campaign? I‚Äôm fighting for Medicare for all, UBI, a $15 minimum wage and much more! https://t.co/EutMQChl1n",https://twitter.com/Christinefor24/status/1313555801567563778
Phil Kurtz,"10/30/2020, 01:58:06","I've been vary tied up with campaign stuff.  Thanks to BakerRipley Immigration and Citizenship Program for having me on there forum ""Art of the Vote"" yesterday it was an honor! The youth involved give me great hope for our future! https://t.co/oySUdQYiKj https://t.co/5cHK9irQgz",https://twitter.com/PhilKurtz3/status/1321994759033049088
Jon Dillard,"10/09/2020, 14:41:19",@MayorConger This will effect your city too. https://t.co/j5yZjwPt1W,https://twitter.com/JonDillard_TN8/status/1314576681420685312
Andrew Olding,"10/26/2020, 01:26:17",@ryantannehill1 is Taxation theft?,https://twitter.com/AndrewOlding/status/1320537199927058432
Robin Dominick,"10/27/2020, 22:13:30",@JoshuaAtLarge https://t.co/l34VK9AdAy,https://twitter.com/RobinRD4MO/status/1321213458818473992
Michael Madrid,"10/09/2020, 20:57:41","heady stuff e.g

requires the Justice Department to ensure that its training materials under the Elder Abuse Prevention and Prosecution Act include information specifically targeted at treating, protecting and caring for people living with Alzheimer‚Äôs and related dementias https://t.co/U1NHmsvyJJ",https://twitter.com/madrid4nyc/status/1314671397424291840
Andrew Olding,"10/20/2020, 23:47:08",@jtackeff Yes. Vote for @ODonnell4NH.,https://twitter.com/AndrewOlding/status/1318700307958857728
"Hal Ridley, Jr.","10/18/2020, 14:23:15","Channel 4-jaron lanier- social media is ruining your life. Understand what‚Äôs happening, then change it! Smart people catch hell because, we are so dumb. Those too few aren‚Äôt the problem. It‚Äôs us. J.L. explains the problem w/ facebook &amp; friends, as addiction &amp; hidden manipulation.",https://twitter.com/HalRidleyJr/status/1317833628081135620
Steve Greenfield,"10/28/2020, 13:35:32","@RexHuppke No, it is Trump SUPPORTERS in a nutshell, and you're ignoring that as much as you did in 2016. Unlike Biden's, Trump supporters are hardcore, willing to walk through Hell, even die to elect him. Why did you pick the one candidate about whom no liberal could care as deeply?",https://twitter.com/Greenfield4NY19/status/1321445496716775424
Michael Rufo,"10/21/2020, 13:40:30","@LibertyAnders @RealLiteSleepur Sanctions starve citizens of the resources they need for life. They bring death to innocent women &amp; children. They‚Äôre used to create unrest w/hope the people will turn on their government. They create terrorists.
‚ÄúWhere goods don‚Äôt cross borders, soldiers will.‚Äù Freddy B sort of: https://t.co/MHVTawT6dm",https://twitter.com/rufo4congress/status/1318910032231190533
Michael Madrid,"10/09/2020, 20:20:24","When consumers don‚Äôt care about prices, they actively resist attempts by third‚Äê‚Äãparty payers (insurers) to negotiate lower prices. This dynamic gives providers, including manufacturers of oral contraceptives, free rein to raise prices https://t.co/Evk9gUPIBx",https://twitter.com/madrid4nyc/status/1314662016586579968
Tommy Wakely,"10/30/2020, 21:30:56",#TX21 https://t.co/1nKdNhG7Bg,https://twitter.com/Wakely2020/status/1322289912931110914
Andrew Olding,"10/28/2020, 01:48:19",@Tappy_1995 Yeah. I don't know what any of that is,https://twitter.com/AndrewOlding/status/1321267520729473026
Scott Taylor,"10/13/2020, 11:45:08",Tuesday is Virginia's voter registration deadline; about 1 million votes already are in | Govt-and-politics | https://t.co/F4Efy38KvU https://t.co/xGHJCE4Gyz,https://twitter.com/Scotttaylorva/status/1315981895855996928
Dan Feehan,"10/30/2020, 18:00:01","Agriculture is more than just the economic engine of our district, it‚Äôs a way of life for #MN01. Farmers want to pass on the farm to the next generation, but they‚Äôve been forgotten by Washington. I‚Äôll always fight for our farmers. #PeopleFirst https://t.co/nfkPYexCDb",https://twitter.com/danielfeehan/status/1322236830582894592
