"Mullin, Markwayne","10/23/2020, 16:24:43","Republicans are fighting for our country. Our commitment to America will restore our way of life through defeating COVID-19, keeping communities safe, and preserving our constitutional freedoms. https://t.co/OxRsYGxRNo",https://twitter.com/RepMullin/status/1319676136453013507
"Wenstrup, Brad","10/28/2020, 19:30:09","""The chief operating officer of #OperationWarpSpeed, the federal government‚Äôs project to develop a COVID-19 vaccine, said Tuesday he thinks about his own family in giving his assurances that any such vaccine will be safe. ""

https://t.co/f1LyMnBupp",https://twitter.com/RepBradWenstrup/status/1321534740793614336
"Stauber, Pete","10/21/2020, 21:01:45","Stay safe tonight, everyone! https://t.co/EU5AJlU846",https://twitter.com/RepPeteStauber/status/1319021076941328389
Wendell Champion,"10/18/2020, 18:37:13","Team Champion is at Fallbrook Church today! Stop by and üá∫üá∏VOTE for Wendell Champion for Congress

Early Voting: TODAY - Oct. 30

#championforcongress #togetherwewin #championforchange #houston #harrisvotes #leadright https://t.co/tT7RMKMJYq",https://twitter.com/ChampionTx2020/status/1317897541472714753
"Lesko, Debbie&nbsp;","11/02/2020, 01:37:27",‚úçÔ∏èVeterans should not be worried about being disarmed just for receiving assistance managing their VA benefits. That's why I signed @RepAndyBiggsAZ's letter to @realDonaldTrump asking him to take action to protect veterans‚Äô constitutional rights to keep and bear arms. https://t.co/iGYwwd14Hl,https://twitter.com/RepDLesko/status/1323076723710267392
"Lesko, Debbie&nbsp;","10/20/2020, 15:50:00","@realDonaldTrump's administration made sure Arizonans have the supplies they need to combat the Coronavirus including:  
 
‚úÖ 2.3 million N-95 masks
‚úÖ 14.7 million surgical &amp; procedural masks
‚úÖ 1.1 million eye &amp; face shields
‚úÖ 6.7 million isolation &amp; surgical gowns",https://twitter.com/RepDLesko/status/1318580233067466756
"Steel, Michelle","10/06/2020, 17:00:00","$222,306. That's how much @HarleyRouda didn't pay in taxes when he tried to raise yours.

Harley Rouda = Higher Taxes

Learn more at https://t.co/WhWH85zBw1",https://twitter.com/MichelleSteelCA/status/1313524421487980546
"Jackson, Ronny","10/12/2020, 21:00:00","Amid a pandemic, a Biden Presidency would mean a $4.3 TRILLION increase in taxes for American families and small businesses. Absolutely terrible.
https://t.co/LxsE8y2wnS",https://twitter.com/RonnyJacksonTX/status/1315759144427806720
Manga Anantatmula,"10/06/2020, 19:10:19",@GerryConnolly promotes and supports Marxism. BLM is no longer about Blacks. Hijacked by ANTIFA and Hamas. Most Blacks and Muslims DO NOT align with BLM. @GerryConnolly is vile and toxic to our peace loving communities. #RetireVileConnolly #Mangaforcongress https://t.co/UlE5mzkeud,https://twitter.com/Manga4Congress/status/1313557216348209153
"Rosendale, Matt","10/13/2020, 01:00:00","I am proud to have the support of the @MTFarmBureau Federation, and I will always stand with our farmers and ranchers in Congress! #mtal #mtpol https://t.co/FkO1XfFOUA",https://twitter.com/MattForMontana/status/1315819542434717696
"Rosendale, Matt","10/27/2020, 16:30:00","Congratulations to Justice Amy Coney Barrett on her confirmation to the United States Supreme Court! This is a great win for the American people and the future of our nation. 
https://t.co/gbftbjNkOf",https://twitter.com/MattForMontana/status/1321127014288347137
Julie Hall,"10/26/2020, 14:59:29","Rep Norman Orrall is committed to his district, where all cities and towns are important, constituent services are a priority, and he has the utmost integrity to always do what is right. Rep Orrall will be a key ally serving our district. #mapoli #MA04 https://t.co/0VkEoUU4gz https://t.co/aSsnWweOHS",https://twitter.com/Hall4CongressMA/status/1320741847690629120
Alek Skarlatos,"10/03/2020, 00:50:38",@Proletariot1 @LouDobbs @FoxNews @FoxBusiness You can donate at the link above or by visiting my website https://t.co/3JSg2tIdDV thank you so much for your support!,https://twitter.com/alekskarlatos/status/1312193305346670592
"Good, Bob","10/23/2020, 02:07:37",Thanks to President @realDonaldTrump over 400 miles of the southern border is now secure thanks to #TheWall.  #Debate2020,https://twitter.com/GoodForCongress/status/1319460439009484801
Kimberly Klacik,"10/27/2020, 12:18:56","Today, the goal is to personally hit every polling location! 

Long lines are already forming. Thank you everyone for doing your civic duty &amp; thank you for VOTING IN PERSON üá∫üá∏

It‚Äôs go time baby! TEAM KLACIK doesn‚Äôt sleep. (My adrenaline has been pumping since 3am ü§£üî•)",https://twitter.com/kimKBaltimore/status/1321063831037218817
"Hill, French","10/19/2020, 19:36:25","During #NationalWomensBusiness Week, we celebrate all of the women whose businesses help strengthen our economy and our community. 
 
In May, I met co-owners Debbie Broadway and Vickie Collie of @CandlesCreamAR, which is producing hand sanitizer to fill the demand from #COVID19. https://t.co/V4Wl7P9WRc",https://twitter.com/RepFrenchHill/status/1318274825262071810
Chris Bish,"10/22/2020, 19:46:44","DEBATE WATCH PARTY' https://t.co/5EFn5d7ikD #FoxNews Join is for a Debate Watch Party tonight at 5pm!  We have the patio!!! 
Kathrin's Biergarten 4810 Granite Dr. Ste 1A Rocklin CA 95677 (kid friendly) https://t.co/qeVr5T4OR1",https://twitter.com/BishForCongress/status/1319364585640448000
"Babin, Brian","10/30/2020, 21:02:37","I joined the Sam Malone Show earlier this week to discuss the Democrats‚Äô plan for oil and gas, @SpeakerPelosi‚Äôs inaction on a #COVID19 relief bill, the rioting and violence occurring in Philadelphia, and more. https://t.co/DpE8sg0bNr",https://twitter.com/RepBrianBabin/status/1322282783805493248
"McEacchin, Donald","10/11/2020, 01:01:57",@Lopez4VA Thank you hope you and yours are well,https://twitter.com/Donald_McEachin/status/1315095256506007552
"Webster, Daniel","10/29/2020, 18:37:26",Another #PromiseMadePromiseKept for President Trump. Physical barriers matter and this wall helps keep our border more secure and Americans safer. https://t.co/L8w0MVkc2D,https://twitter.com/RepWebster/status/1321883860846694400
"Neguse, Joe","10/23/2020, 21:07:53","Joined @GovofCO and @dangibbsDNR to meet with the Incident Command personnel and @usfsarp team in #Loveland, who continue to work around the clock in their efforts to protect our state and community from the #CameronPeakFire, the largest fire in #Colorado history. https://t.co/jO8LTc3zPU",https://twitter.com/RepJoeNeguse/status/1319747394473545729
Aja Smith,"10/12/2020, 19:01:14",Exactly! https://t.co/bptktKCK9R,https://twitter.com/AjaforCongress/status/1315729256886853632
"Foxx, Virginia","10/09/2020, 14:26:53","Impeachment. A misguided Coronavirus Committee. Now, the 25th Amendment. 

Democrats apparently have the time to come up with baseless pursuits that are devoid of logic.

But, they don‚Äôt have time to work with Republicans to protect the American people.

No surprise at all...",https://twitter.com/virginiafoxx/status/1314573051510632449
"Cole, Tom","10/13/2020, 17:54:48",Happy 245th birthday to the @USNavy! Thank you to all who are #forgedbythesea and dedicate their lives to keeping us all safe. https://t.co/4pTFG9m5pW,https://twitter.com/TomColeOK04/status/1316074927825530882
"Rose, John W.","10/12/2020, 14:47:23","528 years ago, Christopher Columbus completed his voyage to the New World. This unparalleled expedition set in motion the development of our great nation. #columbusday2020 https://t.co/CsIF37WxGf",https://twitter.com/RepJohnRose/status/1315665371576369153
"Gooden, Lance","10/29/2020, 14:30:43","Twitter suspended U.S. Customs and Border Protection Commissioner @CBPMarkMorgan for a post celebrating the success of the U.S. southern border wall keeping violent criminals from reaching the USA.

Orwellian. 

https://t.co/X2LMQe6FBQ",https://twitter.com/Lancegooden/status/1321821773395087366
Douglas Tuman,"10/15/2020, 19:32:14",@JGilliam_SEAL @realDonaldTrump That‚Äôs a great point! #CrookedJoeBiden,https://twitter.com/ElectTuman/status/1316824221775953922
Erin Cruz,"10/23/2020, 03:23:03","For Release:

The California Narcotics Officers' Association has unanimously endorsed Erin Cruz for United States Congress in the 36th District.

Law and Order!

See our website for more information and to sign up for updates. https://t.co/m0EvkZbVtx https://t.co/W4lGP0GUwo",https://twitter.com/RealErinCruz/status/1319479420172660737
Aja Smith,"10/08/2020, 02:55:26",@Paula_White Amen üôè,https://twitter.com/AjaforCongress/status/1314036651585273856
Tamika Hamilton,"10/09/2020, 18:15:21",At the end of the day it‚Äôs about the children &amp; the most vulnerable. Our Nation needs truth &amp; to heal. I pray I‚Äôm a part of the process.,https://twitter.com/TamikaGHamilton/status/1314630544966127616
Wesley Hunt,"10/11/2020, 20:49:35",October Sundays are for blockwalking! #TeamHunt https://t.co/RuyNxArxmZ,https://twitter.com/WesleyHuntTX/status/1315394134425862154
Wendell Champion,"10/14/2020, 23:12:59","Team Champion at Resurrection Church today. Thanks, Janice!

üá∫üá∏VOTE for Wendell Champion for Congress
Early Voting: TODAY - Oct. 30
Election Day: Nov. 3

Find your nearest polling location at https://t.co/MrBJtpMJqA
#championforcongress #wearethestorm #txgop https://t.co/WZJLE3dOum",https://twitter.com/ChampionTx2020/status/1316517387236237312
Chele Farley,"10/23/2020, 21:49:02","Meet at any of the following locations for a rally before distributing flyers in nearby neighborhoods.

Saturday, 10/24 at 9am
417 New Windsor Highway, New Windsor

Saturday, 10/24 at 10:15am
26 Main Street, Warwick

Sunday, 10/25 at 11am
25 Main Street, Goshen 

#NY18 #Farley4NY",https://twitter.com/CheleFarley/status/1319757750784675841
Ron Curtis,"10/29/2020, 03:02:15","@twinkleblinc @hapa_girl33 @Joe_Akana will win CD2.

I am running in CD1.‚òÄÔ∏èüå¥üòéüëçü§ô",https://twitter.com/rcurtis808/status/1321648513323708417
" Issa, Darrell","10/16/2020, 17:52:52","In California, you‚Äôve completely evaded your responsibility to pay the minimum franchise tax for 5 years in a row. California‚Äôs Small Businesses pay more than a Billion in franchise tax each year. You are a tax cheat.",https://twitter.com/DarrellIssa/status/1317161604127944704
"Gonzalez, Anthony","10/06/2020, 21:26:25","Spent a large part of the day in #Wooster today to see and hear first hand about where more assistance is needed as we work to combat the effects of the COVID-19 pandemic on our small businesses, our farms, and our communities. We are #InThisTogetherOhio. https://t.co/nNIjLotW1o",https://twitter.com/RepAGonzalez/status/1313591464459411456
Mark Reed,"10/21/2020, 07:43:02",https://t.co/HSEtNNeoaj https://t.co/zp78FN3CI4,https://twitter.com/MarkReed1776/status/1318820071381245952
"Boebert, Lauren","10/08/2020, 01:12:21",Does Kamala Harris plan to tell Americans that President Trump shut down travel from China on January 31? #VPDebate,https://twitter.com/laurenboebert/status/1314010711710863360
"Good, Bob","10/07/2020, 01:43:00","Cameron Webb ‚Äúgot millions of dollars from the Soros/Bloomberg types, the Hollywood elite, the billionaire class‚Ä¶he‚Äôs got a tremendous amount of money from outside Virginia, from outside the district.‚Äù -Bob Good on @marklevinshow #VA05

https://t.co/qTZRXbwmok",https://twitter.com/GoodForCongress/status/1313656039091449857
Johsie Cruz,"10/13/2020, 01:54:49",@JoeBiden As long President Donald Trump is President you forget he is your president! üòÇ üòÇ üòÇ wake up sleepy Joe !,https://twitter.com/JohsieC/status/1315833337072754689
"Bice, Stephanie","10/13/2020, 17:00:01","This November, Republicans must reclaim the House majority. Please join @Crawford4Cong in supporting rising leaders like me as we look to support economic prosperity, law and order, and America's thriving agriculture economy. https://t.co/bI5GTsbLAi",https://twitter.com/stephaniebice/status/1316061138799325190
Robert Lancia,"10/27/2020, 01:18:39",The National GOP needs to take 17 seats to win back the House! I am the 18th seat! @DonaldJTrumpJr @kimguilfoyle @opinionbazaar @startchangeri @rigopchairwoman @startchangeri @Lancia4Congress https://t.co/GkgIf9EQSf#FlipTheHouseRed https://t.co/GEdpN44lgt,https://twitter.com/BobLancia/status/1320897665069178880
"Smith, Jason","10/16/2020, 16:54:12","President Trump‚Äôs tax cuts bill gave new tax relief for every child per family, and those credits &amp; cuts should also be available for expecting parents. Today I introduced a bill to allow pregnant families to qualify for the expanded child tax credit from the 2017 tax cuts bill.",https://twitter.com/RepJasonSmith/status/1317146840161275907
"Joyce, David","10/13/2020, 15:10:07","Looking forward to visiting this local manufacturer today. Thanks to #PPP, Automation Plastics was able to retool &amp; focus on producing components for sanitization devices during #COVID19. Now they're hiring more workers!

Check out this @WEWS story ‚¨áÔ∏è https://t.co/3jO4QCT2mt",https://twitter.com/RepDaveJoyce/status/1316033481089200129
Lavern Spicer,"10/08/2020, 15:54:01","Packing the Supreme Court will take us one step closer to being the dictatorship the Democrats won't say they want. How hard is it to say ""no I won't pack the court"" if that's what you mean?",https://twitter.com/lavern_spicer/status/1314232588828016648
Aliscia Andrews,"10/08/2020, 21:46:02","If you‚Äôre in or near Manassas, come out and meet me and our other great candidates this evening at Old Towne Sports Pub on Center Street! #VA10 https://t.co/QGyJKRJpxC",https://twitter.com/alisciaandrews/status/1314321177071030274
Johsie Cruz,"10/14/2020, 14:09:55","@irisemol @realDonaldTrump @BlackVoices4DJT Los dem√≥cratas en USA, que son los mismos de Venezuela, pagar√°n muy caro su traici√≥n a la naci√≥n por haber vendido EEUU al globalismo y a la demoniaca internacional socialista. Estamos peleando por el alma de EEUU: Fe y Libertad. Dios bendiga a EEUU. Vote #JohsieCruz2020 https://t.co/8vLqkw5Yhf",https://twitter.com/JohsieC/status/1316380720953282560
Christina Hagan,"10/31/2020, 20:51:34","Our sweet nephew Caleb (IronMan) &amp; niece Hannah (Jessie from Toy Story) were so excited to meet @IvankaTrump on stage. What a precious Halloween memory that they will treasure for a lifetime!

Thank you to the entire Trump family for your love of our region &amp; the people of NEOH! https://t.co/Rr2rOCJys8",https://twitter.com/RepHagan/status/1322642392676245506
"Rosendale, Matt","10/05/2020, 23:00:01","Had a great time chatting with the folks in Eureka! In Congress, I will always listen to my constituents and work on the issues that matter most to Montanans. #mtal #mtpol https://t.co/B6AgNLGzQh",https://twitter.com/MattForMontana/status/1313252632023232512
Josh Barnett,"11/01/2020, 20:24:13",@the_klute @VoteGiles @DavidSchweikert @MarthaMcSally Scott Atlas approaching it the right way,https://twitter.com/BarnettforAZ/status/1322997898066370560
"Gosar, Paul A.","10/21/2020, 20:50:47","Great work by @HomelandKen &amp; @realdonaldtrump stopping unqualified foreign nationals from utilizing the ""Optional Practical Training"" (OPT) program to replace qualified American workers. #OPTicalIllusion https://t.co/RGwSeWAKCR",https://twitter.com/RepGosar/status/1319018318074871809
"Boebert, Lauren","10/14/2020, 12:17:36","Nancy Pelosi doesn‚Äôt want any stimulus for the American people to come before the elections so Trump doesn‚Äôt get credit.

That‚Äôs her motivation &amp; that is exactly why she does not deserve to be Speaker of the House!",https://twitter.com/laurenboebert/status/1316352456092266501
"Calvert, Ken","10/12/2020, 19:57:52",Attempts by any election officials to stop churches from collecting ballots under California's third-party ballot collection laws are an act of voter suppression and possibly a civil rights violation.,https://twitter.com/KenCalvert/status/1315743507038957568
George Mitris,"10/21/2020, 03:10:35",Its ok..I would rather have my People with me than special interest money; wouldnt have it any other way #roc https://t.co/UXdFl9eru9,https://twitter.com/GeorgeMitris1/status/1318751509086150656
"Fitzpatrick, Brady","10/08/2020, 20:29:51","The members of this Department are uniformly loved and respected within the community in which they live and serve. To the members of the Lansdale Police Department, past, present, and future, we thank you for your service to our community. (2/2) https://t.co/D5Lw6e3Y2Q",https://twitter.com/RepBrianFitz/status/1314302005972738064
Chele Farley,"10/05/2020, 21:05:18",Team Chele Farley was out in Monroe this weekend in full support of law enforcement at the Back the Blue rally in Millpond Park. Thank you to all who serve our community each day! #BackTheBlue #NY18 #Farley4NY https://t.co/AuJ0J12bRc,https://twitter.com/CheleFarley/status/1313223763157307392
Josh Barnett,"11/01/2020, 17:25:07","@HipHopPrez @MinisterDDGales @cjgproduxions @icecube I know @SenatorTimScott led the way while Trump approved it and has openly approved the idea. What are you so against the President? ‚ÄúFederal funding for HBCUs is up 17% under the Trump administration with an increase of more than $100 million, which surpassed the previous record",https://twitter.com/BarnettforAZ/status/1322952824582369285
Joshua Scott,"10/12/2020, 23:57:36",@MuminKhan I stand by it,https://twitter.com/joshuascottca32/status/1315803839086260224
"Fitzpatrick, Brady","10/29/2020, 17:10:38","Congratulations to Colin Charr and Anthony Gambescia, Jr. of Troop 99 in Newtown for attaining the rank of Eagle Scout! https://t.co/W60VeFdm98",https://twitter.com/RepBrianFitz/status/1321862018232651777
John Briscoe,"10/27/2020, 05:13:07",Early to work and early to swear.....in......to......office @Scotus @AmyConeyBarrett Barrett. Early morning @DonaldJTrumpJr presidential hard at work swearing away. Doing his job appointing judges and justices. Congratulations Amy.,https://twitter.com/johnfbriscoe/status/1320956671410122752
"Boebert, Lauren","10/25/2020, 12:14:20",I can't say it enough.  Make sure to tell everyone you know to vote today! https://t.co/6mG3J3jw8r for locations.  https://t.co/WvHRWwFb9c to track your mail-in ballot.  Thank you for all of your support! https://t.co/Hu6rDlPYhi,https://twitter.com/laurenboebert/status/1320337899028680705
"Good, Bob","10/15/2020, 00:00:13",I'm honored to have Fauquier County Sheriff Robert Mosier's support for Congress. The number one function of government is to keep citizens safe. I will #BackTheBlue all the way. #VA05 https://t.co/RqSSMCYACi,https://twitter.com/GoodForCongress/status/1316529275189833729
"Latta, Robert E.","10/22/2020, 14:29:51","In September, our national unemployment rate decreased for the 5th consecutive month to 7.9%, and Ohio‚Äôs unemployment rate dropped to 8.4% from 8.9% the previous month.",https://twitter.com/boblatta/status/1319284841423122435
"Harshbarger, Diana","10/11/2020, 00:55:05",So grateful to have you and the Faison family join us this evening! https://t.co/hUFnVoq2Yy,https://twitter.com/DHarshbargerTN1/status/1315093529337778176
Douglas Tuman,"10/28/2020, 10:15:38",@DKCappuccino @RepKathleenRice Please provide evidence of me ever supporting conspiracies.,https://twitter.com/ElectTuman/status/1321395192222633984
"Barr, Andy","10/21/2020, 20:29:22","Yesterday, we welcomed another great agribusiness into Madison County. @AppHarvest will begin construction on a new facility that will add hundreds of jobs and millions in new investment into the community. https://t.co/OSzP48gQIc",https://twitter.com/RepAndyBarr/status/1319012924862664719
Josh Barnett,"10/21/2020, 17:38:35",@_pe773 @mcuban Specifically what? I don‚Äôt do generalities with nothing to back it up.,https://twitter.com/BarnettforAZ/status/1318969949784731649
Charlotte Bergmann,"10/17/2020, 05:37:16",@linedrive161 @memphisnews Nothing. He actually likes keeping his district poor as it allows more *government money* to shuffle through. I want TN09 to thrive and shine again. Please honor me with your vote so I may work for you.,https://twitter.com/ElectBergmann/status/1317338871970017280
"Newhouse, Dan","10/07/2020, 16:06:27","Encouraging civility &amp; increasing conversations across the aisle has been one of my priorities in Congress. I joined @RepDelBene for a conversation with @CascadiaCollege about the importance of bipartisanship in Congress &amp; in our daily lives. 

WATCH: https://t.co/UYId2IHZWx",https://twitter.com/RepNewhouse/status/1313873330714431490
"Bacon, Don","10/10/2020, 22:00:18",@Wilster2165 @RepSpeier Thank you.,https://twitter.com/RepDonBacon/status/1315049545374498818
"Walorski, Jackie","10/27/2020, 01:49:13","Justice Barrett is a woman of strong faith, a dedicated mother of seven, an exceptional jurist, and a fellow Hoosier. I have no doubt she will faithfully uphold the rule of law, defend the Constitution, and protect the life and liberty of every American. 

https://t.co/CY0ft7H8Kl",https://twitter.com/RepWalorski/status/1320905357577887744
Chris Bish,"10/05/2020, 21:07:56",Issues like Prop 16 are proof we have more in common than you think. Coming together is the only way to defeat discrimination. https://t.co/2BSAERJUqO,https://twitter.com/BishForCongress/status/1313224427350360064
"Boebert, Lauren","10/18/2020, 11:26:14","The abuse Kirstie Alley is taking for simply saying she plans to vote Trump is just more of the radical left in action.

There has never been a time in history more divisive. Just because you disagree with someone politically doesn‚Äôt mean you need to ‚Äúcancel‚Äù them.",https://twitter.com/laurenboebert/status/1317789079514251266
Josh Barnett,"10/12/2020, 18:57:55","@the_klute @RubenGallego Nothing significant. Trump decriminalized homosexuality worldwide and passed the First Step Act and Second Chance Act reversing the damage Biden did with his 94 Crime Bill

https://t.co/mWEwc5WKes",https://twitter.com/BarnettforAZ/status/1315728421767376897
Josh Barnett,"10/20/2020, 13:21:52","Can you imagine if Trump didn‚Äôt win in 2016? The amount of corruption at the FBI, DOJ, IRS and CIA would be off the charts. Look at what we know now. The abundance and extent of corruption with Biden selling the United States off to the highest bidder for his own personal",https://twitter.com/BarnettforAZ/status/1318542953422364672
Aja Smith,"11/02/2020, 02:51:55","#AjaforCongress 
https://t.co/6x4cH8J8W1 https://t.co/QQ5Qzf9CtT",https://twitter.com/AjaforCongress/status/1323095463281664000
"Cheney, Liz","10/21/2020, 14:52:53","100 years ago Jackson, WY elected one of the world‚Äôs first all-women town councils. 

I‚Äôm proud and honored to represent Wyoming - our great Equality State. 
#ThatsWy #TheWorldNeedsMoreCowgirls https://t.co/AlLdbNx4f4",https://twitter.com/Liz_Cheney/status/1318928247199985664
Charlotte Bergmann,"10/23/2020, 19:47:40",Campaign News - We are making progress all around the city! - https://t.co/MrgZJ1yj5T https://t.co/Gefui4ap2P,https://twitter.com/ElectBergmann/status/1319727208693456897
Erin Cruz,"11/02/2020, 23:42:53",Today I spoke to the East Valley Republican Women Federated about our bid for Congress and the need to put the power back in the hands of real folks who are in touch and will represent all of the people in D.C.! #voteerincruz #cruz2020 #erincruzforcongress https://t.co/S08eWpYTZs https://t.co/faQlNnibuR,https://twitter.com/RealErinCruz/status/1323410283419721728
"Mullin, Markwayne","10/07/2020, 12:30:00","The Chinese Communist Party (CCP) and its tyrannical government remain a top threat not only to the United States, but the entire globe. Their hostile behavior over the past year has demonstrated their goal of eroding freedom and growing their communist influence. https://t.co/NUsJuDs3PB",https://twitter.com/RepMullin/status/1313818859019874304
Errol Webber,"10/09/2020, 15:49:56",@realDonaldTrump Less partisanship. More relief. https://t.co/M8dJ01yxgH,https://twitter.com/ErrolWebber/status/1314593949676441601
"Stewart, Chris","10/18/2020, 01:21:36","Being able to quickly dial 9-8-8 in a mental health crisis will give Americans a much-needed resource to help reverse the tragic trend of suicide. I am grateful to @POTUS  for prioritizing mental health &amp; signing this bill into law in a timely manner. 

https://t.co/ZmJtWVPMef",https://twitter.com/RepChrisStewart/status/1317636917157126147
Nisha Sharma,"10/08/2020, 17:28:01","Thank you @jpkansara for sharing the details of my campaign with @kimKBaltimore.
We are going to #takebacktheHouse https://t.co/M8ptfD0P9B",https://twitter.com/UsaNisha/status/1314256246992760833
Josh Barnett,"10/23/2020, 03:04:52",@JDRucker @realDonaldTrump @BuzzPatterson @laurenboebert @LacyJohnsonMN @mtgreenee @kimKBaltimore @Dude4Liberty Yes we will,https://twitter.com/BarnettforAZ/status/1319474843864059906
Errol Webber,"10/07/2020, 14:23:01",Michael Jackson was still a black kid when Joe Biden was first elected to a position in government. He's been there way too long.,https://twitter.com/ErrolWebber/status/1313847301086089216
"Fischbach, Michelle","10/25/2020, 18:59:05","""Fischbach‚Äôs oldest friends describe her as a ‚Äúdown home girl.‚Äù She raises turkeys &amp; has dabbled in ice fishing. When a polar vortex rolls through Minnesota ‚Äî with temperatures dipping below 20 degrees Fahrenheit ‚Äî she‚Äôll be out knocking on doors.""¬† https://t.co/NYG6zNGSPN #mn07",https://twitter.com/FischbachMN7/status/1320439757055365123
"Fischbach, Michelle","10/28/2020, 19:54:09","Collin Peterson's continued support of Pelosi and Biden only emboldens the far-left House and ""the Squad."" For Peterson to stand with the radical Democrat Party is to allow this lurch to the left to continue. #mn07¬†¬†
https://t.co/Qyi8yIcAPf https://t.co/LcqBVke1iN",https://twitter.com/FischbachMN7/status/1321540780499046400
Agnes Gibboney,"11/02/2020, 18:13:08",@CHIZMAGA https://t.co/E9LvybQ2Gr,https://twitter.com/agnes_gibboney/status/1323327296388751360
Mark Reed,"10/28/2020, 18:48:03","@JamieArmin @JamieArmin thank you for your vote and support. I‚Äôm looking forward to serving the people of the 30th District. It will be an honor to bring your voices to Washington DC. Everybody Break the Brad Habit, Vote Mark Reed for a Better Future. #WeAreCD30 https://t.co/jVNZIUVIhJ",https://twitter.com/MarkReed1776/status/1321524145318850560
"Schweikert, David","10/29/2020, 14:36:18",Today‚Äôs report of record-breaking GDP growth shows we are on the right path to get our economy back to pre-pandemic levels! üìà‚úÖ https://t.co/2upC1tDMY2,https://twitter.com/RepDavid/status/1321823177165733888
Thomas Kean Jr.,"10/03/2020, 20:56:59",More great energy in #Millburn today! Lots of folks using the safe and secure Ballot Drop Box at Millburn Town Hall! #TeamKean #NJ07 https://t.co/jqaMD2owrf,https://twitter.com/KeanForCongress/status/1312496894858280961
Jeff Gorman,"10/11/2020, 02:29:25",What a great day at Window on the Bay!  Thank you Clyde Roberson and Dan Albert Sr for having the vision to create this great park!  #MontereyAwesome https://t.co/S4rp5EKzPW,https://twitter.com/JeffGormanMRY/status/1315117271753216000
Frank Pallotta,"10/30/2020, 21:20:12","NJ CD05: the tide is turning. 
Residents can see through my opponents facade. He‚Äôs a deep partisan through &amp; through. https://t.co/QAkob8P7z6",https://twitter.com/FrankPallottaNJ/status/1322287212101328900
"Carter, John","10/13/2020, 16:40:45","What does renewing the American dream look like? 
‚û°Ô∏è Making sure that every child can attend an excellent school
‚û°Ô∏è Taking care of America's heroes 
‚û°Ô∏è Supporting citizens' success by supporting Opportunity Zones, ongoing education, and reducing burdens placed on #smallbiz https://t.co/dWpzlGV4CI",https://twitter.com/JudgeCarter/status/1316056291970895873
Johsie Cruz,"10/31/2020, 07:53:56",".@RepMcCaul Looking forward to serve the people of the 4th district of GA4CD and help Gwinnett 
Dekalb Rockdale Newton become great again. 
Help me defeat ultra liberal Trump hater, Hank Johnson the coup instigator.
#Vote
#ElectionDay
#Election2020 https://t.co/Zh3Net2Cds",https://twitter.com/JohsieC/status/1322446695595233286
"Gaetz, Matt","11/02/2020, 19:14:38",https://t.co/DoJdCwoXV3,https://twitter.com/mattgaetz/status/1323342773077114883
Rob Weber,"10/05/2020, 17:32:01","Marcy Kaptur endorsed Bernie Sanders before she endorsed Joe Biden.  She has tea with Nancy Pelosi and plays wingman for Alexandria Ocasio-Cortez.  She's as far left as it gets and that's BAD for Ohio09.

Let's vote her out.",https://twitter.com/WestPointWeber/status/1313170088544083981
Erin Cruz,"10/27/2020, 01:33:03",@QPATRIOT1973 Panic in the disco!,https://twitter.com/RealErinCruz/status/1320901290403057664
Jesus Solorio,"10/08/2020, 20:47:50","#ICYMI: I released my final messaging blitz of the 2020 campaign: ‚ÄúAmerica‚Äôs Crossroads.‚Äù

#VoteRed #FlipTheHouse #Conservative #congress https://t.co/YcDz6RfmLw",https://twitter.com/jesussoloriojr/status/1314306533866512395
Julie Hall,"10/03/2020, 04:17:18",Nice work Beth!  I'm also running for Congress in MA-4.  See you in Congress! https://t.co/h0eSD2MOrT,https://twitter.com/Hall4CongressMA/status/1312245315127447552
Aja Smith,"10/05/2020, 00:43:21",@CharriseLane Do a live so we know you are okay,https://twitter.com/AjaforCongress/status/1312916250608070656
"Lucas, Frank","10/27/2020, 00:09:13","I applaud the U.S. Senate for confirming Judge Amy Coney Barrett to the U.S. Supreme Court. During her time as a federal judge, Judge Barrett was a principled, intelligent, and steadfast jurist of the rule of law- and she'll remain a protector of those laws as the next Justice. https://t.co/NdsC36umZO",https://twitter.com/RepFrankLucas/status/1320880191435100160
Lisa Scheller,"10/05/2020, 23:46:05",I needed to help my business and I did what was needed. I will do the same for #PA07 families. I am a job creator and a voice for #PA07 because I am a member of our community.,https://twitter.com/SchellerforPA/status/1313264225201119232
Christine Quinn,"10/08/2020, 02:30:40",@cawcaw I am about health choice. It‚Äôs up to you to govern what is best for your body.,https://twitter.com/ElectQuinn/status/1314030420103696386
Paul Junge,"10/07/2020, 00:13:24","If you believe the partisan liberal agenda of @SpeakerPelosi  is best for our country, then @ElissaSlotkin is your candidate because Slotkin has voted 100% for Nancy Pelosi‚Äôs liberal agenda. Yes, Slotkin has voted in favor of every bill Pelosi has brought to the floor for a vote.",https://twitter.com/VotePaulJunge/status/1313633487417733121
Josh Barnett,"10/26/2020, 05:04:26","4 more years of George Lincoln 
üòÇüòÇüòÇ

https://t.co/wBRQ2ErNsM",https://twitter.com/BarnettforAZ/status/1320592099012534272
"Crenshaw, Dan","10/06/2020, 16:09:49","‚ÄúCongressman Dan Crenshaw deserves much of the credit for getting this money approved by FEMA.‚Äù

Glad to work with local leaders to advance flood mitigation efforts in Houston. These projects are critical to make our community more resilient.

https://t.co/wCw2leP38V",https://twitter.com/RepDanCrenshaw/status/1313511792560267265
"Greene, Marjorie Taylor","10/07/2020, 14:01:58","Dear grammar police &amp; spelling Nazi‚Äôs,
Dyslexia runs in my family.  It‚Äôs probably why we are so creative, hard working, and successful.
Also why I‚Äôm a big supporter of @realDonaldTrump School Choice.
Education shouldn‚Äôt be a one size fits all approach.

https://t.co/2lK1UCapgS",https://twitter.com/mtgreenee/status/1313842002551857152
" Issa, Darrell","10/27/2020, 21:54:50","I‚Äôve never seen someone so brazenly talk out of both sides of their mouth. This morning @ACampaNajjar denied that he opposes a two-state solution in Israel. Well Ammar, now you‚Äôre busted. I‚Äôm waiting to see how you talk your way out of this one. https://t.co/9QSjwsz36M",https://twitter.com/DarrellIssa/status/1321208761814372352
Alison Hayden,"10/28/2020, 19:45:15","@seanmdav @ksouth21 Not looking good, peeps!",https://twitter.com/Alison4Congress/status/1321538539293564928
Joe Akana,"10/17/2020, 19:25:24","@RealJamesWoods Why do voters keep falling for the broken promises of the Democrats?  
47 years in office and what are his accomplishments? 
Voters of Hawaii, why are you always putting the party of corruption back into power?",https://twitter.com/Joe_Akana/status/1317547278542925824
"Gooden, Lance","10/26/2020, 14:51:21","I recently asked @EPAAWheeler to examine allegations of foreign interference from the #CCP and Russia. 

He has now referred that investigation to AG Barr.

We cannot allow foreign adversaries to covertly finance the Biden/Harris campaign. https://t.co/OJ7tjoIfEz",https://twitter.com/Lancegooden/status/1320739800253693952
"Fitzpatrick, Brady","10/07/2020, 16:49:30","Last week, I joined @RepSchneider to introduce the Guaranteeing Israel‚Äôs Qualitative Military Edge (QME) Act of 2020. (1/2)

 https://t.co/n3dUJSQXod",https://twitter.com/RepBrianFitz/status/1313884165146914816
Alexis Johnson,"11/01/2020, 03:14:14","@MarkRonchettiNM As a mother of four children, I thought I lived in a good neighborhood but my car has been broken into a few times and next may be my home.  I am voting for Mark Ronchetti because I know he values safety and action.  Our children deserve to be safe.",https://twitter.com/alexisjohnsonnm/status/1322738692557975554
Johsie Cruz,"10/17/2020, 15:30:21",@LatAmFr @DanScavino @hogangidley45 @MarkMeadows https://t.co/QZ3nvVjb7e,https://twitter.com/JohsieC/status/1317488126672109568
Jim Bognet,"10/21/2020, 15:00:00","Even the Biden campaign is conceding that this election will be a close battle. Pennsylvania is ready to re-elect President Trump and his allies!

https://t.co/sfaTx0Ao0y",https://twitter.com/Bognet4congress/status/1318930039124078592
"Fitzpatrick, Brady","10/21/2020, 13:46:57","I joined Experience Yardley for the unveiling of the ‚ÄúGreetings from Yardley‚Äù mural. 

I am proud to have local artists like Toni Napoli heading up the mural along with several other local painters from our community. https://t.co/WdwipvdmPE",https://twitter.com/RepBrianFitz/status/1318911653661057024
Tre Pennie,"10/10/2020, 13:01:09","Instead allowing pharmaceutical companies to poison you with prescription drugs. Why not consider natural solutions offered by cannabis? It‚Äôs time to think outside the box.. ü§îüì¶#pennieforcongressüá∫üá∏üá∫üá∏ @ Dallas, Texas https://t.co/661AsITCBQ",https://twitter.com/sgt_pennie/status/1314913864253755392
Frank Pallotta,"10/26/2020, 12:26:38","Coming off last nights debate, I‚Äôm astounded that @RepJoshG didn‚Äôt answer a single relevant question.  His spin is alive and well.
The people want direct answers, not just DC spin.",https://twitter.com/FrankPallottaNJ/status/1320703383708278785
Mary Fay,"11/01/2020, 19:41:37",I'd like to thank my supporters. We are on the homestretch. In my latest video I contrast my policies with John Larsons. 22 years with dismal results is wrong! Vote for Mary Fay! #TermLimits #TimeForChange  #Election2020 #Vote2020  https://t.co/JH8NJK6cTe #T,https://twitter.com/Fay4Congress/status/1322987174988517377
Tre Pennie,"11/01/2020, 00:34:46","Great connecting with my the ladies that make everything happen...Thanks Cristina! ‚ù§Ô∏è#pennieforcongressüá∫üá∏üá∫üá∏ @ Dallas, Texas https://t.co/nJoWQiLS7L",https://twitter.com/sgt_pennie/status/1322698562271121413
Jenny Sharon,"10/27/2020, 01:49:14","@AOC Bully...let‚Äôs talk about bullies sweetheart.
#CorruptDemocrats",https://twitter.com/jenny4congress/status/1320905363726700546
Chris Bish,"10/30/2020, 05:32:13",@GraceTrazila I already have my case number. I filed a 200 page page investigation with exhibits,https://twitter.com/BishForCongress/status/1322048642434228224
Theresa Raborn,"10/10/2020, 00:43:07","@lizziestelk @ILStewards @RepRobinKelly It was my pleasure to respond!  I try to respond to all inquiries.  If you would like to know more about the 30+ bills I have drafted, please check out my website, https://t.co/SfjicOsl0W.  I would love your feedback so I can take OUR solutions to DC.",https://twitter.com/Raborn4Congress/status/1314728131333443585
"Allen, Rick","10/23/2020, 16:26:36",Congrats to @GovKemp for ranking 2nd in the Laffer-ALEC Report on COVID-19 response. Your leadership and our state savings allowed Georgia to provide relief to workers and businesses without raising taxes. Here‚Äôs the full report: https://t.co/QqI0yHOptR,https://twitter.com/RepRickAllen/status/1319676606470885382
"Taylor, Van","10/24/2020, 02:32:26","This week, I continued my fight to protect children from forced marriages. @RepGwenMoore and I introduced legislation to study state laws on child marriages and help keep all children safe. Read more here ‚§µ https://t.co/NaU2xvkNTK",https://twitter.com/RepVanTaylor/status/1319829071086407680
Joshua Scott,"10/29/2020, 21:54:04",It is so important that the American people hear and see the truth before they cast their vote. #Justice and #Transparency are the only way forward. #StayFocused #Landslide https://t.co/UCufUyxRs5,https://twitter.com/joshuascottca32/status/1321933346532847617
"McKinley, David","10/19/2020, 14:31:21",üö®GREAT NEWSüö® https://t.co/1pmTHsadOj,https://twitter.com/RepMcKinley/status/1318198054512713730
"Massie, Thomas","10/24/2020, 03:24:08",@BrianAngelle https://t.co/unhZx7Cf8U,https://twitter.com/RepThomasMassie/status/1319842080563335168
"Barr, Andy","10/09/2020, 18:40:11",The ‚Å¶@USTreasury‚Å© and ‚Å¶@SBAgov‚Å© are streamlining forgiveness applications for Paycheck Protection Program (PPP) for small businesses receiving under $50K. I led a bipartisan effort urging Treasury to take this action. I applaud this decision. https://t.co/QqJkYSK4gO,https://twitter.com/RepAndyBarr/status/1314636796173615104
"Mace, Nancy","10/14/2020, 14:39:47","Democrat Joe Cunningham doesn‚Äôt care about your job ‚Äî he‚Äôs made that crystal clear during his time in Washington. He‚Äôs put Washington first and the Lowcountry last every step of the way.
Watch our new ad below and donate to help us keep it on the air üì∫ üì∫
https://t.co/PEQne6HFcR https://t.co/R0fGfKIlH8",https://twitter.com/NancyMace/status/1316388234537177088
"Fischbach, Michelle","10/22/2020, 18:25:44","Yesterday, I joined Steve Hallstrom (@FlagPrez ) on¬†@theflagwzfg to discuss the top issues for Minnesota voters ahead¬†of the November 3 election: the economy and law and order. Listen here:¬†https://t.co/AmEGKKS45z¬†#mn07",https://twitter.com/FischbachMN7/status/1319344201574875142
Mark Reed,"10/30/2020, 03:41:30","2018 news about a 2007 bill - pandering to be reelected.
INSTEAD vote https://t.co/f1OH55zVCV
""In April of last year, Congressman Sherman led a bipartisan group of 102 members of Congress in sending a letter to the Appropriations Subcommittee on Energy &amp; Water Development  1:2 https://t.co/hg7X6EFeLw",https://twitter.com/MarkReed1776/status/1322020781782523904
Mark Richardson,"10/23/2020, 15:37:54",@RepBeatty @60Minutes @realDonaldTrump Fraud- Pot &amp; Kettle post https://t.co/K14PUEfY0n,https://twitter.com/RichardsonOH3/status/1319664352102912001
"Grothman, Glenn","10/23/2020, 20:14:00","Though Camp Randall Stadium won‚Äôt be sold out, I‚Äôm still glad that #Badger football is back tonight!",https://twitter.com/RepGrothman/status/1319733834645000192
Dave Giles,"11/02/2020, 14:23:07","Only 2 DAYS LEFT!
Listen to Dave! https://t.co/tPgLdsyzRG
Dave will Support Economic Policies, Protect our Constitution, Defend Our Police and Veterans.
Dave will keep ""America First""! and ""YOU"" First
Let's Stop the Selling Out of Arizona!
Listen to the ""Giles / Stanton Debate""",https://twitter.com/VoteGiles/status/1323269410765729793
Johnny Nalbandian,"10/26/2020, 19:31:47","PLEASE VIEW OUR VOTER RECOMMENDATIONS

Very important: remember to VOTE NO ON 16!  

https://t.co/GcYKwSdyAM https://t.co/676r0angTy",https://twitter.com/Johnny_Congress/status/1320810374321483776
"McMorris Rodgers, Cathy","11/02/2020, 21:44:00",This is great news. Add it to the long list of ways @POTUS has led to strengthen America's unbreakable relationship with Israel. üá∫üá∏üáÆüá± https://t.co/Vg3ryggWOI,https://twitter.com/cathymcmorris/status/1323380362228060160
"Palazzo, Steven","10/15/2020, 18:03:43",It‚Äôs a beautiful day to join @supertalk in Jackson at the Friends of Mississippi Veterans 2nd Annual Clay Shoot. A great cause for our brave Mississippi heroes who honorably served in our Armed Forces. üá∫üá∏ https://t.co/eDjgg3qa0S,https://twitter.com/CongPalazzo/status/1316801946561454082
Greg Musselwhite,"10/22/2020, 01:39:18","@mercurialkate @cydersteve @MeghanMcCain Of course we are done... you lost the argument 2 posts ago...
Goodnight.",https://twitter.com/GregMusselwhit3/status/1319090925721866240
"Greene, Marjorie Taylor","10/23/2020, 01:35:44","Joe Biden is the ‚ÄúBig Guy!‚Äù

Millions funneled through Hunter from our foreign adversaries to Joe!

THIS MUST BE EXPOSED!

#PresidentialDebate2020 #BidenCrimeFamily",https://twitter.com/mtgreenee/status/1319452413808594944
Johsie Cruz,"10/23/2020, 01:02:39",.@realDonaldTrump @TrumpWarRoom @Scavino45 @PressSec @WhiteHouse @LatAmFr @MattWolking @gop @DeKalbGOP @GwinnettGOP @Rockdalegop @cobbgop @FultonGOP @newtoncogagop @DavidShafer @BrantFrostV @GARepAssembly @GaRepublicans @BrianKempGA @GOPChairwoman go out Vote #Trump #JohsieCruz https://t.co/TgJHBY5Bam,https://twitter.com/JohsieC/status/1319444089050439680
Johnny Nalbandian,"10/13/2020, 10:58:58","üíå YOU ARE INVITED! üíå
Enjoy a beautiful outdoor Mediterranean dining experience and support our movement THIS SUNDAY at Kings‚Äôs Kitchen! 

Special thanks to the generous owners, the Toranyan family, who have been gracious enough to help support our campaign.
#Johnny2020 #USA üá∫üá∏ https://t.co/FkP7DoJAit",https://twitter.com/Johnny_Congress/status/1315970277927342080
"Scalise, Steve","10/19/2020, 21:33:05","üö® Add Cuomo to the list of anti-vaxxer Dems.

He's now telling Americans to be skeptical of a CDC/FDA approved COVID vaccine.

This from the same man who broke federal guidelines and issued a nursing home order that killed thousands of seniors.

Maybe he should sit this one out. https://t.co/7P3NFRxyIr",https://twitter.com/SteveScalise/status/1318304185327194112
"Jordan, Jim","10/26/2020, 20:33:15","To all chumps, spineless cowards, deplorables, and midwesterners clinging to our guns and religion:

Let‚Äôs keep fighting for our country.",https://twitter.com/Jim_Jordan/status/1320825843250323456
"Pfluger, August","10/08/2020, 21:14:12","I enjoyed speaking with Brandon Corbin, the Republican nominee for Menard County Judge. I am excited for the future of Menard under his leadership! https://t.co/C4rCIyxk0K",https://twitter.com/AugustPfluger/status/1314313169033199616
Tamika Hamilton,"10/14/2020, 13:59:09",@trabreee So happy you know what‚Äôs up.,https://twitter.com/TamikaGHamilton/status/1316378010887491587
"Mace, Nancy","11/01/2020, 13:56:02","Did you catch Nancy talking with Andrew Davis on Tuesday? Hear directly from her:

‚úÖ Jobs and the Economy 
‚úÖ Saving Parris Island
‚úÖ Healthcare 
‚úÖ Spending and Taxes

WATCH üì∫ and get to know more about Nancy before you hit the polls on Tuesday!
https://t.co/kykOuyWLYo",https://twitter.com/NancyMace/status/1322900207038849024
Kimberly Klacik,"11/02/2020, 20:00:43","I‚Äôm so nervous. All I want is to bring higher paying careers to the greater Baltimore area. 

I have people lined up to do it. My God, please give me the opportunity üôèüèæ

I literally can‚Äôt eat or sleep üòî",https://twitter.com/kimKBaltimore/status/1323354372236054535
"Aderholt, Robert","10/13/2020, 18:44:33",Congratulations to @NASA on providing international leadership on working together in space. https://t.co/PzPfKoGj3V,https://twitter.com/Robert_Aderholt/status/1316087445620916225
Steve Negron,"10/31/2020, 14:58:07","Reason #2 why NH cannot trust @AnnMcLaneKuster:
#nh02 #nhpolitics #vote #negron4congress https://t.co/dQdu8ZeyZR",https://twitter.com/SteveNegronNH/status/1322553443458912259
"Fischbach, Michelle","10/26/2020, 17:44:04","""Republicans‚Äô confidence that Peterson‚Äôs 28 years in Congress might be coming to an end rests in their nominee, former Lt. Gov. Michelle Fischbach."" #mn07 is number 2 on @nationaljournal's power rankings most likely to flip in just 8 days! 
https://t.co/Lb3W3LvgJK",https://twitter.com/FischbachMN7/status/1320783266971111424
Elizabeth Kreiselmaier,"11/01/2020, 04:22:11",Corruption abounds in the DC swamp and is aided by the propagandist  mainstream media and Big Tech!  Biden is a crook and a national security risk.  Help me flip WA's CD6 US House seat Red and Clean Up The House!  https://t.co/wiYI6Ufu93,https://twitter.com/cleanupthehouse/status/1322755794652160001
Rich McCormick,"10/29/2020, 13:35:27",This is what happens when you get back to work safely.  We cannot afford to shut down our economy again.  By isolating the highest risk and taking appropriate precautions we keep this recovery going. #gapol #GA7 https://t.co/8PXdcP6V4a,https://twitter.com/RichforGA/status/1321807864831348737
Johsie Cruz,"10/19/2020, 14:02:02",".@trump_venezuela @POTUS_Trump_ESP @Anthol14793753 @TrumpWarRoom They hate America. Coup-instigator Hank Johnson and looters leader AOC/Omar. HUAC will get rig off our internal enemies. Vote #JohsieCruz for GA4CD, #LacyJohnson for MN5CD, and #JohnCummings for NY14CD !!! https://t.co/HEyGxK4WY8",https://twitter.com/JohsieC/status/1318190674060189697
Aja Smith,"10/23/2020, 01:52:34",@SaberX01 Then they claim and fight for Medicare for all...which is it!! ü§¶‚Äç‚ôÄÔ∏èü§∑‚Äç‚ôÄÔ∏è,https://twitter.com/AjaforCongress/status/1319456651414437889
"Johnson, Bill","10/04/2020, 14:17:58","Do not be far from me, my God; come quickly, God, to help me.

Psalms 71:12",https://twitter.com/RepBillJohnson/status/1312758866904580100
"Mace, Nancy","11/02/2020, 01:25:58","Every dollar, every door knock, every phone call, every text, every meet &amp; greet, every single one of these matters and makes a difference for our campaign. 

From the bottom of my heart, it would be the honor of my lifetime to serve you, and I hope to earn your vote Tuesday!",https://twitter.com/NancyMace/status/1323073835390898177
"Kustoff, David","10/21/2020, 18:10:56",We had a great morning in Sullivan County getting the vote out for President @realdonaldtrump and Republicans all across Tennessee. I am looking forward to serving with @DHarshbargerTN1! https://t.co/HSBhKMstFw,https://twitter.com/DavidKustoff/status/1318978090480095234
Jesse Jensen,"11/02/2020, 23:08:45","T-29 hours to #vote! Haven‚Äôt cast your ballot yet? PLEASE do so! Here‚Äôs a list of secure ballot drop off locations: ‚¨áÔ∏è

https://t.co/qNVYL8lNkp",https://twitter.com/JesseJensenWA/status/1323401690704310272
"Feenstra, Randy","10/31/2020, 00:47:02","We‚Äôve ended a successful day on the trail with stops in Iowa Falls and Ames! 

Thanks to everyone who came out today - I was blown away by the passion and energy I saw, now let‚Äôs take it to the ballot box! #FeenstraDelivers #IA04 #VOTE https://t.co/FIwDT8Waa7",https://twitter.com/RandyFeenstra/status/1322339261547503616
"Buck, Ken","10/13/2020, 22:37:41","üö® TONIGHT: I‚Äôm joining @TuckerCarlson to talk #BigTech.

Tune in to @FoxNews at 8:40 ET/6:40 MT.",https://twitter.com/RepKenBuck/status/1316146115734110212
Douglas Tuman,"10/16/2020, 21:04:38","Diddy is launching a new political party called the ‚ÄúBlack Party‚Äù. 

The last thing we need is more division and segregation. We need unity!",https://twitter.com/ElectTuman/status/1317209862036705283
Chris Bish,"10/29/2020, 16:45:45","Why do liberals insist on picking on children! Leave these little girls alone. Children need positive role models, that inspire success that doesn't involve twerking. https://t.co/yrQlc09Vju",https://twitter.com/BishForCongress/status/1321855755201306624
Susan Marie Smith,"10/26/2020, 21:14:15",This is actually wicked. https://t.co/TofxDtXHf5,https://twitter.com/susanfor7th/status/1320836163024859136
Errol Webber,"10/24/2020, 22:00:31",Failed Mayor Lori Lightfoot is the PERFECT example of why elected officials should be chosen based on more than just their race and gender.,https://twitter.com/ErrolWebber/status/1320123028035035136
Josh Barnett,"10/19/2020, 00:01:14",Vote for Freedom! Vote BARNETT https://t.co/cxuqO16PB9,https://twitter.com/BarnettforAZ/status/1317979081409847296
"Fischbach, Michelle","10/08/2020, 17:20:22","If you're coming to Litchfield this afternoon for the Harvest Madness event, stop by our office at 28 West 3rd Street and say hello! We'll have grilled pork chops, candy for the kids, and Trump bumper stickers (while they last). #mn07 https://t.co/cHz2rp5WfJ",https://twitter.com/FischbachMN7/status/1314254319596773382
"Harshbarger, Diana","10/12/2020, 18:50:38","In need of some fall decorations?

We‚Äôve got plenty of pumpkins leftover from our Hoedown. Swing by our campaign office located at 109 Jack White Drive in Kingsport and pick one up.

Please call us at 423-218-2903 when you arrive. https://t.co/9AvwL5UJ85",https://twitter.com/DHarshbargerTN1/status/1315726588298825729
"Good, Bob","10/16/2020, 13:28:37","Biden believes Washington has all the answers, that bureaucrats can invest more wisely than small business owners and entrepreneurs. The choice couldn't be clearer.
https://t.co/Lmp53rcw0j",https://twitter.com/GoodForCongress/status/1317095102918103041
Chris Bish,"10/29/2020, 02:10:07",@gkpyroman I will have to contact the county board of supervisors because it is appointed position in Sacramento,https://twitter.com/BishForCongress/status/1321635395914792960
Greg Musselwhite,"10/31/2020, 09:41:59","@crawfoml #FL20 is so overwhelmingly Democrat, no one does polling for it... but looking at the number of ballots being cast in EV there is a good amount of hope!",https://twitter.com/GregMusselwhit3/status/1322473884722122752
Charlotte Bergmann,"10/04/2020, 11:22:09","MONDAY IS THE LAST DAY TO GET YOUR FRIENDS REGISTERED  TO VOTE IN THE MOST CONSEQUENTIAL RACE IN HISTORY IN SHELBY  COUNTY, TENNESSEE !

YOUR ACTIONS WILL MAKE  SURE WE WIN. https://t.co/hdpCILwMHp",https://twitter.com/ElectBergmann/status/1312714622789734401
"Fortenberry, Jeff","10/16/2020, 20:23:33","It‚Äôs a busy day at Erica Estrada‚Äôs La Guerita, a small grocery store in Madison, #Nebraska We arrived just as the bread was coming in. Erica took a moment to talk to me about the Paycheck Protection Program. She said, ‚ÄúThanks, it worked!‚Äù #PPP https://t.co/us8SysFELA",https://twitter.com/JeffFortenberry/status/1317199523769450496
Josh Barnett,"10/19/2020, 17:34:43",@realDonaldTrump Release the contents of the laptop.  We the People deserve to know exactly what is on it,https://twitter.com/BarnettforAZ/status/1318244200505167872
Mark Reed,"10/28/2020, 19:22:36","BS ignores CD CA30

Familial State Dept access 
Chair of Investor Protection Subcommittee
Co-chair of the CPA &amp; Accountants Caucus
Chair of the Franking Commission
...but seeks more access to int'l dignitaries in a quest to become CHAIR of Foreign Affairs Committee.

#WeAreCD30 https://t.co/1stHWw0biY",https://twitter.com/MarkReed1776/status/1321532839809089537
Aja Smith,"10/23/2020, 04:05:31",@EinsSueAnn Is Abraham Lincoln the leader? He was racist to,https://twitter.com/AjaforCongress/status/1319490107867447297
"Allen, Rick","10/09/2020, 18:06:11",Take a look at my e-Newsletter to see what I did this week serving #GA12 ‚Üí https://t.co/d4XKC0CL0R,https://twitter.com/RepRickAllen/status/1314628237457326082
Greg Musselwhite,"10/31/2020, 23:45:01",America... under Joe Biden.  Conservatives will become free game... https://t.co/Z4IM4sWgrf,https://twitter.com/GregMusselwhit3/status/1322686042890260480
"Scott, Austin","10/21/2020, 20:27:08","The #PaycheckProtectionProgram has been a lifeline for millions of small businesses during the COVID-19 pandemic, but @SpeakerPelosi &amp; @HouseDemocrats are more concerned with not giving @realDonaldTrump a ‚Äúwin‚Äù before the election than supporting Americans in need. https://t.co/CKNuyBaqK5",https://twitter.com/AustinScottGA08/status/1319012366273683460
"Miller, Carol","10/31/2020, 14:51:21","Command Sgt. Maj. Phillip Cantrell is a shining example of what it means to be an American serviceman. Stationed around the world &amp; here at home, he has dedicated his life to freedom for all. 

Thank you to you and your family for your service. üá∫üá∏

https://t.co/zhsdiEhJ0Y",https://twitter.com/RepCarolMiller/status/1322551740575686656
"Jackson, Ronny","10/08/2020, 21:21:50","I‚Äôm PROUD to be endorsed by the @USChamber. I‚Äôm as pro-business as it comes, and I‚Äôll ALWAYS fight for our economy.
https://t.co/i3M5skl1Cr",https://twitter.com/RonnyJacksonTX/status/1314315087432372227
Joshua Scott,"10/27/2020, 00:17:06",@HillaryClinton https://t.co/0ejy3FcWkQ,https://twitter.com/joshuascottca32/status/1320882176435515392
Errol Webber,"10/16/2020, 17:46:48",Joe Biden agreed to meet with Cardi B but refused to meet with Ice Cube.,https://twitter.com/ErrolWebber/status/1317160074847133698
Johnny Nalbandian,"10/26/2020, 06:26:23","I WILL NEVER STOP REACHING OUT

The power of conversation is a tool we must use to bring change. Unlike my opponent, I will never abandon our community. 

https://t.co/GcYKwSdyAM https://t.co/YyiKMeY85y",https://twitter.com/Johnny_Congress/status/1320612724158574593
Ron Curtis,"10/18/2020, 21:43:22","""Few Americans understand the degree to which the Constitution‚Äôs safeguards are being whittled away. We must remind them of these safeguards.""

#WeThePeople
#Liberty
#Freedom

https://t.co/jRmHQuEAqn",https://twitter.com/rcurtis808/status/1317944386093633536
Greg Musselwhite,"10/20/2020, 03:19:50","I have to have a security clearance to work in the nuclear industry. 

With current news releases concerning Hunter, would you trust Joe to NOT be compromised? 

My opponent Alcee Hastings was impeached for bribery and perjury, do you trust him to represent you?
#FL20 vote RED.",https://twitter.com/GregMusselwhit3/status/1318391447251464192
"Carter, John","10/22/2020, 18:16:47","Our #CommitmentToAmerica 
‚û°Ô∏è Restore our way of life by defeating COVID-19
‚û°Ô∏è Rebuild the greatest economy with low taxes and pro-growth policies 
‚û°Ô∏èRenew the American dream so every American prospers https://t.co/1gn9RzO7KM",https://twitter.com/JudgeCarter/status/1319341947522289666
Josh Barnett,"10/05/2020, 02:49:35","@Project_Veritas @JamesOKeefeIII 

https://t.co/u35bHF9UYv",https://twitter.com/BarnettforAZ/status/1312948018098794496
"Reschenthaler, Guy","10/07/2020, 21:25:04","This is a new low for Democrats. This isn‚Äôt about keeping people safe, it‚Äôs about trying to completely control your way of life.
¬†
Democrat Governors shouldn‚Äôt have crammed COVID positive patients in senior homes if they cared so much about keeping us safe. https://t.co/Q56XWFFbd6",https://twitter.com/GReschenthaler/status/1313953514947739648
John Briscoe,"10/24/2020, 17:40:16","#CommonSense says we need MORE, NOT LESS #police to keep our communities safe from criminals. Safe communities allow people to thrive, grow and build! #BackTheBlue #PoliceSupport Join us at https://t.co/BXw6LQuQaS https://t.co/PYPbUJEKEm",https://twitter.com/johnfbriscoe/status/1320057535362142209
"Diaz-Balart, Mario","10/09/2020, 15:37:02","La Administraci√≥n Trump vuelve a imponer duras sanciones contra el r√©gimen de #Ortega, responsabilizando a organizaciones financieras y funcionarios que contin√∫an socavando los leg√≠timos derechos democr√°ticos de los nicarag√ºenses. https://t.co/LdunLn5oEJ",https://twitter.com/MarioDB/status/1314590702622461952
Lavern Spicer,"10/19/2020, 11:51:00",I'm embarrassed to share skin color with Ilhan Omar. She's everything that's wrong with America in one tiny whiny woman.,https://twitter.com/lavern_spicer/status/1318157700639920128
Julie Hall,"10/12/2020, 13:31:56",Join me for a standout at Newton Centre today at 4pm. https://t.co/KCJ0zJYwNI,https://twitter.com/Hall4CongressMA/status/1315646384486469632
"Fitzgerald, Scott","10/27/2020, 13:37:04","Election Day is one week away! We need your support here in the home stretch. Join team Fitz to send a proven conservative fighter to Congress.
https://t.co/dt11Apo6Ki https://t.co/5Anx0HdtNX",https://twitter.com/FitzgeraldForWI/status/1321083495536562182
"Jackson, Ronny","10/04/2020, 15:00:00","‚ÄúTherefore, if anyone is in Christ, the new creation has come: The old has gone, the new is here!‚Äù - 2 Corinthians 5:17",https://twitter.com/RonnyJacksonTX/status/1312769444137975810
Ron Curtis,"10/27/2020, 03:19:08","@teralynda @DavidWareHawaii @maziehirono @gophawaii @HawaiiDems From 2018 , ""...the men in this country, just shut up and step up.""

https://t.co/GzMX7kcZv4",https://twitter.com/rcurtis808/status/1320927985780752384
"Feenstra, Randy","10/30/2020, 14:55:11",Proud to have the support of @AdamGreggIA! #IA04 #FeenstraDelivers https://t.co/AAnJuW5nKx,https://twitter.com/RandyFeenstra/status/1322190316284399617
"Tenney, Claudia","10/14/2020, 15:06:26","üö®#NY22 AD ALERTüö®

In Congress, I will:

‚úÖ Rebuild our economy by supporting President Trump's America First agenda

‚úÖ Fight to keep our communities safe by supporting the police

‚úÖ Solve the problem with Spectrum by stopping Cuomo's insider deal that rips us off https://t.co/Lsx39i2l2g",https://twitter.com/claudiatenney/status/1316394942932168704
George Santos,"10/23/2020, 04:52:16",@RepTomSuozzi stop using your limousine liberals cocktail party talking points about your environmentalist records during our meet the candidates forums. People need to hear about our proposed ideas on how to save their lives and livelihoods! #Election2020 #vote #silentSuozzi,https://twitter.com/Santos4Congress/status/1319501875041996800
