Nate McMurray,"10/03/2020, 20:47:04","I‚Äôm at my niece‚Äôs wedding. ‚ù§Ô∏è 

‚ÄúSpread love, not germs.‚Äù https://t.co/75ybcS9WPi",https://twitter.com/Nate_McMurray/status/1312494401319395328
Shannon Freshour,"10/25/2020, 17:49:52",@IanMellul I'm willing to die on the Patty for Sen Maj Leader Hill,https://twitter.com/ShannonFreshour/status/1320422340400979968
Bryan Berghoef,"10/29/2020, 23:42:04",A Dutch film crew doing a documentary on Christianity in America during the 2020 election dropped in to film our virtual event tonight. What a blast! Can't wait to see what they produce. #election2020 #WestMichigan #Berghoef4Congress #netherlands https://t.co/HZE9A3FsZ4,https://twitter.com/pubtheologian/status/1321960522644938752
Allen Ellison,"10/22/2020, 21:57:35",So do you @Ojeda4America! https://t.co/ckTkjZ25xL,https://twitter.com/AllenLEllison/status/1319397514857107457
Pam Keith,"10/07/2020, 12:41:16","@ChrisMurphyCT @JadeJensen29 Might I suggest FL 18? It‚Äôs a SUPERSEAT with massive implications to both the electoral college and flipping FL blue. ü§∑üèΩ‚Äç‚ôÄÔ∏è

https://t.co/WoDGaAkbdu",https://twitter.com/PamKeithFL/status/1313821693614403584
Elizabeth Hernandez,"10/23/2020, 19:50:15",@Timhurl6 @JohnCornyn https://t.co/55tHMQFseW,https://twitter.com/LizForTX8/status/1319727859066437632
Alexandra Owensby,"10/23/2020, 00:24:49","Which version; the one he introduced in 2015, 2017 or 2019? He recycles his bills &amp; has passed ZERO bills since being elected in 2012.

I have passed just as many bills as my opponent, Thomas Massie. #fact 

Donate: https://t.co/FSJJobNwuA

#owensby4congress #Election2020 https://t.co/PWd8UDPM41",https://twitter.com/AMOwensby/status/1319434567758041089
Kristy Gnibus,"10/20/2020, 15:09:36",Puppies have given me LIFE during this election. These are the latest! Show me your furry friends! üì∏ https://t.co/l2TxOlz43v,https://twitter.com/Kristy4PA/status/1318570067173515269
Shahid Buttar,"10/18/2020, 15:48:03","@RepBarbaraLee Her long history of fighting for We the People, and meaningfully resisting the military industrial complex, are exactly why we need to get the Speaker‚Äôs gravel into @RepBarbaraLee‚Äôs hands.

And to make that happen, we need to force Pelosi into retirement. https://t.co/NeRzljJmoi",https://twitter.com/ShahidForChange/status/1317854967579865089
Kim Mangone,"11/01/2020, 22:33:17","@DevinCow We have a real shot at beating Kevin McCarthy. If everyone who saw this chipped in just $25, we would blow our fundraising goals out of the water. Please retweet and chip in here to be a part of our victory over Kevin McCarthy: https://t.co/j3XxIIDKXw",https://twitter.com/KimMangone/status/1323030376420311041
Mia Mason,"10/08/2020, 12:11:02","We need to Flip Maryland's District 1 Blue by Voting for Mia Mason! We need your help to do it! Join in now for  Phone Banking for Worcester County!

It's easy &amp; if you need training email benjamin@miadmason.us

https://t.co/Z99F8CPifY https://t.co/XQ537OUiry",https://twitter.com/Mia4MD/status/1314176476481310720
Russell Foster,"10/27/2020, 22:37:23","After 2 weeks of multiple health screens and asking everyone to quarantine, I surprised my closest inner circle with a trip to a private island where we could pretend things were normal just for a brief moment in time. https://t.co/a3JNTvxNsI",https://twitter.com/RussellFosterTX/status/1321219472494071810
Alaina Shearer,"10/15/2020, 15:53:49",I have hope today. #BlueWave2020,https://twitter.com/alainashearer/status/1316769256856584194
Shahid Buttar,"10/12/2020, 16:30:07","@repmarkpocan @GOP You‚Äôre absolutely right that the GOP cares nothing for human life, and is racing Americans into our graves.

But we need also to acknowledge the failures across the Democratic leadership for failing to respond adequately. https://t.co/VlpuooGyFI",https://twitter.com/ShahidForChange/status/1315691228617273345
Phil Ehr,"10/30/2020, 19:03:00","I'm not running to make a name for myself, to get on TV, or to hang out with the Washington elites. 

I'm running to tackle the issues that our community and nation face and help unify our country. #ForwardWithHonor",https://twitter.com/PhilEhr/status/1322252682086608896
Allen Ellison,"10/31/2020, 16:14:06","#RepSteube has voted to defund the police. Look at the women that it hurt. Read here to see how and share. #VoteAllenEllison 
https://t.co/bHGX6kh3Z1",https://twitter.com/AllenLEllison/status/1322572565857116160
Joan Greene,"10/03/2020, 14:20:46","@politvidchannel Andy Biggs has shown consistent disregard for safety during this pandemic -- denying the science, asking AZ to unmask, and touting unproven remedies. Now, even with President Trump's diagnosis he continues to push dangerous ideas in the name of Freedom. 

https://t.co/QABDPGu1rT",https://twitter.com/joangreeneaz/status/1312397183082061833
Christopher J. Hale,"10/14/2020, 05:01:59","I begin my historic walk through all sixteen counties of my congressional district tomorrow on the banks of the Tennessee River in Haletown.

I‚Äôll see y‚Äôall on the road. https://t.co/IhXDP3gpa6",https://twitter.com/chrisjollyhale/status/1316242826364178433
Jim Kennedy,"10/25/2020, 21:59:47","@flagigiof10 @PhilMooreforFL @VoteRandyFine @congbillposey Thank you, Gina!",https://twitter.com/JK4Florida/status/1320485232685056005
Audrey Denney,"10/09/2020, 05:53:05",Translation: ‚ÄúYou can have a little education funding ... as a treat.‚Äù https://t.co/rZKk2iZwPB,https://twitter.com/Audrey4Congress/status/1314443748781240321
Mia Mason,"10/04/2020, 17:44:05","Mia will support policies that pair regulations and subsidies to move from a fossil fuel-dependent society towards 100% clean energy and renewable resources while decarbonizing the electric sector. 
#environment #cleanenergy #Mia4MD  #voteMia #renewableenergy https://t.co/jI9sUFEIlF",https://twitter.com/Mia4MD/status/1312810739346923526
Christopher J. Hale,"10/14/2020, 17:18:36","These signs will be featured at polling locations in Rutherford County.

I‚Äôm a product of Rutherford County schools, and as long God gives me breath, I‚Äôll fight to fully protect and protect them. https://t.co/91A2miC2jS",https://twitter.com/chrisjollyhale/status/1316428205646131200
Matthew Best,"10/12/2020, 16:43:42","As a pandemic presses on, waves of grief follow its path (from @AP) https://t.co/o2ammJiVq5",https://twitter.com/BestforKY/status/1315694643431038986
Christopher J. Hale,"10/07/2020, 20:18:50","""The two women ‚Äî more than three decades apart in age but both native to the South ‚Äî met through Christopher J. Hale, a Democratic candidate for Congress in the district that includes the Bledsoe prison."" https://t.co/HlojmdTvcm",https://twitter.com/chrisjollyhale/status/1313936844388806657
Elizabeth Hernandez,"10/22/2020, 05:15:45","As the GOP Alternative World Turns:
Last place is now first place.",https://twitter.com/LizForTX8/status/1319145393997963266
Donna Imam,"10/25/2020, 23:15:27",https://t.co/xpvL5mGL0u,https://twitter.com/donnaimamTX/status/1320504273831157760
Jim Kennedy,"10/05/2020, 16:33:40","Tick Tok ... You have until 5pm to Register at your local Supervisor of Elections office or until 11:59 PM to register online at: https://t.co/BHnWYVpxIM (Have your driver's license or state ID card handy) 

Don't Miss the Deadline! Be a Voter!! https://t.co/vIzQzqYQN7",https://twitter.com/JK4Florida/status/1313155405598674944
Nate McMurray,"11/01/2020, 00:16:33","I was handing out fliers all day. But want to know an easier way? 

Share that digital flier below! üá∫üá∏ https://t.co/CAuUSkLuQL https://t.co/mBRTA875Oq",https://twitter.com/Nate_McMurray/status/1322693976718217218
Jim Kennedy,"10/24/2020, 13:17:00",Early Voting Saturday in North Brevard? Stop by &amp; Say Hi! https://t.co/ZBEfj4EWYI,https://twitter.com/JK4Florida/status/1319991280676450305
Adrienne Bell,"10/14/2020, 00:02:48",This is amazing! Let's #FlipTX14 and send a teacher to Congress who will fight for the people. #VoteforBell https://t.co/cIZiSRtezu,https://twitter.com/AdrBell/status/1316167537617448961
Eugene DePasquale,"10/08/2020, 11:37:55","Happy birthday to my favorite Treasurer, @JoeTorsella . And it isn‚Äôt because he‚Äôs #italian :)",https://twitter.com/DePasqualePA/status/1314168139165376512
Nate McMurray,"10/15/2020, 21:13:21","Join us for text and phone banking tonight from 5:30-7:30 pm and help #GetOutTheVote.  19 days left - take some action with us &amp; help us win!  

Click to join: https://t.co/c4DiT6yILK
#GOTV
@WNYDem4Progress @GeneseeNyDems @wyocodems @OntarioCoDems @NiagCountyDems @MCDC_Rochester https://t.co/oV91BG1Rwz",https://twitter.com/Nate_McMurray/status/1316849667838279681
Anthony Brindisi,"10/12/2020, 17:30:46","üö®: Welp, there you have it, folks. @claudiatenney formally announces she is AGAINST healthcare coverage for EVERY American. 

BUT we already knew this. 

Her stance is absurd. It‚Äôs dangerous. It‚Äôs unAmerican. 

AND it‚Äôs why she was fired in the first place. https://t.co/3WjIysuHU2",https://twitter.com/ABrindisiNY/status/1315706491605835776
Nate McMurray,"11/02/2020, 03:24:24","Indeed, we defeated Nazism. We defeated Communism. And when when we won, we did not inflict the yoke of nationalistic zeal on Europe. We rebuilt it! The Marshall Plan!
And we created an international system of law based on human rights.19/",https://twitter.com/Nate_McMurray/status/1323103641809625088
Kathy Ellis,"10/09/2020, 19:18:26","@RepJasonSmith I'm running against this man because Missourians deserve better. Our District is dying. Our hospitals are closing. Our jobs are leaving. COVID cases are skyrocketing. And THIS is what our Representative is spending his time on. 

Join our campaign: https://t.co/gLPhgYZ7KH",https://twitter.com/ellis4congress/status/1314646422080425994
Dana Balter,"10/25/2020, 23:21:56","The things I'm fighting for - universal health care, upholding Roe v. Wade, universal background checks - are supported by the majority of people in this district and this country.¬†¬†

These are not just majority positions, they are super majority positions. #NY24Debate",https://twitter.com/dana_balter/status/1320505907957161985
Ammar Campa-Najjar,"10/29/2020, 15:20:28","5 more days! When we make history, one of my 1st acts will be to vote for HR1, introduce another amendment to overturn Citizens United, enact congressional term limits, and require members to live by the same rules as the rest of us. No special exemptions. https://t.co/ddedlLGTub https://t.co/EhniHDmPBV",https://twitter.com/ACampaNajjar/status/1321834291517517825
Kim Mangone,"10/20/2020, 17:20:31",My opponent Kevin McCarthy has been worried about his job; not yours. https://t.co/TUrFr2JJ60,https://twitter.com/KimMangone/status/1318603014236557313
Pam Keith,"10/23/2020, 13:30:10","I keep telling ya‚Äôll

DO NOT write off/give up on Florida! The Senate races are well funding. Joe&amp; Kamala are lapping Trump on EVERYTHING, including money. 

An investment in FL‚Äôs battleground districts ( #FL18 ) is the BEST place to put your duckets now. 
https://t.co/riSxgDwJ5j",https://twitter.com/PamKeithFL/status/1319632209402265602
Russell Foster,"10/15/2020, 16:46:05","No need to watch the NBC circus tonight, it will all be posted on twitter in clips so no need to give that man the ratings he so craves. Deny him by watching Joe!",https://twitter.com/RussellFosterTX/status/1316782410315575297
Patricia Timmons-Goodson,"10/30/2020, 16:00:19",I will protect a woman‚Äôs right to choose and fight to improve maternal health. Everyone deserves access to high-quality healthcare and the freedom to make their own decisions about their bodies. https://t.co/Xc6HsIVzcm,https://twitter.com/TimmonsGoodson/status/1322206707850903553
Mia Mason,"10/16/2020, 00:39:40","If you are flipping back and forth, I dont think you could ever see more of a contrast.

One takes responsibility for mistakes of his past.

The other takes responsibility for nothing.

One speaks with compassion and empathy

The other can't.

#BidenTownHall",https://twitter.com/Mia4MD/status/1316901589366558724
Alexandra Owensby,"11/01/2020, 21:13:39","Voting is YOUR super power. Use it well. 

Vote your HOPES, NOT your fears. 

Early voting on Monday then Election Day on Tuesday. üó≥ 

I ask for your VOTE &amp; ask those who have already voted for me, to encourage others to VOTE for me. 

#owensby4congress #election2020 #govoteky https://t.co/kztWSE4ptt",https://twitter.com/AMOwensby/status/1323010335972839424
Ammar Campa-Najjar,"10/10/2020, 01:34:54","Let me be very clear: I do not condone violence or threats of violence from any group. That includes any committed by members of DEC.

I‚Äôve said this consistently, regardless of ideology, hate has no place in #CA50.",https://twitter.com/ACampaNajjar/status/1314741163513921536
Braylon Harris,"10/06/2020, 11:14:59","I know that our current prosperity and our future possibilities all rest up the past sacrifices of our seniors. 

I will work tirelessly in MEMORY of my grandparents to restore the glory of the GOLDEN YEARS for all Americans.

#OURSENIORS #OURPRIORITIES #La03 
#HARRIS4USALL https://t.co/J1ApITGtR0",https://twitter.com/Harris4US2020/status/1313437592784957440
Kenny Houston,"10/15/2020, 20:28:46","The census deadline is today! If you are concerned about our roads, schools, and resources within the state, then complete it today! We need you! https://t.co/HGWxapgB8D",https://twitter.com/KennyHoustonCD4/status/1316838447945048064
Dani Brzozowski,"10/06/2020, 03:15:54",@56Starbuck So happy that you have a voting plan!,https://twitter.com/DaniForCongress/status/1313317029261250560
Stephanie Schmid,"10/28/2020, 21:30:29","And @RepChrisSmith has spent his entire life working to make this possible. He wants to outlaw abortion, ban access to birth control, and stood on the House floor calling for repeal on the Affordable Care Act. #VoteHimOut #ReproFreedomVoter #Election2020 #Flipthe4th #NJ04 https://t.co/BWdlsigtlz",https://twitter.com/StephLSchmid/status/1321565021336440839
Tedra Cobb,"10/20/2020, 11:47:50","‚Äú@EliseStefanik has not said anything,"" said Cobb. ""She has not gone to bat for our troops who are over in Afghanistan. She has not held this president accountable. When the president has called our fallen soldiers ‚Äòsuckers and losers,‚Äô she says nothing.‚Äù https://t.co/dJZnT5GqR9",https://twitter.com/TedraCobb/status/1318519291638173699
Nate McMurray,"10/27/2020, 11:36:05","Again, why are his kids even in the White House? 

https://t.co/GIH9OGv3MS https://t.co/tf55oLAy6D",https://twitter.com/Nate_McMurray/status/1321053048832229384
Russell Foster,"10/06/2020, 18:34:26","I'm an at-risk Texan that is going to needlessly put my own health in danger to make sure to vote in person to make sure Biden wins &amp; we Democrats #FlipTexasBlue!

It's sad that this administration has forced millions of us to do that. Doesn't matter the obstacle, we got this! https://t.co/x8rqYVA91o",https://twitter.com/RussellFosterTX/status/1313548182920540166
Elizabeth Hernandez,"10/24/2020, 02:59:20","COVID-19 Update:

The United States just had its worst day since the pandemic started with 81,210 new confirmed cases. Over 8.7 million have now tested positive and 229,000 people have died. It‚Äôs an embarrassment to the rest of the world. I truly hope the voters agree with me.",https://twitter.com/LizForTX8/status/1319835841645215745
Matthew Best,"10/08/2020, 20:03:17",'So frustrating': Doctors and nurses battle virus skeptics (from @AP) https://t.co/0agcA3cN9e,https://twitter.com/BestforKY/status/1314295318620639233
Jon Hoadley,"10/21/2020, 01:35:32","Who else is watching @aoc play #AmongUs to help encourage folks to #VoteEarly ? ‚úã

Tune in now at https://t.co/Qy0qWvI84e then make your plan to vote early at https://t.co/gJH92ag2TG ‚¨áÔ∏è",https://twitter.com/JonHoadley/status/1318727589956112385
Rishi Kumar,"10/22/2020, 17:47:04","get is, ""She's done a lot for us."" Right. Like what? 
I voted for you. I hope you are elected, and re-elected, and that you are among the leadership and part of the change our country needs. Politics is really hard to do--if you beat the incumbent,",https://twitter.com/rishikumar1/status/1319334471385051136
Scott Huffman,"10/10/2020, 12:24:11","@RobVollat We don't have a choice but to be positive and optimistic, especially the way things are right now. But, this is only going to make Budd tap into his million dollar war chest, which is why fundraising is more important now than ever so I can get people to the polls!",https://twitter.com/HuffmanForNC/status/1314904559572209668
Mia Mason,"10/17/2020, 11:02:57","Reagan vote count just went up over Trump numbers in 2016. We can expect to see more Republicans vote Reagan or Biden this November which means we‚Äôre winning. Please don‚Äôt become complacent, go vote! Let‚Äôs All Vote! https://t.co/wvJ5adC1mD https://t.co/ZzVt9tJ3gD",https://twitter.com/Mia4MD/status/1317420831002234880
George Petrilli,"10/31/2020, 01:47:51","Letter: Expanding Medicare should be priority for Congress
https://t.co/2lgo2xhwLp",https://twitter.com/GeorgePetrilli/status/1322354564717301761
David Kim,"10/27/2020, 02:49:20",@sonowwhat6 You‚Äôre not alone. So many people are in a similar situation. We‚Äôre going to fight even harder these next eight days. There‚Äôs so much at stake.,https://twitter.com/DavidKimForCA/status/1320920487015469057
Ryan Trundle,"10/15/2020, 14:55:39",Left of #BidenHarris2020. New campaign signs and tees available now. https://t.co/BWbpEeEgcr #SmokeTheVote #BlueWave2020 #RaiseTheWage #MedicareForAll #SensibleGunLaws #endprohibition #EndPoliceBrutality https://t.co/nINSZbk6rL,https://twitter.com/ryantrundleCD4/status/1316754617565409285
Scott Huffman,"11/02/2020, 10:53:28",@music_nadeau Not a mind reader. Please tell me.,https://twitter.com/HuffmanForNC/status/1323216653115707392
Phil Arballo,"10/23/2020, 23:46:35",Have you voted yet? Good. Tell your friends and family to vote too!,https://twitter.com/PhilArballo/status/1319787332866764800
Pam Keith,"10/09/2020, 12:11:28","Trump is not just immoral, he sucks morality out of those who are, makes people believe that immorality is morality, and breaks those who try to hold on to whatever morality they have.

He is the darkest, most destructive force to ever visit our shores.",https://twitter.com/PamKeithFL/status/1314538971351973888
Adia Winfrey,"10/08/2020, 06:38:51",Seriously though https://t.co/q8HOmYonzV,https://twitter.com/drdia/status/1314092876603719680
Christopher J. Hale,"10/14/2020, 14:22:10","Our hour after polls have opened here in Tennessee, it appears we‚Äôre on the pathway to have record day one turnout.

According to our poll watchers, long lines have formed in Rutherford County.

Several of the rural areas also have large lines‚Äîan almost unheard of phenomenon.",https://twitter.com/chrisjollyhale/status/1316383802739044355
Mia Mason,"10/22/2020, 16:11:05","Biden will bring back stability &amp; a vision for this country that is inclusive! Like Biden, I will represent everyone equally and look after all of the needs of MD's District-01.

Vote Biden &amp; Vote Mia for a Country and a State that cares!

https://t.co/gQ93neC1gP https://t.co/LHpee8Y5n9",https://twitter.com/Mia4MD/status/1319310313817296898
Christopher J. Hale,"11/02/2020, 19:31:37",üëÄ https://t.co/TJU59WL1ax,https://twitter.com/chrisjollyhale/status/1323347046049419264
Delina DiSanto,"10/26/2020, 00:43:31","We need this kind of compassion and human understanding in our White House and around our nation. I will bring this back to #AZ04. @JoeBiden will bring it back to the White House.
https://t.co/gyklZbvrTm",https://twitter.com/delina4az/status/1320526438072635392
Pam Keith,"10/21/2020, 01:14:41","Read this statement. 

I‚Äôm thinking this is money laundering &amp; graft.

In the case of Deutsche Bank, rubbles get deposited in DB Moscow, an equal amount of $$ gets ‚Äúloaned‚Äù out in New York. 

All parties know who owes whom.

That‚Äôs called being ‚Äúcompromised.‚Äù https://t.co/TpruAT1hrp",https://twitter.com/PamKeithFL/status/1318722341833220096
Nate McMurray,"10/22/2020, 05:45:12","He was county clerk. Is Erie County in great shape? We have the worst job market in the entire country, even before COVID. He takes no responsibility for any of this. Do you really think he's going to change things when he's in office? Really?",https://twitter.com/Nate_McMurray/status/1319152808915062790
Joe Mackey,"10/31/2020, 20:02:04","Don‚Äôt be scared away!

There are only a few days left to cast your vote, and your voice deserves to be heard. Help Joe Mackey #FlipThe4th! YOU could be the difference in this race, and the most terrifying option of all would be to NOT vote in this vital election. https://t.co/rUx4WQmghF",https://twitter.com/joe4hoosiers/status/1322629935211646981
Kristy Gnibus,"10/09/2020, 23:01:15",@SeanFedorko My favorite gym!,https://twitter.com/Kristy4PA/status/1314702496040996865
Christopher M. Ward,"10/28/2020, 13:02:18","Investment in our ports, roads, highways, bridges, and other infrastructure is crucial to the development and prosperity of southeastern NC.  Port of Wilmington sets record, welcomes largest ship to date https://t.co/K6c1TfGWYg",https://twitter.com/WardCongress/status/1321437132427268096
Scott Huffman,"10/29/2020, 14:20:04",Too late to mail your ballot! Deliver it in person if you can! #nc13 https://t.co/jCWpW92oM9,https://twitter.com/HuffmanForNC/status/1321819090474905606
Joan Greene,"10/17/2020, 03:18:31",@BobDulong @RepAndyBiggsAZ We will do it together!,https://twitter.com/joangreeneaz/status/1317303951436308481
Mia Mason,"10/08/2020, 12:17:02","Just a reminder that I do not accept any corporate PAC money, no money from the Fossil Fuel Industry, and as a grassroots campaign we graciously receive donations from #friendsofmia like YOU. 

To donate to #Mia4MD please go to:
https://t.co/gQ93neC1gP
Thank you! https://t.co/pMpQoltS14",https://twitter.com/Mia4MD/status/1314177986564943873
Joyce Elliott,"10/13/2020, 00:25:35","The difference could not be more clear. I‚Äôll fight to lower healthcare costs, ensure pre-existing conditions are covered, and expand access to healthcare. French Hill voted to cut healthcare over a dozen times, even in the middle of a pandemic. #ARPBSDebates https://t.co/4w2NQCqCwF",https://twitter.com/xjelliott/status/1315810883390640129
Lindsey Simmons,"10/04/2020, 13:32:42","30 days to go! See you soon!

üîπMcGirk
üîπJamestown
üîπClarksburg
üîπLupus
üîπPrairie Home
üîπBunceton
üîπOtterville
üîπClifton City
üîπPilot Grove
üîπBlackwater
üîπBoonville
üîπWindsor Place
üîπWoolridge
üîπRocheport
üîπMidway
üîπHuntsdale
üîπMcBaine
üîπPierpont
üîπHartsburg

#MO04GravelTravel",https://twitter.com/LynzforCongress/status/1312747474067611653
Betsy Dirksen Londrigan,"10/16/2020, 17:41:41","A5: Educate yourself about the available resources and different options to vote. Despite the lies, your vote will count ONLY if you actually vote. Go to https://t.co/9oZwxAiwoY and make a plan to vote. Share resources &amp; your plan with your friends! #ELGOTV https://t.co/Blaw7iAfWK",https://twitter.com/BetsyforIL/status/1317158788957351936
Mia Mason,"10/04/2020, 14:11:05","We need to Flip Maryland's District 1 Blue by Voting for Mia Mason! We need your help to do it! Join in now for  Phone Banking for Worcester County!

It's easy &amp; if you need training email benjamin@miadmason.us

https://t.co/Z99F8CPifY https://t.co/pVUcGitsJG",https://twitter.com/Mia4MD/status/1312757135114219521
David Kim,"10/24/2020, 21:58:28",@AdamMar38740276 @ethanmarten Yes!,https://twitter.com/DavidKimForCA/status/1320122512714379264
Cameron Webb,"10/13/2020, 18:32:30",An extension must be granted for voter registration in Virginia as a result of the major technical issues the system has encountered today. No one should lose the opportunity to vote simply bc the website was down. We must strengthen our systems to protect opportunities to vote. https://t.co/jimB6aw447,https://twitter.com/DrCameronWebb/status/1316084412937916418
Kim Mangone,"10/17/2020, 03:46:20","I'm the Dem running against Kevin McCarthy. In light of Trump paying only $750 in income taxes, we'd like to raise $750 in the next few hours to demonstrate how little that is. Please retweet and chip in right now to prove that point: https://t.co/DgokYislz7",https://twitter.com/KimMangone/status/1317310954808303616
George Petrilli,"10/09/2020, 19:25:51","@RepLaHood @RepLaHood Looks like it would have been a good format for public debate on some of those issues and potential future policies. I'll check with Verizon, I must not be getting my messages. #IL18",https://twitter.com/GeorgePetrilli/status/1314648288281407488
Nate McMurray,"10/26/2020, 21:29:44","I just played some of my young staff ‚ÄúBorn to Run.‚Äù Amazingly, they never heard it before. It was like time stood still. 

Chills @springsteen üá∫üá∏",https://twitter.com/Nate_McMurray/status/1320840058979688448
Phil Ehr,"10/12/2020, 00:33:28","This Wednesday starting at 12:30 PM CT, we will be hosting a National Security Roundtable on Facebook Live with @FrankenforIowa, @FrankFigliuzzi1, and @LuisMorenolg! 

Tune in via Facebook to hear us discuss issues of national security, answer important questions, and more.",https://twitter.com/PhilEhr/status/1315450477904113666
David Kim,"10/06/2020, 21:07:42",See you there! https://t.co/kh6f2VXXIu,https://twitter.com/DavidKimForCA/status/1313586757242421252
Russell Foster,"10/25/2020, 00:55:53","The GOP is the party of self-promotion. They claim to hate Hollywood &amp; celebrity, but they desperately seek fame out by constantly trying to promote themselves &amp; making themselves famous. I just want to get to work and accomplish things for our fellow citizens. Why don't yall?",https://twitter.com/RussellFosterTX/status/1320167161676107776
Joyce Elliott,"10/17/2020, 21:40:57","Thank you Little Rock!

This election is Willisville vs. Wall Street. 

The choice is clear: I look out for Willisville and all our Arkansas communities, and French Hill only looks out for Wall Street.

I know you, I see you, and I will fight for you! https://t.co/NVPWqFbZoT",https://twitter.com/xjelliott/status/1317581390326779904
Audrey Denney,"10/29/2020, 21:12:27",So @auctnr1 @USRepLong put such little effort into his reelection campaign he just copied Vicky Hartzler's website and can't remember how long he's been in Congress. (Please admire my MS Paint skills and #WriteInAudrey.) https://t.co/1YBh1V5K0F,https://twitter.com/Audrey4Congress/status/1321922871866904580
Phil Arballo,"10/05/2020, 19:07:34","I need 2,000 retweets on this. I'm the Democrat running against Devin Nunes. At the beginning of the pandemic, Devin was one of the most irresponsible congressman, spreading dangerous disinformation. Even calling the closing of schools in CA ""overkill"". https://t.co/W12m4fLS9d",https://twitter.com/PhilArballo/status/1313194134048403457
Shahid Buttar,"10/17/2020, 16:00:35","@davidsirota There‚Äôs a 5th act that corporate media sources refused to cover.

We can‚Äôt overlook the role of corporate Democrats in paving the path of the right wing by refusing to use all their tools to protect the Court.

Consider that yet another reason to #ReplacePelosi. https://t.co/VlpuooGyFI",https://twitter.com/ShahidForChange/status/1317495735273676801
Braylon Harris,"11/01/2020, 02:12:07","THINK ABOUT IT...

WHO WILL BEST HELP OUR NATION HEAL ON  
                         NOVEMBER 4TH? #LA03 https://t.co/ggFBiJPp7f",https://twitter.com/Harris4US2020/status/1322723062664568834
Elizabeth Hernandez,"10/22/2020, 21:54:38","@kathrynresister @InfamousResists I‚Äôm doing well. Tired, but super excited! In the final stretch!!",https://twitter.com/LizForTX8/status/1319396772574302209
Shahid Buttar,"10/31/2020, 14:49:59","@NicholsUprising We know another entrenched Washington politician who refuses to debate an opponent of color.

The last time Pelosi showed up for a debate was 1987!

Incumbents who duck debates disrespect their constituents. Refusing to debate challengers of color also enables political racism. https://t.co/AnqlK6qZWX",https://twitter.com/ShahidForChange/status/1322551398471401472
Aaron Paul Godfrey,"11/01/2020, 22:01:15",@MollyJongFast My thoughts exactly. Why do they think this helps?,https://twitter.com/GodfreyForOH16/status/1323022315517607941
Alexandra Owensby,"10/31/2020, 04:09:13",@deberpea @LisaHagan7 Thank you all for your support and VOTE!!! üó≥,https://twitter.com/AMOwensby/status/1322390144394104832
Cameron Webb,"10/13/2020, 02:29:21","Day 26: 10/12

Today's #HispanicHeritageMonth goes to the brilliant, creative minds behind the film Birdman: Alejandro Gonz√°lez I√±√°rritu, Nicol√°s Giacobone &amp; Armando B√≥. All three are groundbreaking artists in their own right &amp; together they made a masterpiece.

üì∏Jason Merritt https://t.co/qQYTLCYCaq",https://twitter.com/DrCameronWebb/status/1315842030271115266
David Kim,"10/03/2020, 19:00:27","Humanity First           Community First
                            ü§ù
                      #Yang4Kim 
FLASH SALE TICKETS HERE TODAY ONLY: https://t.co/W23sfR2WHI https://t.co/ZIkaAw5Njs",https://twitter.com/DavidKimForCA/status/1312467568041492481
Mike Siegel,"10/26/2020, 16:53:48","We are fighting for equality and justice. For common sense and common decency.

And for the simple act of representation.

People are suffering in #TX10, and McCaul won‚Äôt even listen. Luckily, his time is almost up. https://t.co/nwr0c9Un5U",https://twitter.com/SiegelForTexas/status/1320770617214410759
Jon Hoadley,"10/18/2020, 20:41:33","We have some GREAT news!

Senator @EdMarkey is endorsing our campaign!

We're working hard to flip #MI06 - will you join us? ‚¨áÔ∏è

https://t.co/SRgQZH8MYt https://t.co/4KYrSeyfRu",https://twitter.com/JonHoadley/status/1317928827847385090
Ike McCorkle,"10/07/2020, 22:20:13","""A house divided against itself cannot stand""
    -Abraham Lincoln

This is why when I get elected into congress, I vow to listen to all constituents. To those who vote for and against me.

The only way forward is together! https://t.co/oK9V9Th0b0",https://twitter.com/Ike4CO/status/1313967394889424896
Scott Huffman,"10/31/2020, 17:32:38",Peaceful protests for Souls to the Polls &amp; Black Lives Matter turned violent because law enforcement tried to take the sound equipment. Proper permits were issued #BLM #SoulsToThePolls https://t.co/wJlqH3ZNaN,https://twitter.com/HuffmanForNC/status/1322592328503144449
Matthew Best,"10/24/2020, 17:49:10",CDC warns multi-state Listeria outbreak from deli meats - CNN https://t.co/N30rJzmY0x,https://twitter.com/BestforKY/status/1320059774197764097
Kim Mangone,"11/02/2020, 17:04:05","We have a real shot at beating Kevin McCarthy. If everyone who saw this chipped in just $33, we would blow our fundraising goals out of the water. Please retweet and chip in here to be a part of our victory over Kevin McCarthy: https://t.co/X1MLW3k0YT",https://twitter.com/KimMangone/status/1323309918393303041
Scott Huffman,"10/19/2020, 19:17:39","Had another Republican voter tell me he voted for me today in Davidson County! 

#VoteLikeYourLifeDependsOnIt 
#NC13 
#BlueWave2020 https://t.co/pykhIwy1h1",https://twitter.com/HuffmanForNC/status/1318270104732340225
Aaron Paul Godfrey,"10/27/2020, 13:18:35",@MK_McMaster @RobertsOhioD6 @EricaCCrawley @LettsGoOhio @HillaryMueri @BetsyRaderOH @JenniferBrunner @JudgeJackOD @RobinsonForOH @NickRubando @EmiliaSykesOH @Juanita_Brent For the interested....... https://t.co/CQ7LZZ7Lqf üòÉ,https://twitter.com/GodfreyForOH16/status/1321078844686819328
Lindsey Simmons,"10/05/2020, 20:02:24",I'm voting for Joe Biden.,https://twitter.com/LynzforCongress/status/1313207934655094785
Alaina Shearer,"10/22/2020, 12:20:39","Watch and share my first major interview by a DC reporter dedicated to the Ohio delegation ‚Äî the one and only @TaylorPopielarz. 

Not surprisingly: 

Troy Balderson did not agree to an interview for this story.ü§Ø https://t.co/cXCvQJvpPW",https://twitter.com/alainashearer/status/1319252325966532608
Shannon Freshour,"10/08/2020, 01:14:29","He burned the plagerism line way too early..  

And he can't defend this and lies",https://twitter.com/ShannonFreshour/status/1314011247495569410
Hiral Tipirneni,"10/20/2020, 16:00:45","I am grateful to have earned the endorsement of @ActiveRetirees. 
In DC, I'll fight on behalf of the tens of thousands of seniors who call #AZ06 home to:
 
üë¥üèªprotect Social Security
üíälower the cost of Rx drugs
üë©üèΩ‚Äç‚öïÔ∏èensure that everyone has access to quality, affordable health care https://t.co/SzjTXoNzHf",https://twitter.com/hiral4congress/status/1318582938309595136
Kate Bolz,"10/26/2020, 22:37:36","Tweets with Kate ‚Äì Episode 2!

Today's tweets cover: 
- Republicans for Kate
- Canines for Kate
- A sheep named Polly https://t.co/CFVVdFLuhP",https://twitter.com/katejbolz/status/1320857137191493639
Diane Mitsch Bush,"10/07/2020, 18:07:48","And on top of all that, I've agreed to 4 (f o u r) debates. 

Boebert has either declined or not accepted all four invitations. 

The voters deserve a clear, honest discussion about the issues before they pick the first congresswoman to represent #CO03.",https://twitter.com/RepDMB/status/1313903870318436353
Stephen Daniel,"10/31/2020, 17:49:14","Republicans are frightened by the high turnout.

Everyone have a Happy Halloween and vote on #ElectionDay to avoid the scary outcome of two more years of Ron Wright in office.

üéÉüëª

#TX06 https://t.co/1a8G7Tl5pN",https://twitter.com/stephendaniel/status/1322596508206850049
Tracy Mitrano,"10/11/2020, 13:22:56","üçÇToday, we're excited to be at Millstone Farm in #ScioNY to share exciting news about the campaign. I also love to hear your comments and take questions. The event starts at 1 p.m. Come grab a lawn sign, and feel free to bring a friend or two. I can't wait to catch up! #NY23 https://t.co/IdscWm66uX",https://twitter.com/MitranoForNY23/status/1315281732636151808
E. Thomasina Marsili,"10/11/2020, 20:32:56",@MikeEspyMS,https://twitter.com/Hope_IN8/status/1315389946086207488
Mia Mason,"11/02/2020, 08:44:05","Mia will invest in building sustainable infrastructure to combat climate change and strive towards net-zero carbon emissions. This is an opportunity to create thousands of good-paying jobs on the Eastern Shore! 
#environment #cleanenergy #Mia4MD #votemia https://t.co/E37wUvb9TG",https://twitter.com/Mia4MD/status/1323184089730613255
Dani Brzozowski,"10/03/2020, 23:08:40","1 month. 31 days. 

With Election Day right around the corner, it's extremely important now more than ever to get involved in the movement. With your help, I know that we can win this race. Sign up below and together we'll flip #IL16! üëá

https://t.co/CvLrEeVbQo https://t.co/z4w8gaNQp4",https://twitter.com/DaniForCongress/status/1312530034574282753
Lee Ann Dugas,"10/23/2020, 23:11:48","@katezut No at most polling places there are signs that say, NO WEAPONS, No Campaigning within 200 ft of polling place. some Rules vary from State 2 state. I do Know that Even in open carry states, Weapons R NOT Allowed at voting places,",https://twitter.com/LeeDugas2001/status/1319778579526389760
Kim Mangone,"10/22/2020, 18:33:42","Thanks to you, beginning on Tuesday this ad is going up on TV against Kevin McCarthy. I need your help to make sure our ad stays in TV through Election Day. Please retweet &amp; chip in here: https://t.co/fQrZhzu2dN",https://twitter.com/KimMangone/status/1319346207139991558
Kate Bolz,"11/02/2020, 22:20:02","Vote for Kate Bolz! Honk for Kate Bolz!

#NE01 #Katecares https://t.co/vI1Rud5rAS",https://twitter.com/katejbolz/status/1323389433153019906
Eugene DePasquale,"11/01/2020, 13:43:03","Learned from @BenDePasquale this am that @MeetThePress &amp; @MSNBC political news music üéµ scores done by John Williams. Which begs the question, which great scores hasn‚Äôt he done? #MAYTHEFORCEBEWITHYOU #Election2020",https://twitter.com/DePasqualePA/status/1322896942091931649
Joe Mackey,"10/15/2020, 11:21:24",@KurtRedmon I‚Äôd find out what chemicals the EPA has cited and I‚Äôd have a sample of your water tested for the same.,https://twitter.com/joe4hoosiers/status/1316700700336951296
Jerry Hilliard,"10/05/2020, 14:08:58",@qbitbee @audreywatters The poverty could have been easily fixed by a better stimulus were it not for a reluctance on the part of Republicans to help people who need it the most. Death is forever!,https://twitter.com/HilliardForCong/status/1313118990076645377
Nate McMurray,"10/24/2020, 12:46:28","VOTE TODAY! You want crush this gerrymandered system? Want to stop inept candidates who are crooks or can‚Äôt event vote right? 

VOTE DEMOCRAT FOR STATE SENATE AND ASSEMBLY 

GO BLUE FROM BIDEN TO THE BOTTOM OF THE BALLOT üíôüíôüíôüíôüíôüíôüíôüíôüíôüíôüíôüíôüíôüíôüíôüíôüíôüíôüíôüíôüíôüíôüíôüíôüíôüíôüíôüíôüíô",https://twitter.com/Nate_McMurray/status/1319983596585746440
Shahid Buttar,"10/15/2020, 23:11:49",Any judicial nominee unable to answer basic legal questions should be considered unqualified. #NoConfirmationUntilInauguration https://t.co/ATavoftolw,https://twitter.com/ShahidForChange/status/1316879479600345090
Matthew Best,"10/03/2020, 22:55:02",#America #Kentucky #KY5 #Best2020 #Best4KY #VOTE #RegisterToVote https://t.co/VGsqHHKB9W,https://twitter.com/BestforKY/status/1312526601913995264
Devin Thorpe,"10/31/2020, 19:48:03","Watch @CatherineVoutaz's two minutes on the #bluetahrally here: 
https://t.co/f6vDsZQEg9

#letsbeboldtogether #UtahValues #BoldSolutions #UTpol",https://twitter.com/devindthorpe/status/1322626408833638400
Tom Watson,"10/13/2020, 17:30:27","This Thursday at 6pm Tom will be joined by Clayton Tucker Democratic candidate for Texas Senate District 24.
#21toWin #Texas #Abilene #TurnTexasBlue https://t.co/SWH7umBouR",https://twitter.com/TomWatsonTX19/status/1316068799888715779
Rishi Kumar,"10/27/2020, 22:07:29",https://t.co/1KGKAVePjP,https://twitter.com/rishikumar1/status/1321211947854028808
Kim Mangone,"10/25/2020, 21:42:02","This is important. We have a real shot at beating Kevin McCarthy. If everyone who saw this chipped in just $12, we would blow our fundraising goals out of the water. Please retweet and chip in here to be a part of our victory over Kevin McCarthy: https://t.co/ldaEEjXWrp",https://twitter.com/KimMangone/status/1320480764387942400
Tricia Zunker,"10/26/2020, 13:51:43","In his short time in Congress, my opponent has cast bad vote after bad vote. Vote Tricia Zunker for Congress to restore real representation in Wisconsin's Seventh Congressional District. #WI07 https://t.co/98A6zFeiez",https://twitter.com/TriciaforWI/status/1320724794451480576
Nick Rubando,"10/31/2020, 13:44:14",Happy Halloween! Don‚Äôt forget to vote. Today‚Äôs early voting hours are 8:00am-4:00pm and tomorrow from 1:00pm-5:00pm. #Flipthe5th https://t.co/WNC3ORY1mW,https://twitter.com/NickRubando/status/1322534848817516545
Braylon Harris,"10/22/2020, 23:39:29",It‚Äôs abt tht time you don‚Äôt want to miss this! #LA03 #harris4USALL https://t.co/4yLSofkKmy,https://twitter.com/Harris4US2020/status/1319423158202421250
Shahid Buttar,"10/21/2020, 23:05:40",@NaomiAKlein @democracynow Democrats could stop the Barrett nomination‚Äîif Pelosi chose to do so. https://t.co/1vf5h4NsNt,https://twitter.com/ShahidForChange/status/1319052262509965312
Scott Huffman,"10/19/2020, 10:06:46",@clcsworld24 Thank you so much.,https://twitter.com/HuffmanForNC/status/1318131469190074368
Nate McMurray,"10/23/2020, 01:27:45",Say it right now Trump. Denounce Putin!,https://twitter.com/Nate_McMurray/status/1319450404560736257
Pam Keith,"11/01/2020, 01:42:56","It really bothers me that the Biden team cancelled their event in TX. 

I get that safety comes first, but NOTHING good comes from kowtowing to bullies. 

They got the outcome they wanted. Expect them to do it again.

When they go low, MAKEüò†THEMü§®PAYü§¨!‚úäüèΩ",https://twitter.com/PamKeithFL/status/1322715717972729856
Hosea Cleveland,"10/07/2020, 16:31:24",Health care is a human right.,https://twitter.com/ClevelandHosea/status/1313879610816421889
Kim Mangone,"10/06/2020, 00:45:01","We are a little less than $4,000 away from being able to do our second TV buy against my opponent Republican Kevin McCarthy. Help us stay on TV here: https://t.co/oOAQh7V7XB",https://twitter.com/KimMangone/status/1313279057857900545
Elizabeth Hernandez,"10/19/2020, 03:17:31",Is it just me or do the NFL players really seem to be having more fun playing without fans?,https://twitter.com/LizForTX8/status/1318028478915268609
Phil Ehr,"10/25/2020, 21:32:00","I promise to fight for you, the common American people ‚Äî not for corrupt allies, big heads in Washington, or millionaire lobbyists.",https://twitter.com/PhilEhr/status/1320478239416934400
Scott Huffman,"10/22/2020, 23:43:56","12 days before Nov 3rd. Can 12 donors or more help us raise $500 before midnight? My Republican opponent has accepted millions from DC insiders. He said he was an outsider. Oops.
https://t.co/g6gaSnuGCU.",https://twitter.com/HuffmanForNC/status/1319424280560545792
Andy Ruff,"10/08/2020, 18:27:03","Had some of my thoughts on Trey Hollingsworth, partisan divisiveness and Indiana voter disenchantment published today in the Louisville @courierjournal. 

It's time to put a Hoosier back in the house, Kentuckiana! https://t.co/Gs3Wn7AVbQ",https://twitter.com/AndyRuffIN9/status/1314271101535608832
Christopher J. Hale,"10/22/2020, 14:30:55",@wheresthetamale I think I‚Äôm supposed to be there this weekend! I‚Äôll come say hey,https://twitter.com/chrisjollyhale/status/1319285109380374531
Elizabeth Hernandez,"10/29/2020, 17:12:12",@Lonestarmomcom @Amanda93851591 @Kch4Texas @GiveNoFuxMichy @MarilynCapps @pumbarger @JaybeeStewee @natalie_coburn @dadderley @dixielolo @Divinity11 @dylanmsmitty @SiWeCan @ReginaHouTX @Paula_Dockery @Katj512 @HeatherEdward18 @RRod5517 @JimGaffigan @hurlibon @ClarkHall3 @mjhegar https://t.co/SXVZypEnzJ,https://twitter.com/LizForTX8/status/1321862412274929665
Kim Mangone,"11/02/2020, 16:38:12","We have a real shot at beating Kevin McCarthy. If everyone who saw this chipped in just $25, we would blow our fundraising goals out of the water. Please retweet and chip in here to be a part of our victory over Kevin McCarthy: https://t.co/X1MLW3k0YT",https://twitter.com/KimMangone/status/1323303405448695808
Alexandra Owensby,"10/30/2020, 19:24:32",I applaud this decision! I think when a county moves to orange status the school districts should assess which in-person learners have the ability to move to NTI and when a county goes red they should require those who have the resources to learn from home to do. https://t.co/3fWoJ2Pk1B,https://twitter.com/AMOwensby/status/1322258101207212041
David Kim,"10/31/2020, 00:40:26",There‚Äôs nothing I want more than watching our community succeed &amp; get real representation. We deserve a Rep who tells us the truth even if it‚Äôs not what we want to hear. It‚Äôs time to stop treating this race like a meaningless competition. Our neighbors‚Äô futures are at stake. 9/9,https://twitter.com/DavidKimForCA/status/1322337601077075968
Michael Muscato,"10/29/2020, 00:48:06","Why are businesses closing again? Why can‚Äôt your kids go to school? Why is Thanksgiving cancelled?

Because Debbie Lesko (or maybe one of her four aliases) is out there super spreading COVID with Trump and others while the economy craters.

Elections have consequences. Vote.",https://twitter.com/michael_muscato/status/1321614754637471744
Donna Imam,"10/24/2020, 03:05:43",Requiring postage on a mail in ballot is a poll tax.,https://twitter.com/donnaimamTX/status/1319837447874891782
Nate McMurray,"11/02/2020, 21:30:31","Push! One more day! Be hopeful. But vote. 

Vote en masse!

With love and thanks,
Nate https://t.co/tjydNcTNJk",https://twitter.com/Nate_McMurray/status/1323376969703165955
Scott Huffman,"10/30/2020, 15:39:40","Hey guys, I just wanted to say ""thanks."" 

A lot of candidates and politicians hate looking at their twitter feed. But, mine is full of awesome people who show such warmth and kindness. 

So, thank you. 
ok, back to work! #nc13",https://twitter.com/HuffmanForNC/status/1322201512899203073
Pam Keith,"10/08/2020, 00:43:12","Boss Ass Queen!

Just bringing massive talent and unbelievable focus to the game. A great new star! https://t.co/aJqvAnob0s",https://twitter.com/PamKeithFL/status/1314003377601368067
Nate McMurray,"10/27/2020, 16:54:06","Do not naively believe those long lines mean we are safe. 

WE ARE NOT

The blue wave must finally hit WNY We need to send a message: TRUMPISM MUST END. If Biden only squeaks out a win, and if Trump‚Äôs followers here win, we‚Äôre gonna be dealing with Trumpism for years. 

GOTV!üá∫üá∏",https://twitter.com/Nate_McMurray/status/1321133081856794626
Vanessa Enoch,"10/27/2020, 04:51:20","I am trying to determine whether our government has always been this corrupt and irresponsible, or if I have just been living under a rock! If it is the latter, I thank God for those years of unadulterated bliss. I feel like we are living in an alternate universe! #VoteThemOut",https://twitter.com/DrVEnoch/status/1320951190012727298
Patricia Timmons-Goodson,"10/17/2020, 14:19:13","@harrisonjaime is right. This election is not about what we are against, it is about what we are for and the brighter future we want for the country we love. 

If you are ready to bring change to Washington, then join us here: https://t.co/Dnp9H5OcAb https://t.co/SHnkc20Fz3",https://twitter.com/TimmonsGoodson/status/1317470222945845250
Pam Keith,"10/23/2020, 14:37:22","FACTS.

The almost slavish obsession with ‚Äúboth-sides-erism,‚Äù that necessitates something good to be said about Trump if something good is said about Biden, corrodes and corrupts intellectual discernment in our media to a shocking and frightening degree. https://t.co/nTjP8WocOm",https://twitter.com/PamKeithFL/status/1319649117598081024
David Kim,"10/27/2020, 13:26:47",@MartyModerate Yes.,https://twitter.com/DavidKimForCA/status/1321080905809756165
Patricia Timmons-Goodson,"10/09/2020, 16:13:00",It's so critical that folks get out to vote. A good reminder from @kdeviere! https://t.co/smpAvkPN9N,https://twitter.com/TimmonsGoodson/status/1314599757273329665
Ammar Campa-Najjar,"10/10/2020, 01:01:53",https://t.co/P9Yqawaz9L,https://twitter.com/ACampaNajjar/status/1314732854790684673
David Kim,"10/30/2020, 18:23:31","There‚Äôs something special about seeing üß¢, üåπ, and üåä Twitter come together to say #VoteDavidKim.",https://twitter.com/DavidKimForCA/status/1322242744669114369
Matthew Best,"10/30/2020, 19:34:31",Red Zone Recommendations from the Governor‚Äôs office. #Kentucky https://t.co/HccC0yZ6bg,https://twitter.com/BestforKY/status/1322260613905686528
Devin Thorpe,"10/07/2020, 19:04:34",@ExplorerLaMont @uwork4utah @JoeBiden @PeteButtigieg @KamalaHarris It made mine!,https://twitter.com/devindthorpe/status/1313918156579065856
Christopher J. Hale,"10/23/2020, 00:51:44","This was sent to me from outside the venue. 

I must say that I never thought I would see a dude in a Knicks jersey holding a HALE YES sign in downtown Nashville. üòÇ https://t.co/fg0wyJ2OuN",https://twitter.com/chrisjollyhale/status/1319441340791459840
Lindsey Simmons,"10/28/2020, 00:36:30","I am *SO* pumped for this. We value transparency around here AND we value your voice--so between now and Thursday you can buy your own 30 second commercial to #MoveMO04ward.

From $25 bucks to $400 you + your friends can fund your own #LynzLegion ad!

https://t.co/aeg7thuCN7",https://twitter.com/LynzforCongress/status/1321249446785667072
Christopher J. Hale,"10/25/2020, 23:44:36",Happy Halloween from the @UAW Local 1853 Trunk or Treat celebration! https://t.co/l2BavONvr7,https://twitter.com/chrisjollyhale/status/1320511612416086016
Pam Keith,"10/24/2020, 00:57:46",Yup https://t.co/g6DpChU25V,https://twitter.com/PamKeithFL/status/1319805246193848324
Nancy Goroff,"10/13/2020, 22:13:26","The latest poll shows NY-01 is neck-to-neck! Nancy's vision of bringing science to Congress is inspiring people in Suffolk. LI is tired of ‚Å¶@leezeldin‚Å© putting politics first, and voters are sending a clear message that it's time to #FlipNY01! https://t.co/uyCvnhfdve",https://twitter.com/ngoroff/status/1316140013420249094
Sima Ladjevardian,"10/27/2020, 23:59:10","‚òëÔ∏è Make it easier than ever to vote in-person

‚òëÔ∏è Surpass 1.2 million votes a week before E-Day

‚òëÔ∏è Go from worst to first in voter turnout

üü¶ Next check on the list? #TurnTexasBlue üíô https://t.co/VrmjwbmyjP",https://twitter.com/SimaforTX/status/1321240051305635840
Lindsey Simmons,"10/12/2020, 17:44:57","The last person put on the court without a unanimous well-qualified rating was Clarence Thomas who received a ""substantial majority qualified"" and ""minority not qualified"" rating.",https://twitter.com/LynzforCongress/status/1315710060010631168
Scott Huffman,"10/14/2020, 17:05:52","My opponent is sitting on $1.5 million in Corporate PAC Donations. This is who he is. He's dangerous.

We need to defeat these mean but we can't do it without you guys. Any little bit that you can get us before the end of the quarter tomorrow is HUGE.#NC13 https://t.co/RqksKpJEo6 https://t.co/L5FckzSgFZ",https://twitter.com/HuffmanForNC/status/1316425001017409542
Elizabeth Hernandez,"10/22/2020, 21:44:11",@kathrynresister @InfamousResists Thank you! How you been?,https://twitter.com/LizForTX8/status/1319394142519234562
Nate McMurray,"11/02/2020, 12:06:50",üò¶ https://t.co/x6LhApLWkW,https://twitter.com/Nate_McMurray/status/1323235116517412864
Kate Bolz,"10/21/2020, 21:13:03","The title says it all.

Read more here: https://t.co/snwXLaytGy",https://twitter.com/katejbolz/status/1319023919991525380
Liam O'Mara,"10/08/2020, 22:05:54","We're pulling ahead of Ken in this poll. If you support #Liam4All, get in here and make your voice heard! Let's show #CrookedKenCalvert what's coming!
https://t.co/K14YuycyV6 https://t.co/zRQiuU59Hk",https://twitter.com/LiamOMaraIV/status/1314326179919192064
Kim Mangone,"10/28/2020, 07:54:43","@Martina We have a real shot at beating Kevin McCarthy. If everyone who saw this chipped in just $26, we would blow our fundraising goals out of the water. Please retweet and chip in here to be a part of our victory over Kevin McCarthy: https://t.co/9LLStNErBA",https://twitter.com/KimMangone/status/1321359728916586503
Christopher J. Hale,"11/01/2020, 17:50:45","I‚Äôm pro-life Christians‚Äô best choice in this election, and it‚Äôs not even close. https://t.co/Nd1wgF61Lf",https://twitter.com/chrisjollyhale/status/1322959277716328449
Kim Mangone,"11/01/2020, 23:22:08","We have a real shot at beating Kevin McCarthy. If everyone who saw this chipped in just $40, we would blow our fundraising goals out of the water. Please retweet and chip in here to be a part of our victory over Kevin McCarthy: https://t.co/j3XxIIDKXw",https://twitter.com/KimMangone/status/1323042672286687232
David Kim,"10/09/2020, 18:43:08","I don‚Äôt like being reactive, but I draw the line at my opponent DECEIVING my neighbors AGAIN.

Rep. Gomez, your record is public. We know you voted to increase ICE funding and associate with ICE‚Äôs private prison companies behind closed doors.

Why can‚Äôt you just be honest?",https://twitter.com/DavidKimForCA/status/1314637537193922560
Celeste Williams,"10/13/2020, 20:27:15","üö® Happening now! üö®

https://t.co/jWAYATda5H",https://twitter.com/CelesteforAR/status/1316113292876828674
Sima Ladjevardian,"10/14/2020, 02:16:12","Tonight‚Äôs drive-in rally was something special. To @DrBiden and every Texan who came together, honked horns, and made lots of noise: thank you. 

The energy is real, and it‚Äôs time to take it to the polls. The health of our democracy and our nation depend on it.

#BidenHarris2020 https://t.co/cwNL5vmdIw",https://twitter.com/SimaforTX/status/1316201108625293313
Ben McAdams,"10/15/2020, 20:04:16","""Utah voters will begin receiving ballots in the mail this week as election officials make two special requests: Please vote early, and vote by mail instead of waiting to come to an in-person election center on Election Day Nov. 3."" #utpol https://t.co/ZZmoAQYxkg",https://twitter.com/BenMcAdams/status/1316832281932165120
Pat Hackett,"10/30/2020, 15:38:57","We need 50 more volunteers in the next few days to #GOTV for Pat Hackett in #IN02! We have thousands of phone calls to make, but if we all do a little we can accomplish a lot.

Sign up here: https://t.co/4dIeilWb9e https://t.co/Px9dY23sxO",https://twitter.com/HackettCongress/status/1322201331038388225
Jessica King,"10/07/2020, 12:05:09","There are three ways to support #JessicaKingForWisconsin and change the course of our state and nation! 1. Donate. 2. Volunteer. 3. Vote. Together, let's #FlipThe6th https://t.co/x2NZHKTpKN",https://twitter.com/JessicaKing6th/status/1313812605736300551
Nancy Goroff,"10/31/2020, 17:33:33",‚ÄúI never thought we would get to a place where we would have our president politicising basic public health advisories.‚Äù Check our Nancy‚Äôs latest in the ‚Å¶‚Å¶@guardian‚Å©! https://t.co/DHlExWyy95,https://twitter.com/ngoroff/status/1322592558246146048
David Kim,"10/05/2020, 03:24:15",@mattobando88 Thank YOU for being such an informed and aware voter. It‚Äôs people like YOU who make our community a little stronger :),https://twitter.com/DavidKimForCA/status/1312956743790587905
Nate McMurray,"10/17/2020, 12:17:19","220,000 dead. 

Second wave will be more intense.

400,000 or more dead by Christmas. 

Millions grieving. 

Do you really feel confident going into this further with Trump?",https://twitter.com/Nate_McMurray/status/1317439546544525312
Lindsey Simmons,"10/30/2020, 19:12:36","Well, Blaine, why don‚Äôt you let us know when Trump is fully investigated for bribing Ukraine + owing hundreds of millions in debt + working with the Russian mafia + granting Jared and Ivanka national security clearances they shouldn‚Äôt have + profiting off of his public office. https://t.co/OUdZWCmI24",https://twitter.com/LynzforCongress/status/1322255097380876288
David Kim,"10/08/2020, 15:43:03","@arho89 @JaxSkater Hi! My DMs are open if you have any questions about my platform or voting in general. Please feel free to reach out if you‚Äôre still weighing your options. Whoever you ultimately choose, I‚Äôd love to help inform your decision :)",https://twitter.com/DavidKimForCA/status/1314229831295524865
Dana Balter,"10/03/2020, 22:10:32","Shoutout to Team Dana staffer Jamila &amp; our awesome volunteers for registering voters on the North Side of Syracuse today!

Reminder: The deadline to register to vote in New York is next Friday, October 9th.

You can register online, in person, or by mail. 
https://t.co/mvOiXjyfYs https://t.co/OFlfQKNr3Z",https://twitter.com/dana_balter/status/1312515406746198016
Nate McMurray,"10/03/2020, 16:16:13","You did your part. 

You wore a mask. You stayed safe. You kept your family safe.

They didn‚Äôt. 220,000 people died.",https://twitter.com/Nate_McMurray/status/1312426239165173767
Kate Bolz,"10/31/2020, 17:42:20","Eric, we're going to win this ‚Äì¬†together. https://t.co/GjOtMZGULe",https://twitter.com/katejbolz/status/1322594770225631234
Kate Bolz,"10/11/2020, 22:59:10","This year, you need a health care advocate fighting for you in Congress. 

Someone who will vote FOR the CDC, not against.

Someone who will vote to PROTECT health care and pre-existing conditions, not against.

Someone who works for Nebraskans, not special interests.",https://twitter.com/katejbolz/status/1315426744741048320
Lindsey Simmons,"10/19/2020, 19:03:38","Y'all. I just wired our money for our first ads to be up on television TOMORROW!

We've got to keep them up next week, too. 

We are only $5,000 away!

I'd be so grateful if you could pitch in what you can now to help us make that goal!

https://t.co/Z1NnJ3APiz",https://twitter.com/LynzforCongress/status/1318266575791816706
Kim Mangone,"10/28/2020, 03:58:39",@kkmartin44 Thanks so much!!,https://twitter.com/KimMangone/status/1321300320853569538
Tricia Zunker,"10/19/2020, 19:30:38","There's only one clear choice in this election. Vote Tricia Zunker for Congress. If you aren't voting by mail-in absentee ballot, early in-person voting starts tomorrow in Wisconsin! Remind ten others to vote as well. No one can sit this one out. https://t.co/T1jCFYoO8O",https://twitter.com/TriciaforWI/status/1318273371063410688
Tedra Cobb,"10/27/2020, 19:23:41","We‚Äôre almost there! We need to raise another $12,000 to help us make 150,000 voter calls before Election Day. 

Can you pitch in $21 right now to help us retire @EliseStefanik and flip #NY21? 

https://t.co/XqfKSdnQ3w https://t.co/rUcjdHO3QL",https://twitter.com/TedraCobb/status/1321170723394719744
Lindsey Simmons,"10/08/2020, 01:55:05","Kamala Harris is the only person running for Vice President who smiles when she says her running mate's name.

#VPDebate",https://twitter.com/LynzforCongress/status/1314021465226870788
Scott Huffman,"10/16/2020, 16:39:09","This is what's at stake. This could be my family if Trump and Ted Budd are re-elected. I served my country and I would tell the unvarnished truth about any official. My loyalty is to YOU, not a party or a President, YOU and the Constitution. #NC13

Thank you Col @AVindman https://t.co/nmLqgt7Cvx",https://twitter.com/HuffmanForNC/status/1317143051249266688
