Christina Finello,"10/05/2020, 17:32:00","NEW: We just released our 3rd TV ad.

From my daughter‚Äôs pre-existing condition to my ongoing student loan payments, I know the challenges facing middle-class families in #PA01.

Let's send a working mom to Congress.

Donate and help spread our message: https://t.co/UXHgoYKGkJ https://t.co/vzMz7rZVQc",https://twitter.com/FinelloForPA/status/1313170084114903043
Hillary Scholten,"10/17/2020, 14:51:51","This is disappointing. Postal delays are real &amp; more folks than ever are voting absentee.

But we won‚Äôt be discouraged.

If you can‚Äôt mail your ballot in time, you‚Äôve got options: bring it to your county clerk, visit a drop box, or vote early. Learn more: https://t.co/J0milEMjoI https://t.co/FzlsAhbpgl",https://twitter.com/HillaryScholten/status/1317478437808967680
Joe Cunningham,"10/29/2020, 16:19:37","My campaign staff wouldn't let me put ""NBA Jam points leader 1995"" in my Twitter bio. So, yes. https://t.co/CBKf2SiWCF",https://twitter.com/JoeCunninghamSC/status/1321849179321282563
Wendy Davis,"10/10/2020, 17:25:05","Thank you @Statesman for your endorsement! Texans deserve a leader who takes COVID-19 seriously and puts Texas over party to address the many challenges we face today. That‚Äôs why I‚Äôm running for Congress. #TX21
https://t.co/7GbleLUhSB",https://twitter.com/wendydavis/status/1314980283381428224
"Spanberger, Abigail","10/06/2020, 17:32:44","HHS is making an additional $20 billion available from the CARES Act for healthcare providers fighting COVID-19. 

Dentists, assisted living facilities, mental health &amp; addiction services providers, and others can apply now.

Click here to learn more:

https://t.co/6aMCdrIhBX.",https://twitter.com/RepSpanberger/status/1313532658643853313
Christy Smith,"10/22/2020, 17:39:51","Last night, over 300 of you filled our Zoom rally. Volunteers win elections and will help us make the difference in this close race.

Thank you to our special guest, Congressman @tedlieu!

Sign up for a GOTV shift today ‚û°Ô∏èhttps://t.co/C1vU5GJD4A https://t.co/bj4kfgKUpj",https://twitter.com/ChristySmithCA/status/1319332653586280448
Jill Schupp,"11/01/2020, 01:12:25",Thank you to everyone who came out for day one of #GOTV! Can you join us tomorrow and help us flip #MO02? RSVP here: https://t.co/j2dzfPlcVT https://t.co/bu9i6sXOsB,https://twitter.com/JillSchupp/status/1322708038118244352
Harley Rouda,"10/08/2020, 01:55:15","My opponent's business partner/husband was embroiled in a pay-to-play scheme to connect Chinese Communist Party officials with @RealDonaldTrump. 

cc: Mike Pence #VPDebate 
https://t.co/IZ4c3Q5MXy",https://twitter.com/HarleyRouda/status/1314021509350916098
Christy Smith,"10/24/2020, 01:38:31","Young people in #CA25 represent the best of what our future can be - they‚Äôre what moves us forward.

Many ask how they can channel that sense of justice into action - I say it always starts with voting but get involved with the issue that matters most to you! https://t.co/JSXOiwhhM3",https://twitter.com/ChristySmithCA/status/1319815503938871296
Dana Balter,"10/19/2020, 16:11:20","Donald Trump has completely botched the response to COVID-19.

Because of Trump and his GOP enablers like John Katko, more than 219,000 Americans are dead, more than 30 million people lost their jobs, &amp; our kids have to face another year of disrupted education. #NY24Debate",https://twitter.com/dana_balter/status/1318223214556942337
Eugene DePasquale,"10/06/2020, 22:11:56","This is why people are fed up with Washington. People are hurting and our elected leaders can‚Äôt put egos aside and get the job done. We deserve better. This November, vote them out. #PA10
https://t.co/5Nnk8sx83D",https://twitter.com/DePasqualePA/status/1313602921322475520
TJ Cox,"10/21/2020, 02:55:11","Did somebody say renewable energy?
https://t.co/S2nRvcgocN",https://twitter.com/TJCoxCongress/status/1318747632144064514
"Spanberger, Abigail","10/07/2020, 16:53:48","On the 19th anniversary of the start of the War in Afghanistan, I'm remembering the immense sacrifices made by our servicemembers, their families, and our allies overseas. The decision to send Americans into harm's way is a monumental one, with impacts that can last for decades.",https://twitter.com/RepSpanberger/status/1313885247923204105
Hillary Scholten,"10/12/2020, 20:49:49",Big turnout today at the @KentDems One Campaign Canvass Launch! People are excited about this race and if we have all hands on deck we‚Äôll win in November. https://t.co/6HpuJFMMco,https://twitter.com/HillaryScholten/status/1315756584165924864
Betsy Dirksen Londrigan,"10/05/2020, 23:13:24","It's debate night! Sign up below to join our virtual debate watch party.

See you there! https://t.co/FsEPTMvSzw",https://twitter.com/BetsyforIL/status/1313256003241082880
Christina Finello,"10/15/2020, 20:06:00",I was almost denied healthcare b/c my pregnancy was considered a preexisting condition. People shouldn't be denied healthcare when they need it most. I'll fight to maintain protections for those w/ preexisting conditions just as I needed someone to do for me. #30ReasonsForFinello https://t.co/hrhymrxfqm,https://twitter.com/FinelloForPA/status/1316832718219427840
Hillary Scholten,"10/22/2020, 17:13:05","We're living through the greatest health care crisis in America since 1918 and my opponent, his party, and the President of the United States only have one solution: Kill the Affordable Care Act ‚Äì without a replacement.

That alone is enough to disqualify someone from office. https://t.co/VKAQJYuhhJ",https://twitter.com/HillaryScholten/status/1319325919073415170
Jackie Gordon,"10/21/2020, 19:32:47","My family moved to the United States from Jamaica when I was 7 years old to pursue a better life. I'm proud of my Jamaican heritage, and I'm a proud product of the American Dream. 
https://t.co/bN2IuRWEQ1",https://twitter.com/VoteJackie4NY/status/1318998685758476288
TJ Cox,"10/08/2020, 01:27:00","As your Rep., it's my job to advocate for your best interests; but In Congress, Valadao took advantage of his public office service and secured himself a private loan to keep his shady business dealings afloat. I always put your health &amp; safety first - because you deserve it. https://t.co/YzXO08F0iT",https://twitter.com/TJCoxCongress/status/1314014397484785664
Gina Ortiz Jones,"10/17/2020, 18:51:12","Yesterday in Del Rio, I met Irene.

Her husband works at Laughlin AFB, and she's worried about the rising cost of her medication. I'm fighting to protect and create good-paying jobs, including on our bases, and to lower health care costs for working families like Irene's. #TX23 https://t.co/JjqCrWrySI",https://twitter.com/GinaOrtizJones/status/1317538669948010503
Wendy Davis,"10/22/2020, 18:44:34","Mail-in ballot applications must be received by tomorrow. In order for your application to be timely, you should put it in the mail today and ALSO email a scanned copy by the deadline. Email and mailing address can be found here: https://t.co/797Q67u9Uw",https://twitter.com/wendydavis/status/1319348941515755520
Jon Hoadley,"10/20/2020, 13:36:07","It's truly a beautiful day to #VoteEarly .

This is the last day you should mail your ballot in. After today, it should be taken directly to a drop box or your local clerk's office.

What's your vote plan? #OctoberVoter https://t.co/Pgxt8gGPgV",https://twitter.com/JonHoadley/status/1318546541481807874
Dana Balter,"10/06/2020, 20:29:49","President Trump told us not to be afraid of a virus that has killed over 200,000 Americans.

Disinformation from the White House has fatal consequences.

By actively supporting Trump's reelection, John Katko is condoning these actions, + no lukewarm statement changes that. #NY24 https://t.co/AWeyd1s9tK",https://twitter.com/dana_balter/status/1313577222071037952
Candace Valenzuela,"10/19/2020, 13:02:08",As√≠ lograremos que los habitantes del Norte de Texas vuelvan a trabajar de manera r√°pida y segura. https://t.co/kYirR7C1of,https://twitter.com/candacefor24/status/1318175602604711936
Gina Ortiz Jones,"10/19/2020, 15:02:32","Gena served our country for 20 years in the Navy, and I'm honored to have the support of a fellow veteran! I'll always fight for our vets, military families, and servicemembers.

We have 15 days left in this election. Have you made your plan to vote? #TX23 https://t.co/p0nwUFVBMV https://t.co/iwOC79y8Cb",https://twitter.com/GinaOrtizJones/status/1318205901292113925
Wendy Davis,"11/02/2020, 19:51:53","We‚Äôll also be joined by former MA Governor @DevalPatrick tomorrow - Election Day! - at 12pm CST. Sign up here:
https://t.co/XJPJ3C9fHL",https://twitter.com/wendydavis/status/1323352147560435713
"Spanberger, Abigail","10/26/2020, 16:55:59","The bipartisan RESTAURANTS Act would improve on PPP with commonsense fixes that better fit the needs of #VA07 restaurants:
- grants, not loans
- prioritizes independent restaurants, not chains 
- funds are flexible to cover many expenses, not just payroll
https://t.co/zGNQi73kxX",https://twitter.com/RepSpanberger/status/1320771164604608512
Hiral Tipirneni,"10/15/2020, 23:13:15","TODAY is your last chance to register to #vote in Arizona!

We‚Äôve got 19 days until Election Day &amp; there is simply too much at stake to sit this one out. 

Register here &amp; let your voice be heard: https://t.co/9woUHgMzRq https://t.co/aioEJQnEvc",https://twitter.com/hiral4congress/status/1316879842126700544
Wendy Davis,"10/19/2020, 22:35:49",Join us tomorrow at 6pm CDT for a joint phone bank with @MJHegarCrew to help #GetOutTheVote! We‚Äôll have organizers available to answer any questions you may have. Sign up here: https://t.co/xC2uI74U4V https://t.co/xqARjhLsk2,https://twitter.com/wendydavis/status/1318319974415441921
Joyce Elliott,"11/02/2020, 16:00:01","Today is the FINAL day to vote early. 

If you've already voted, send 5 friends to ‚û°Ô∏è https://t.co/AAlH4bwOlW https://t.co/W9Mg8cQIjL",https://twitter.com/xjelliott/status/1323293796436746240
"Axne, Cynthia","10/08/2020, 13:29:20","Over the past year, I've pushed for transparency from our federal agencies to ensure we're tracking every federal dollar coming back to Iowa to help w/ flood recovery.

With this new grant, my Iowa Flood Funding Tracker now tracks over $600 million. #IA03

https://t.co/4Ny9KnBvwG",https://twitter.com/RepCindyAxne/status/1314196178410627073
"Axne, Cynthia","10/19/2020, 19:57:00","As Iowa faces record #COVID19 hospitalizations, we need to know what the 'plan B' is ‚Äì¬†especially for counties (like &gt;50% of #IA03) that have zero ICU beds.

I wrote to @IAPublicHealth &amp; @IowaHSEMD to ask for their contingency plans for Iowa's hospitals. 

https://t.co/yEN55jIZbT",https://twitter.com/RepCindyAxne/status/1318280004837404672
Christina Finello,"10/22/2020, 17:48:47","‚ÄºÔ∏è Bucks County is extending drop box hours for this week &amp; weekend ‚ÄºÔ∏è

üó≥Ô∏è Today, October 22nd, and Friday, October 23rd: 8:00AM - 7:00PM

üó≥Ô∏è Saturday, October 24th, and Sunday, October 25th: 12:00PM - 5:00PM

Find your nearest location at https://t.co/pJYMdDvEH5!",https://twitter.com/FinelloForPA/status/1319334903331360771
Jill Schupp,"10/29/2020, 19:17:46",".@InsideElections just upgraded our race from TOSS-UP to TILT DEMOCRAT! For #MO02, this is truly historic. We haven't sent a Democrat to Congress in more than two decades! 

But I want to be clear: This race is far from won. (1/3)",https://twitter.com/JillSchupp/status/1321894011641253889
Joe Cunningham,"10/05/2020, 13:28:43",Attention Charleston! In-person absentee voting starts today at the Coliseum! https://t.co/HAuX3szUJe,https://twitter.com/JoeCunninghamSC/status/1313108862921310208
Dana Balter,"10/08/2020, 02:30:24","The majority of Americans support Roe v. Wade.

#NY24 Rep. John Katko promised that if given the opportunity, he'd vote to overturn it.

Now, Rep. Katko supports the Trump/Pence plan to ram through the confirmation of a Supreme Court nominee who will vote to do just that.",https://twitter.com/dana_balter/status/1314030354219532288
Betsy Dirksen Londrigan,"11/02/2020, 01:01:46","üö®Polls close in just 48 hours in #IL13! 

Have you voted yet? Make a plan TODAY at https://t.co/8M07VmQngP

Already voted? Sign up to help us Get Out the Vote and talk to voters across the district to #FlipThe13th https://t.co/QRwm2O4GtA",https://twitter.com/BetsyforIL/status/1323067744338792448
Christy Smith,"10/24/2020, 16:40:59","Starting TODAY, a number of in-person voting centers are open across Los Angeles County. You can drop off your mail-in ballot or cast your vote at one of these #CA25 locations.

Just 10 days left to #Vote!

For more on voting this election, visit https://t.co/Rcts5Mhehy https://t.co/t4ZKYJbCqa",https://twitter.com/ChristySmithCA/status/1320042616377860098
Sri Preston Kulkarni,"10/14/2020, 18:06:15","It's been 27 days since I challenged @SheriffTNehls to a debate. Crickets.

If Troy Nehls won't come forward, that's fine. We'll inform #TX22 voters for him.

Visit https://t.co/3e6g7QXTOm to find out where Nehls and I stand on key issues‚Äîhealth care, #COVID19, and our records. https://t.co/noszn5sC8n",https://twitter.com/SriPKulkarni/status/1316440194812456960
Jon Hoadley,"10/18/2020, 20:41:33","We have some GREAT news!

Senator @EdMarkey is endorsing our campaign!

We're working hard to flip #MI06 - will you join us? ‚¨áÔ∏è

https://t.co/SRgQZH8MYt https://t.co/4KYrSeyfRu",https://twitter.com/JonHoadley/status/1317928827847385090
Christina Finello,"10/30/2020, 20:49:14","Over the past 4 years, Brian Fitzpatrick has consistently sided with Trump &amp; voted against middle class families. 

I'm setting the record straight before the President's visit to #BucksCounty tomorrow.

Chip in $20.20 to help us across the finish line 
‚û°Ô∏è https://t.co/UXHgoYKGkJ https://t.co/iH7mPojPsX",https://twitter.com/FinelloForPA/status/1322279417146757121
Betsy Dirksen Londrigan,"10/23/2020, 21:19:57",It's the last weekend before GOTV and we‚Äôre so excited to welcome Rep. @LaurenUnderwood this Saturday at 3pm who will talk about the importance having a plan to vote! Join us at https://t.co/eVE3d3wZx1 and we look forward to seeing you there! https://t.co/8agKeZrngG,https://twitter.com/BetsyforIL/status/1319750430667276290
TJ Cox,"11/01/2020, 02:30:00","Tr√°gicamente, el condado de Fresno agreg√≥ seis nuevos casos fatales de #COVID19 este fin de semana.
No queremos que estos n√∫meros sigan aumentando, por favor haga su parte para reducir la propagaci√≥n.
https://t.co/6ZOENPoeb7",https://twitter.com/TJCoxCongress/status/1322727560724303872
Jill Schupp,"10/12/2020, 02:38:23","Wagner's real record on health care? 

‚ùåVoted to gut protections for pre-existing conditions 5 times. 

‚ùåVoted against lowering the cost of Rx drugs. 

‚ùå Wants to repeal the ACA, even in a pandemic. 

‚ùåTakes millions from big Pharma &amp; the insurance industry &amp; votes their way.",https://twitter.com/JillSchupp/status/1315481914657198085
"Luria, Elaine","10/03/2020, 23:00:02","Time is running out for middle and high school students to send their submissions for the Congressional App Challenge! This is a chance for local students to showcase their app design and coding skills. For more information, click below. https://t.co/siWQtyb7Gz",https://twitter.com/RepElaineLuria/status/1312527860188368896
Christy Smith,"10/04/2020, 23:38:17",The simplest act of leadership is to express gratitude. When you appreciate people you don‚Äôt put them at risk.,https://twitter.com/ChristySmithCA/status/1312899874812096514
Hiral Tipirneni,"10/24/2020, 21:26:49","""I think it's about time to send a Doctor to the House,‚Äù -my hero, Phoenix's @MayorGallego opening today's event https://t.co/JpdCukeiin",https://twitter.com/hiral4congress/status/1320114549098311685
Joe Cunningham,"10/19/2020, 12:50:52",Anyone can vote in-person absentee. Avoid the long lines on election day and vote early! https://t.co/SNTOj9MSTo,https://twitter.com/JoeCunninghamSC/status/1318172766395420673
"Axne, Cynthia","10/15/2020, 13:31:39","üö® üö® ATTENTION IOWA üö®üö®

TODAY is the last day to respond to the #2020Census !

This is your last chance to get counted and ensure Iowa is fully represented.

Fill out the form and tell any friends and family who haven't yet to do the same!

https://t.co/YkRj0dtO4S",https://twitter.com/RepCindyAxne/status/1316733479518904321
Kendra Horn,"10/23/2020, 03:04:41","Here‚Äôs one of the places Biden and I disagree. We must stand up for our oil and gas industry. We need an all-of-the-above energy approach that‚Äôs consumer friendly, values energy independence, and protects OK jobs. I'll keep fighting for that in Congress. https://t.co/9fIaZ8pyY1",https://twitter.com/HornForCongress/status/1319474800901951493
Jill Schupp,"10/13/2020, 15:50:05","Rep. Wagner has spent her career in Congress working to weaken protections for people with pre-existing conditions, like Michelle, a mom in #MO02. 

Michelle knows that health care is on the ballot this year and that there's only one candidate looking out for people like her. https://t.co/Qh0BvCUBtD",https://twitter.com/JillSchupp/status/1316043539290128385
Gina Ortiz Jones,"10/05/2020, 15:06:56","Texas! Today is the LAST DAY to register to vote!¬†

‚úÖ Double check your registration
‚úÖ Get registered or update your registration if needed
‚úÖ Share this link! 

https://t.co/hZbNZVNgFS",https://twitter.com/GinaOrtizJones/status/1313133579510206466
Alan Cohn,"10/11/2020, 22:58:49",It's incredible battles we thought were fought and won like the freedom to marry who you love are at stake. On this National Coming out day celebrate your right to be who you are. And don't take your freedom for granted. VOTE! https://t.co/DPUnqG9cai,https://twitter.com/AlanMCohn/status/1315426657394667520
Ben McAdams,"10/13/2020, 00:42:09","Proud of my track record in Congress to pass legislation to protect kids from online predators, stand up to tech companies who must do more to help parents protect their kids. #utpol #utdebates",https://twitter.com/BenMcAdams/status/1315815053141049345
Jon Hoadley,"10/15/2020, 12:37:09","We üëè can üëè win üëè this

‚ÄúRepublicans in Michigan are really on the defensive, and that speaks to how bad the year could be for House Republicans,‚Äù #MI06 #DemCastMI

Phonebank: https://t.co/c4rUgfSANW

Chip in $6 to help us win: https://t.co/SRgQZH8MYt

https://t.co/dUREPHmtd0",https://twitter.com/JonHoadley/status/1316719761359855616
Jon Hoadley,"10/17/2020, 18:27:00","Just one of many GOP super PACs has spent over $645,000 in #MI06 with ads independently confirmed as false.

Making change happen is never easy, but we have an opportunity to flip this district blue for the first time in 34 years.

Help us win: https://t.co/SRgQZH8MYt

#DemCastMI https://t.co/YfdDe2XRgA",https://twitter.com/JonHoadley/status/1317532579713736705
Hiral Tipirneni,"10/15/2020, 17:01:57","Today we‚Äôre launching a brand new ad!
 
As a doctor, I took an oath to protect my patients, but I never thought I‚Äôd have to protect them from their own Congressman.
 
In Washington, I‚Äôll always put your healthcare first. #AZ06üë©üèΩ‚Äç‚öïÔ∏èüí™üèΩ https://t.co/owf1QkZ2PE",https://twitter.com/hiral4congress/status/1316786399530545153
"Spanberger, Abigail","10/20/2020, 20:11:04","In June, I helped pass the Patient Protection and Affordable Care Enhancement Act. This bill strengthens the #ACA by making fixes to the individual market to lower premiums. It would also save #VA07 families money on their health insurance each month. Examples:",https://twitter.com/RepSpanberger/status/1318645935333920768
Diane Mitsch Bush,"10/17/2020, 19:42:42","I learned in the State House that urban &amp; suburban representatives don‚Äôt understand the challenges we face in rural areas. 

I'm going to fight for solutions for rural issues in Congress and help my colleagues understand what it means to be a rural Coloradan #CO03.",https://twitter.com/RepDMB/status/1317551631660187653
"Malliotakis, Nicole","10/07/2020, 18:10:16","Thank you @HikindDov! You are a respected voice, both in New York and nationally, and I appreciate that you crossed party lines to lend me your support! This isn‚Äôt about Democrat or Republican, it‚Äôs about standing up for what‚Äôs right. https://t.co/lRsOLr7Yi3",https://twitter.com/NMalliotakis/status/1313904489909432321
Donna Shalala,"10/23/2020, 03:15:03",or UD https://t.co/zaumHP4SBF https://t.co/yQkzaApLBt,https://twitter.com/DonnaShalala/status/1319477409532547073
Candace Valenzuela,"10/29/2020, 21:48:07","Lived experience matters. My story resonates with North Texans who know that when I‚Äôm in Congress, I‚Äôll put them first. Please, if you can, chip in $3, $10, or $24 to help me fight: https://t.co/kYirR7C1of

https://t.co/wvd2EebBdu",https://twitter.com/candacefor24/status/1321931849967566851
Betsy Dirksen Londrigan,"10/30/2020, 15:49:11","Thank you Senator @KamalaHarris for your support and your leadership! I look forward to working with you and Vice President @JoeBiden to rebuild our economy and ensure that every person has access to quality, affordable health care. https://t.co/Qf6K9DHi8G",https://twitter.com/BetsyforIL/status/1322203908807266305
Hiral Tipirneni,"10/20/2020, 21:09:16","It‚Äôs time to flip #AZ06! RT if you agree.
https://t.co/UOtxknj7nT",https://twitter.com/hiral4congress/status/1318660578269831170
"Malliotakis, Nicole","10/29/2020, 12:44:08","Watch Hot Zone: House candidate Nicole Malliotakis talks Hurricane Sandy recovery, coronavirus, crime https://t.co/dONmr1OnaU",https://twitter.com/NMalliotakis/status/1321794951114612737
Jackie Gordon,"10/08/2020, 14:30:49",Proud to be part of a record number of Black women congressional candidates running for office this year. Together we will change the face of Washington! https://t.co/32dZOhZ1vM,https://twitter.com/VoteJackie4NY/status/1314211652506533894
"Malliotakis, Nicole","10/28/2020, 20:10:21","More smashed store windows, vandalized #NYPD vans, and graffiti reading ‚ÄúAll Cops Are B‚Äî,‚Äù ‚ÄúF‚Äîthe police‚Äù in #Brooklyn last night. The communist hammer &amp; sickle has the blood of hundreds of millions of innocent people on it and now radicals are spray painting it on #NYC walls.",https://twitter.com/NMalliotakis/status/1321544854246219782
Amy Kennedy,"10/31/2020, 22:40:00",Grateful to have spent the morning with members of @ufcwlocal152 and Local 152 President Brian String to hear from essential workers whose tireless efforts have kept our communities going since the beginning of this pandemic. https://t.co/geI1DlO0xQ,https://twitter.com/AmyKennedy715/status/1322669679295549440
Joyce Elliott,"10/05/2020, 22:04:18","I am praying for the loved ones of Officer Collins and for the swift recovery of Officer Issac and all others involved.

This reaffirms my commitment to ensuring our criminal justice system prioritizes safety above all.
https://t.co/368SFQCZuS",https://twitter.com/xjelliott/status/1313238612406865921
Kendra Horn,"10/24/2020, 22:01:51",how it started:                                        how it's going: https://t.co/eh4PYhAbIE,https://twitter.com/HornForCongress/status/1320123363667345409
Dana Balter,"10/08/2020, 16:47:18","More exciting news today! @CookPolitical just moved our race to Toss-Up.

Current #NY24 race ratings -
‚úÖ @CookPolitical: Toss-Up
‚úÖ @LarrySabato's Crystal Ball: Toss-Up
‚úÖ @politico: Toss-Up

25 days. Every phone call, text, + vote matters.  

Join us at https://t.co/rtEStWCIGg. https://t.co/LUlLHgU6ce",https://twitter.com/dana_balter/status/1314245998882021377
Dana Balter,"10/11/2020, 22:20:55","Very excited to join Congresswoman @PramilaJayapal for a virtual grassroots fundraiser this Wednesday evening! We'll be starting at 7pm ET. 

Thanks to @StopBigMoney, @letamericavote, &amp; @electprogress for hosting!

RSVP here:
https://t.co/G5B5XnEEyE https://t.co/hfeha38Po2",https://twitter.com/dana_balter/status/1315417122051436544
"Malliotakis, Nicole","10/24/2020, 22:14:53","Met residents, newlyweds and cute dogs on the trail today!  üá∫üá∏üá∫üá∏üá∫üá∏ https://t.co/vkXlJMfcYK",https://twitter.com/NMalliotakis/status/1320126643726331905
Eugene DePasquale,"10/17/2020, 15:14:54",Great combo! #TheBoss #Election2020 https://t.co/pXyuo3ujfn,https://twitter.com/DePasqualePA/status/1317484236404817921
Betsy Dirksen Londrigan,"10/28/2020, 17:31:33",Thank you to the @CollegeDemsSIUE for hosting today‚Äôs virtual rally. It was great to see how fired up the students are to vote! Reminder that early voting on SIUE campus is open today through Friday 10am-5pm at the Morris University Center. https://t.co/W5cg1aA9BA,https://twitter.com/BetsyforIL/status/1321504890829623297
Joe Cunningham,"10/29/2020, 21:22:51",https://t.co/pLm4JiqOCb https://t.co/Yvpp5RESiT,https://twitter.com/JoeCunninghamSC/status/1321925491004219392
Dan Feehan,"10/20/2020, 16:00:02",Thanks to the North Mankato Taylor Library for organizing a Jack-o‚Äô-Lantern walk in North Mankato! Conor and Declan were very excited to join in! #MN01 https://t.co/XmYSRWWkEV,https://twitter.com/danielfeehan/status/1318582757014999040
Candace Valenzuela,"10/08/2020, 20:00:27","Mark your calendars! Join Candace and our amazing hosts for a Happy Hour to help us flip TX-24 blue! 
RSVP: https://t.co/leTXoKay8A 

¬°Marquen sus calendarios! ¬°√önase a Candace y a nuestros incre√≠bles anfitriones en un Happy Hour para ayudarnos a que TX-24 sea azul! https://t.co/Nw5KIKzQeA",https://twitter.com/candacefor24/status/1314294608583688193
Betsy Dirksen Londrigan,"10/25/2020, 23:12:47","Wow, our volunteers are a chatty bunch. Our team just made its 250,000th phone call to voters across #IL13! It'll take everything we have the next 9 days to #FlipThe13th Blue!

Join our team for GOTV weekend and sign up for as many shifts as you can! https://t.co/QRwm2O4GtA https://t.co/s4z3n8liOG",https://twitter.com/BetsyforIL/status/1320503601677086721
"Horsford, Steven","10/21/2020, 20:06:41","Only 10 days left until Halloween! Check out the ideas below for a safe and fun week üéÉ

https://t.co/s7LmsOow5Z",https://twitter.com/RepHorsford/status/1319007219661348865
Sri Preston Kulkarni,"10/16/2020, 18:38:55","Today, I got takeout from @trilltaco713, a Black-owned small business which sells tacos named after Houston-area rappers. 

Of course, I had to get the Stallion, in honor of #TX22's own Megan Thee Stallion. It was easily one of the best tacos I've ever had (and I love tacos). https://t.co/76Aqoh7mJC",https://twitter.com/SriPKulkarni/status/1317173191891210240
Cameron Webb,"10/28/2020, 01:17:49","The #TourDeFifth continued with visits to Buckingham &amp; Cumberland today. In both counties, I enjoyed chopping it up with some really great folks from all walks of life. Thanks for welcoming me &amp; kicking off the final week of this campaign. Now let‚Äôs go GOTV! https://t.co/CT8WrAIZv9",https://twitter.com/DrCameronWebb/status/1321259843014057987
Diane Mitsch Bush,"11/01/2020, 22:01:25","Only. 2. More. Days. 

Can you help me get out the vote and flip #CO03? https://t.co/G9197lNa69",https://twitter.com/RepDMB/status/1323022360593764355
Sri Preston Kulkarni,"10/23/2020, 19:35:13","I toured the Child Advocates of Fort Bend's center today. They are leaders in addressing child abuse &amp; trafficking here in #TX22. The attention &amp; care they put into protecting our children is inspiring.

We need more elected officials that invest in our youth‚Äî
they're the future. https://t.co/FfdFKSBpeg",https://twitter.com/SriPKulkarni/status/1319724074793394181
Max Rose,"10/11/2020, 21:08:25","And that is exactly why I‚Äôve fought to provide them the hazard pay they deserve, the testing and PPE they so desperately need. It‚Äôs why I‚Äôve fought to ensure they have the necessary mental health resources -- because our caretakers need care too.",https://twitter.com/MaxRose4NY/status/1315398876086628355
Jon Hoadley,"10/28/2020, 23:30:26","Today‚Äôs endorser of the day is Laura Latulippe!

We are proud to have Laura's support in our campaign to bring change to #MI06.

Join us: https://t.co/pXW1tc0a49 https://t.co/qyqnV3qkzF",https://twitter.com/JonHoadley/status/1321595208203706368
Nancy Goroff,"10/14/2020, 00:28:43","‚ÄúNancy Goroff is the best prepared and most knowledgeable newcomer at any level of Long Island politics in years.‚Äù Thank you, ‚Å¶@Newsday‚Å© for your heartfelt endorsement! https://t.co/HCQpXmjEB5",https://twitter.com/ngoroff/status/1316174058678083584
Diane Mitsch Bush,"10/29/2020, 19:47:26","Only. 5. More. Days. 

Can you give $5 to make sure we flip this seat? 
https://t.co/bJ9W2rafWT",https://twitter.com/RepDMB/status/1321901474855768066
Wendy Davis,"10/11/2020, 22:00:00",".@BetoORourke is hosting a Texas-sized phone bank all day tomorrow with the help of amazing special guests &amp; they're going to need your help hitting the massive goal of a MILLION calls made. Please sign up for a shift if you haven't already!
https://t.co/A9FOHiP4ZU",https://twitter.com/wendydavis/status/1315411858061361153
Kendra Horn,"10/11/2020, 23:05:34","@bro_chi_minh You‚Äôre right! If you have a standard absentee ballot, you can either get it notarized OR attach a photocopy of your ID. I chose to have mine notarized üôå",https://twitter.com/HornForCongress/status/1315428357299941376
Donna Shalala,"10/25/2020, 11:34:51","Tune in as I lay out my plans and record of getting things done, and beat back against my opponent‚Äôs desperate lies about me and our campaign. https://t.co/bzzkGG4UKg",https://twitter.com/DonnaShalala/status/1320327961061560322
Ben McAdams,"10/27/2020, 18:49:05",Federal law is clear. The Owens campaign took illegal donations that it must not spend in Utah's 4th District race. #utpol https://t.co/vSawMA840z,https://twitter.com/BenMcAdams/status/1321162015906304000
Jill Schupp,"10/03/2020, 20:31:30","Great meeting with @DebLavender, @nicolergalloway, and supporters in St. Louis County. People are fired up and ready for change. https://t.co/bSq0hokAQ2",https://twitter.com/JillSchupp/status/1312490484019810305
Jon Hoadley,"10/31/2020, 17:24:48","In our campaign, we've built a huge team of folks who know we need change here in #MI06.

Our team includes Governor @gretchenwhitmer, who's working tirelessly to keep our state safe amidst a pandemic and terrorist threats. #DemCastMI

Join our team today: https://t.co/pXW1tc0a49 https://t.co/ojBsIVF7YM",https://twitter.com/JonHoadley/status/1322590358262419458
Jon Hoadley,"10/06/2020, 18:13:00","It's our Finance Director's birthday!

Wish him a happy birthday by contributing whatever you're able to help us finish this campaign for #MI06 strong: https://t.co/SRgQZHqnQ1 https://t.co/0cTkcOflg2",https://twitter.com/JonHoadley/status/1313542789972455425
Christy Smith,"10/18/2020, 02:21:05","These are the moments that take my breath away. She wants to be a leader too someday. So when she asked for my autograph my message was ‚ÄúDream big dreams, work hard, be strong and be kind.‚Äù https://t.co/6drGn2jlta",https://twitter.com/ChristySmithCA/status/1317651886179192833
Christy Smith,"10/31/2020, 01:15:59","It‚Äôs crunch time, #CA25! Only 4 days left until we flip this district and move our community forward. Are you with me?

Stop by one of our drive-thru meet &amp; greets before Election Day or sign up to phonebank with us‚û°Ô∏èhttps://t.co/ulqOnwk1IE https://t.co/AeI0qxSmDg",https://twitter.com/ChristySmithCA/status/1322346546709450753
"Spanberger, Abigail","10/08/2020, 19:31:25","The global COVID-19 pandemic has underscored that infectious disease is a national security issue. In a recent hearing, @HouseForeign discussed how U.S. security agencies can become more resilient in case of future pandemics or other biological threats.
https://t.co/tdA9cwc283",https://twitter.com/RepSpanberger/status/1314287299149074437
Kendra Horn,"10/31/2020, 22:05:03",üéÉ Trick or treat! Look how many creative young Oklahomans we have in our midst!! Thanks to Scissortail Park for putting on such an amazing and safe event for our kids and families. https://t.co/mejKyg3zpQ,https://twitter.com/HornForCongress/status/1322660886067204097
Max Rose,"10/15/2020, 22:59:11","The experts agree, @NMalliotakis committed a ‚Äúdebating felony‚Äù in #NY11 debate last night! https://t.co/OxpNQ2Cqo3",https://twitter.com/MaxRose4NY/status/1316876301941174272
TJ Cox,"10/08/2020, 02:38:21","I also introduced: 
- the bipartisan Inhaler Coverage and Access Now Act (I CAN Act) to require high deductible insurance plans to cover asthma inhalers
- the Telehealth Expansion Act of 2019",https://twitter.com/TJCoxCongress/status/1314032353925189633
Gina Ortiz Jones,"10/30/2020, 20:13:06","Today is the LAST DAY to vote early in Texas! 

If you haven't already made it out to the polls, be like Dr. Arredondo and make sure you have a plan to get out and vote either today or on Election Day! #TX23 

Visit: https://t.co/p0nwUFVBMV https://t.co/5PrqHsJ1Sr",https://twitter.com/GinaOrtizJones/status/1322270323807526921
Jon Hoadley,"10/24/2020, 17:13:00","Two current Supreme Court justices have already signaled they would welcome a case to overturn nationwide marriage equality. Judge Barrett has shown she is hostile to LGBTQ equality - she could be the deciding vote to take away marriage equality.

https://t.co/L4OW0Qmzpf",https://twitter.com/JonHoadley/status/1320050672104947712
Christy Smith,"11/01/2020, 03:28:42","Our drive-thru meet and greets took us all across #CA25! Thanks to everyone who came out to celebrate #HalloweenÔøº and voting with us!

üìçSimi Valley
üìçLancaster
üìçSanta Clarita 

Find out how to help us get out the vote in the home stretch: https://t.co/ulqOnwk1IE https://t.co/yukxHR58sn",https://twitter.com/ChristySmithCA/status/1322742334174367744
Max Rose,"10/15/2020, 21:11:48",New York is Union Strong and I‚Äôll always fight to keep it that way. #1u https://t.co/jisJnmP3N8,https://twitter.com/MaxRose4NY/status/1316849278430711808
"Axne, Cynthia","10/06/2020, 21:32:42","By abruptly ending bipartisan negotiations on #COVID19 relief, @POTUS has condemned Iowans to suffer and wait until he‚Äôs willing to negotiate.

It is unconscionable that he's done so by claiming he's uninterested in supporting vital services like schools &amp; first responders. #IA03 https://t.co/swgxU6MvNg",https://twitter.com/RepCindyAxne/status/1313593047213633536
Candace Valenzuela,"10/07/2020, 21:00:13","There have been a few changes when it comes to voting by mail, so make sure you have a plan to vote. The deadline to request a mail-in ballot is October 23rd, but get it done early! For more information, visit your county website or go to: https://t.co/lJLsZoHmE6 https://t.co/s9kPGNYU6s",https://twitter.com/candacefor24/status/1313947259852197893
Cameron Webb,"10/22/2020, 10:43:48","Wrapping up my last night shift before Election Day. Just in time, too...

I won‚Äôt lie, it‚Äôs a bit awkward trying to evaluate a patient while your opponent‚Äôs latest attack ad against you pops up on the TV. They always notice &amp; give a üëÄ. Haha

‚ÄúWatch me...don‚Äôt watch the üì∫.‚Äù",https://twitter.com/DrCameronWebb/status/1319227951012061184
Joe Cunningham,"10/29/2020, 16:11:12","Hey guys I‚Äôm in the car for the next 20 minutes. Send your questions and I‚Äôll try to respond to as many as I can. #AskMeAnything. 

Chip in for our Money Bomb: https://t.co/1D1CB6TlIe https://t.co/GwLYgIUifr",https://twitter.com/JoeCunninghamSC/status/1321847060962922497
Jon Hoadley,"10/08/2020, 23:30:00","Today‚Äôs endorsers of the day are Nikki &amp; Kevin Coleman!

We are proud to have Nikki &amp; Kevin's support in our campaign to bring change to #MI06.

Help us win: https://t.co/pXW1tc0a49 https://t.co/y3P0voa6pN",https://twitter.com/JonHoadley/status/1314347342242480128
"Malliotakis, Nicole","10/28/2020, 13:17:44","The anti-Semitic graffiti scrawled on the window of Very Juice on Avenue P in Gravesend #Brooklyn is disgusting, reprehensible &amp; must not be tolerated. Whomever scrawled these words of hate will hopefully be arrested by the #NYPD and prosecuted to the full extent of the law (1/2)",https://twitter.com/NMalliotakis/status/1321441018294816769
Jill Schupp,"10/12/2020, 03:51:43",https://t.co/mPOJkSyja5,https://twitter.com/JillSchupp/status/1315500369863208960
Jon Hoadley,"10/22/2020, 22:39:25","We can't risk Trump winning re-election. 

Rush a contribution of $6, $25, or whatever you can right now to ensure Michigan's delegation is blue: https://t.co/SRgQZH8MYt

#MI06 #DemCast #DemCastMI",https://twitter.com/JonHoadley/status/1319408042597863424
Jon Hoadley,"10/10/2020, 01:11:03","25 days.

We can flip a district from red to blue for the first time in over 3 decades - but we only have 25 days to make it happen.

Let's bring it home.

Chip in $25 or whatever you can to help us finish this campaign strong: https://t.co/SRgQZH8MYt

#MI06 #DemCast #DemCastMI https://t.co/E1TO0uKrbN",https://twitter.com/JonHoadley/status/1314735161964146688
Sri Preston Kulkarni,"10/13/2020, 23:46:16","Despite all the voter suppression efforts by TX Republicans, Texans are making their voices heard. I could not be prouder or more inspired.

Early voting runs 10/13-10/30. Bring a snack, listen to your favorite podcast, and participate in our democracy.

https://t.co/9rd6THpNvR",https://twitter.com/SriPKulkarni/status/1316163376213643267
"Spanberger, Abigail","10/27/2020, 00:39:04","We - the House of Representatives, the Senate, and the White House - must get back to the table and reach a bipartisan compromise that delivers additional aid to our communities, small businesses, and the American people. (4/4)",https://twitter.com/RepSpanberger/status/1320887703685210114
Sri Preston Kulkarni,"10/26/2020, 17:14:19","""No podemos confiar en la agenda de...Troy Nehls.""

Introducing our second Spanish language TV ad: Riesgo. 

Every Texan in #TX22 deserves to know how @SheriffTNehls' reckless downplaying of #COVID19 endangered their lives. Nehls is unfit to lead us. 

 https://t.co/sHZ0iUGxh7",https://twitter.com/SriPKulkarni/status/1320775778699776002
Dana Balter,"10/11/2020, 20:22:17","Wow - this is why we organize. 

Thank you to our phenomenal organizing team &amp; our incredible volunteers for their tireless work.

Want to help us flip #NY24? Sign up for an organizing shift!
https://t.co/fTO9jN6FqR https://t.co/Iz7CK4HaN1",https://twitter.com/dana_balter/status/1315387266366410754
Harley Rouda,"10/08/2020, 17:24:41","Let's talk taxes.

The Republican's 2017 tax law RAISED taxes for OC families while LOWERING their refunds. I voted to repeal state &amp; local tax deductions that are harming OC.

My opponent signed a pledge promising not to repeal that tax law.",https://twitter.com/HarleyRouda/status/1314255409016840192
Jon Hoadley,"10/21/2020, 01:22:39","This contest wraps tonight at midnight PT - chip in $1 to help us get a final contribution that will help us win! #MI06 #DemCast #DemCastMI

Contribute at least $1 to our campaign here: https://t.co/tw4O3gCw4V https://t.co/N3ETbnBPPD",https://twitter.com/JonHoadley/status/1318724344974090241
Nancy Goroff,"10/17/2020, 13:43:58","The ‚Å¶@nytimes‚Å© makes a compelling case as to why we cannot afford another 4 years of Donald Trump or his lackeys like ‚Å¶@leezeldin‚Å©. If elected, I promise to fight #ForThePeople, science, truth, our children and the future of our democracy.  https://t.co/jzCWhVYEnf",https://twitter.com/ngoroff/status/1317461355209871360
Wendy Davis,"10/14/2020, 22:17:58","Completing the census is quick, easy, and incredibly important for your community‚Äôs schools, roads, fire departments, and so much more to get needed funding. With the census period closing tomorrow, make sure you‚Äôve completed yours TODAY!
https://t.co/9WMax8rsF2",https://twitter.com/wendydavis/status/1316503540655812608
Jon Hoadley,"10/27/2020, 23:30:00","Today‚Äôs endorser of the day is Christian Martinez!

We are proud to have Christian's support in our campaign to bring change to #MI06.

Join us: https://t.co/pXW1tc0a49 https://t.co/XPjQbSpyRa",https://twitter.com/JonHoadley/status/1321232711839895552
Alan Cohn,"11/02/2020, 15:09:18",Honored to have welcomed @JoeBiden to Tampa! Now let's get ready for election day. For the love of country and your family.... VOTE! https://t.co/sKpZKjlggh,https://twitter.com/AlanMCohn/status/1323281034713174021
Nancy Goroff,"10/19/2020, 19:10:58",Here‚Äôs a screenshot reenactment of Team Goroff‚Äôs reactions as we watched @leezeldin on live broadcast say that he‚Äôs done more for #science than Nancy ever will in her lifetime: https://t.co/VkURRsOoXL,https://twitter.com/ngoroff/status/1318268421793042432
Carolyn Long,"10/17/2020, 20:07:00",Unlucky Stiffs? More than 300K cars cross the Columbia River so people can do their jobs. It‚Äôs unfortunate that we have a representative who is more interested in insulting her constituents than working to solve a decade-long transportation problem. #FlipThe3rd https://t.co/LH05HAwuG4,https://twitter.com/ElectLong/status/1317557748372918273
Wendy Davis,"10/15/2020, 23:03:47","Join us tomorrow at 3pm CDT on Facebook Live for our Virtual Town Hall. I‚Äôll be joined by Ed Espinosa and Wesley Story from Progress Texas to discuss how to navigate the many challenges facing voters in Texas. Sign up below! #TX21
https://t.co/TTjz2Q80JY",https://twitter.com/wendydavis/status/1316877460366106625
"Horsford, Steven","10/12/2020, 20:07:00",https://t.co/21BEbF7NB3,https://twitter.com/RepHorsford/status/1315745806213840897
Jill Schupp,"10/27/2020, 19:37:47",Election Day is only one week away! Make your plan to vote today and call three of your friends and neighbors to make sure they have a plan too. This election is too important to sit out. https://t.co/4tR6LwZkxm,https://twitter.com/JillSchupp/status/1321174273092890626
Dana Balter,"10/24/2020, 14:17:42","Happy first day of Early Voting, New York!! 

If you're in #NY24, here's how to vote early in person -

Cayuga County: https://t.co/jnW9G4cVH8

Onondaga County: https://t.co/HPuXV8Tbed

Oswego County: https://t.co/6tqtc5mL2T

Wayne County: https://t.co/XJKMhPIJ2g",https://twitter.com/dana_balter/status/1320006559490080770
Christina Finello,"10/19/2020, 13:56:00","During our FIRST #GOTV weekend, Team Finello showed up. Dozens of volunteers made 30,000 calls and 20,000 texts. Thank you! Let's keep up the fight!

Sign up to Get Out the Vote and FLIP #PA01 Blue: https://t.co/uAVlKeOPCJ https://t.co/P4LxuOnnak",https://twitter.com/FinelloForPA/status/1318189159127842817
"Malliotakis, Nicole","10/07/2020, 20:06:05",Tune in! https://t.co/tUFmzi8zBb,https://twitter.com/NMalliotakis/status/1313933638782812163
TJ Cox,"10/16/2020, 16:33:27","Never in modern times has a president deliberately inflicted pain on a group of people simply because he doesn‚Äôt like their state.
 https://t.co/vX5spmi0I2",https://twitter.com/TJCoxCongress/status/1317141616642043906
Hiral Tipirneni,"10/16/2020, 21:54:26","üéâüö®BIG NEWSüö®üéâ

@InsideElections just shifted #AZ06 to a toss-up ranking!

We‚Äôve got 18 days - let‚Äôs win this! 

Can you chip in to help us flip the 6th? https://t.co/SBqAoiPzf5 https://t.co/3dFEugufvd",https://twitter.com/hiral4congress/status/1317222396424646657
"Luria, Elaine","10/16/2020, 16:45:28","I am honored to receive the @USChamber of Commerce‚Äôs Spirit of Enterprise award. As a former small business owner, I know small businesses are the backbone of our economy. I will continue advocating to ensure they have the support needed during this challenging time. https://t.co/BzjY3bqgtN",https://twitter.com/RepElaineLuria/status/1317144642220118019
"Malliotakis, Nicole","10/27/2020, 11:55:05",And how we resolved his issue in just four days: https://t.co/D11JkaIiu0,https://twitter.com/NMalliotakis/status/1321057831085367297
Patricia Timmons-Goodson,"11/01/2020, 15:32:28","""Patricia Timmons-Goodson‚Äôs diverse record of service to all citizens of NC suits her perfectly to represent the NC 8th district. She will serve us instead of her own political interests. She embodies our motto 'To be rather than to seem.'"" https://t.co/ZzfDD22GTU",https://twitter.com/TimmonsGoodson/status/1322924475336318982
Kendra Horn,"10/18/2020, 22:42:47",Oklahomans are speaking out against my opponent‚Äôs plan to repeal the Affordable Care Act. We cannot afford to abolish health insurance -- especially in the midst of a global pandemic. https://t.co/wb2KUbMyG8 https://t.co/6nhrIv21Pq,https://twitter.com/HornForCongress/status/1317959336677810176
Gina Ortiz Jones,"10/06/2020, 22:16:42","It's not just patients with pre-existing conditions who could lose their health care if politicians like @TonyGonzales4TX got their way and eliminated the ACA. It's small business owners like Brandy and her husband, too. 

I'm proud to be in this fight for working people. #TX23 https://t.co/SboQJbRyBw",https://twitter.com/GinaOrtizJones/status/1313604118250950656
Dana Balter,"10/13/2020, 18:45:01","This election is about who we are as a country. 

John Katko stands with Donald Trump, who has worked to divide the country for his own gain.

I stand with Joe Biden. Together, we can bring America back. #NY24 https://t.co/aksFtJfcRG",https://twitter.com/dana_balter/status/1316087563548086272
Jon Hoadley,"10/13/2020, 01:06:38","Today‚Äôs endorser of the day is Wendy Robbins!

We are proud to have Wendy‚Äôs support in our campaign to bring change to #MI06.

Help us win: https://t.co/pXW1tc0a49 https://t.co/AtGQd88TPD",https://twitter.com/JonHoadley/status/1315821213617455105
Joyce Elliott,"10/13/2020, 00:18:14",Arkansans are ready for change this election season #ARPBSDebates https://t.co/fjoGC6ZvzL,https://twitter.com/xjelliott/status/1315809033320894465
Carolyn Long,"10/11/2020, 19:55:57","Twist these numbers, JHB:
‚ùå 10 yrs in office
‚ùå 4 votes to repeal the #ACA &amp; cut coverage for ppl w/ preexisting conditions
‚ùå 0 in-person town halls in nearly 4 yrs
‚ùå $1.6M in corp. PAC money w/ a record showing you're in their pockets.

10 yrs in office, 10 yrs of inaction. https://t.co/Hsm73T1oaz",https://twitter.com/ElectLong/status/1315380639600766977
Carolyn Long,"10/11/2020, 17:36:10",üö® Happening today üö® Join us for a drive-in town hall at 4:00 p.m. in Longview and let Carolyn know what‚Äôs on your mind!üöóhttps://t.co/doIBRnM55O,https://twitter.com/ElectLong/status/1315345460966555650
Christina Finello,"10/27/2020, 16:26:03","RIGHT NOW: Join @MadeleineDean and I on Facebook Live as we talk about this race in #PA01, what‚Äôs at stake for women in this election, and Pennsylvania in this upcoming election.

https://t.co/uLVjH2eweq https://t.co/f8EMZE4if9",https://twitter.com/FinelloForPA/status/1321126021106704387
Christina Finello,"10/28/2020, 17:22:54","My opponent‚Äôs weak campaign is being propped up by smears and lies out of the GOP &amp; Trump playbook to stay afloat. 
 
We have 6 days left to flip this seat. Can you chip in $10 today to help? https://t.co/UXHgoYKGkJ",https://twitter.com/FinelloForPA/status/1321502715931992073
Jon Hoadley,"10/26/2020, 17:57:47","ICYMI: Check out my conversation on @MSNBC about how critical this election is here in #MI06. #DemCast #DemCastMI

After you watch, learn more or join our team at: https://t.co/SBO4kca2aY

https://t.co/Pq0ZoOvb0d",https://twitter.com/JonHoadley/status/1320786721043341319
"Malliotakis, Nicole","11/02/2020, 18:34:43","As @NYCPBA President Pat Lynch said, ‚ÄúMax Rose and Bill de Blasio have the same agenda.‚Äù  
VOTE TUESDAY 6am-9pm https://t.co/Nu9dsaJjDu",https://twitter.com/NMalliotakis/status/1323332730713710593
Jon Hoadley,"10/26/2020, 23:18:17","Fact check: @UptonForAllOfUs *just* voted against direct relief to families and businesses with the HEROES Act. We need action, not just talk.

Upton continues to say one thing while voting for another.",https://twitter.com/JonHoadley/status/1320867373897994240
Jackie Gordon,"10/06/2020, 18:30:24","This week, a very special #TeamJackie Tuesday featuring my daughter, US Air Force Captain Kerrianne, sending in her ballot from her station in Germany! If our soldiers can find time to vote, so can YOU! https://t.co/Mg2ieocSHs",https://twitter.com/VoteJackie4NY/status/1313547169786482688
Dana Balter,"10/22/2020, 15:45:48",A clip from my interview yesterday with @MSignorile: https://t.co/RYgEEo8AvV,https://twitter.com/dana_balter/status/1319303953067237379
Max Rose,"10/18/2020, 17:10:04",Plenty of things are tough‚Äîlike installing a car seat‚Äîbut voting isn‚Äôt one of them. You can vote early October 24-November 1. Make your plan to vote now! https://t.co/LK49tgMHEm https://t.co/UKvILqRCmN,https://twitter.com/MaxRose4NY/status/1317875608974774273
Christina Finello,"11/02/2020, 16:12:00",We must protect and strengthen the hand of workers in a changing and more automated economy. That means connecting workers to the jobs of today and tomorrow through robust skills training and apprenticeship programs. #30ReasonsForFinello https://t.co/EKWiWFGiP6,https://twitter.com/FinelloForPA/status/1323296811734298625
Candace Valenzuela,"10/08/2020, 01:37:17","""This is supposed to be a debate based on facts and truth.""

Sen. Harris, that would require a different adversary. 

#VPDebate",https://twitter.com/candacefor24/status/1314016987463516161
Diane Mitsch Bush,"10/28/2020, 20:55:32","There's a clear choice in this election. 

If you want a Congresswoman who will roll up her sleeves and get things done for #CO03, I'm your candidate. 

Let's win this thing. https://t.co/zk4DhJxYUM",https://twitter.com/RepDMB/status/1321556228863070208
Gina Ortiz Jones,"10/09/2020, 20:21:37","During our debate, I held @TonyGonzales4TX accountable for his promise to eliminate the ACA and its protections for patients with pre-existing conditions ‚Äì and total lack of a plan to replace it.

As I said last night: health care is on the ballot. #TX23
https://t.co/Iu0HrEQ4LR",https://twitter.com/GinaOrtizJones/status/1314662321399226368
Jill Schupp,"10/19/2020, 15:49:33","Ann Wagner has allowed dark money groups and Washington Republicans to pour money into our race and mislead voters about my positions. She knows her own votes are out of touch with #MO02, so she has spent her campaign smearing my record instead. We deserve better.",https://twitter.com/JillSchupp/status/1318217731083325440
Carolyn Long,"10/09/2020, 21:34:53","A decade in office, a decade of inaction. #FlipThe3rd https://t.co/AkxYbw3Rvr",https://twitter.com/ElectLong/status/1314680758636695553
Diane Mitsch Bush,"10/18/2020, 18:08:21","Thank you so much for your support, Luke!

I'll always be an independent, pragmatic leader for #CO03. So glad to have you on #TeamDMB! https://t.co/GNgTIe0p0x",https://twitter.com/RepDMB/status/1317890276661350400
Max Rose,"10/07/2020, 12:43:45",This isn‚Äôt a game‚Äîthis is what walking away means. And yet @NMalliotakis still couldn‚Äôt stand up to her own party. https://t.co/rYE95UvNtf,https://twitter.com/MaxRose4NY/status/1313822320532783104
Joyce Elliott,"10/28/2020, 21:42:55","Election day is SIX days away! Already voted?

Make a difference by signing up to volunteer on election day!
https://t.co/sdnXugmacf",https://twitter.com/xjelliott/status/1321568152514400256
Hillary Scholten,"11/02/2020, 03:22:07","Wow, what a day! We reached out to over 50,000 voters across #MI03. 

Join us tomorrow so we can do even more.
https://t.co/mtKYDHkSRX https://t.co/MRXX3JVopI",https://twitter.com/HillaryScholten/status/1323103067064176642
Sri Preston Kulkarni,"10/11/2020, 23:21:47","On #NationalComingOutDay, let's talk about how the Affordable Care Act helps the LGBTQ community.

The ACA prohibits discrimination against LGBTQ people in health care. It also reduced the uninsured rate among low-income LGBTQ adults by 25%.

So much is on the ballot. 23 days.",https://twitter.com/SriPKulkarni/status/1315432438626226176
Wendy Davis,"10/16/2020, 00:30:00","We‚Äôll be giving away yard signs throughout #TX21 this weekend with @ComalCountyDP, @HaysDemocrats, @County_Kerr Democrats, Gillespie County Democrats, @Stephanie4TX73, and @TuckerforTexas!

If you still need a yard sign, or just want to say hello, mask up and swing by! https://t.co/JqFtNUUNTU",https://twitter.com/wendydavis/status/1316899156376670208
Hillary Scholten,"10/06/2020, 17:58:46","My. Opponent. Is. Attacking. Me. For. Wearing. A. Mask. 
Shameful and unbelievable. I have no words. (1/2) https://t.co/9HahHAyuro",https://twitter.com/HillaryScholten/status/1313539207743320065
Jon Hoadley,"10/12/2020, 20:10:11","""Jon Hoadley is currently in his third term as a Michigan state representative. He is taking on incumbent Rep. Fred Upton, who opposed nondiscrimination protections for LGBTQ people and voted to ban same-sex marriage.""

#MI06 #DemCastMI

https://t.co/aSXTC5fIUD via @nbcnews",https://twitter.com/JonHoadley/status/1315746607607042050
Sri Preston Kulkarni,"10/14/2020, 16:45:47","Yesterday, I received my favorite video of the campaign so far from Sita Aunty, who is 91‚Äîthe same age my grandmother would've been if she was still alive. 

Sita Aunty's support means everything to me: she trusts me to fight for her children and grandchildren. https://t.co/rPK5wfPO8W",https://twitter.com/SriPKulkarni/status/1316419946289729536
Diane Mitsch Bush,"10/18/2020, 20:01:40","Boebert‚Äôs Billionaire pals are dumping millions into this race to try and win this election. 

I need your help to fight back. Chip in $16 and show them that #CO03 won't be bought ‚¨áÔ∏è https://t.co/kwGR3S6tHj",https://twitter.com/RepDMB/status/1317918794111684608
Wendy Davis,"10/09/2020, 16:38:14","Congratulations @GinaOrtizJones! You deserve it, and I can‚Äôt wait for the opportunity to work alongside you in Congress for the people of Texas. Now, let‚Äôs win this! üí™ https://t.co/d8nCDYYrfB",https://twitter.com/wendydavis/status/1314606105956212743
Carolyn Long,"10/09/2020, 21:32:19",.@JaimeForUSRep is once again trying to mislead voters about her record of voting to eliminate protections for Washingtonians with pre-existing conditions. She‚Äôs sold out Southwest Washingtonians and bragged about voting to repeal the Affordable Care Act more than 80 times.,https://twitter.com/ElectLong/status/1314680115574394880
Hillary Scholten,"10/31/2020, 16:43:28","‚ö°3 DAYS UNTIL ELECTION DAY‚ö°

That‚Äôs right, we are SO CLOSE. 

We need you to join our phone bank this weekend. Help us get out the vote! We are in the final stretch.

https://t.co/mtKYDHkSRX",https://twitter.com/HillaryScholten/status/1322579957646827528
Harley Rouda,"10/30/2020, 14:49:28","The hardest-working team in #CA48 is up &amp; ready to win!

Thank you to all the organizers and volunteers who are powering this campaign.

4 days ‚Äî let‚Äôs do this. https://t.co/iQQvFcPeM0",https://twitter.com/HarleyRouda/status/1322188879319896066
Gina Ortiz Jones,"10/23/2020, 18:18:32","The only loyalty test our civil servants should be held to is their oath to support and defend our Constitution.

To be clear, this is a license to push out civil servants seen as insufficiently loyal to the president's political agenda. It's shameful.
https://t.co/dTbxe3L8Oe",https://twitter.com/GinaOrtizJones/status/1319704778830655490
Patricia Timmons-Goodson,"10/09/2020, 16:13:00",It's so critical that folks get out to vote. A good reminder from @kdeviere! https://t.co/smpAvkPN9N,https://twitter.com/TimmonsGoodson/status/1314599757273329665
"Malliotakis, Nicole","10/14/2020, 23:41:55",".@errollouis, @ny11 Notice that @MaxRose4NY did not answer the question of whether he is voting for Donald Trump or Joe Biden ‚ùì‚ùì‚ùì #NY11debate",https://twitter.com/NMalliotakis/status/1316524668090712071
Christy Smith,"10/31/2020, 15:20:33","Yes, we feel good. What will feel even better is doing all we can now to have every voice heard &amp; turning out every vote in #CA25. So we‚Äôre up and going this GOTV weekend! #GOTV #EveryVoteMatters https://t.co/02jKzKU21m",https://twitter.com/ChristySmithCA/status/1322559088945852416
Max Rose,"10/28/2020, 21:37:56","Penny wants you to know that early voting hours have been EXPANDED:

Thu: 10am - 6pm
Fri: 7am - 5pm
Sat: 7am - 5pm
Sun: 7am - 4pm

Don‚Äôt wait till it‚Äôs too late‚Äîmake your plan to vote today!¬†#GoodDogsforMax #NY11¬†https://t.co/LK49tgMHEm https://t.co/ACXXNiTGpf",https://twitter.com/MaxRose4NY/status/1321566896160968705
Ben McAdams,"11/02/2020, 02:28:13",@trailrunnerdoug Yes! Love the JRT.,https://twitter.com/BenMcAdams/status/1323089499954401280
Wendy Davis,"10/08/2020, 22:13:57","I'm thrilled to be endorsed by the @ExpressNews! I'll listen to the experts in the fight against COVID-19 and work with both parties to lower healthcare costs and get folks back to work and school safely. Let‚Äôs do this, #TX21! https://t.co/2goFZk4FA3",https://twitter.com/wendydavis/status/1314328202102345729
Hillary Scholten,"10/14/2020, 13:16:27","Thanks for having us on @Morning_Joe &amp; @morningmika - we're up by 2 in the polls &amp; on the brink of making history in West Michigan by electing the 1st Democrat in almost 50 years &amp; the 1st women ever to represent this district.

We're building something new &amp; folks are excited https://t.co/SVaXmdhdIU",https://twitter.com/HillaryScholten/status/1316367263109349376
Gina Ortiz Jones,"10/20/2020, 14:42:10","Since the beginning of the Trump administration and its efforts to dismantle the ACA, ~726,000 more children are now without health insurance.

It'll only get worse if my opponent @TonyGonzales4TX gets his way and ""eliminates"" the ACA. #TX23 
https://t.co/s3lE09vMxy",https://twitter.com/GinaOrtizJones/status/1318563161520414723
Alan Cohn,"10/05/2020, 17:23:58","We shattered the previous quarterly fundraising record in FL-15 in Q3 bringing in nearly $1.1 million, which is almost double the previous record, which was set in 2018. Our campaign is surging! Donate to help us keep the momentum going: https://t.co/FRJwdVtdbl https://t.co/D5SwOt5yv3",https://twitter.com/AlanMCohn/status/1313168064599515139
Hiral Tipirneni,"10/12/2020, 01:33:07","Happy #NationalComingOutDay!

We honor each of our fellow human beings by acknowledging their truth &amp; celebrating their right to live their life authentically.

We see you, we value you, and we are grateful you‚Äôre here. 
‚ù§Ô∏èüß°üíõüíöüíôüíú #LoveisLove https://t.co/UyNlc4wUY5",https://twitter.com/hiral4congress/status/1315465487942180866
Harley Rouda,"10/18/2020, 18:08:44","Hey, @MichelleSteelCA, are you attending President Trump's COVID-19 superspreader fundraiser? Will you condemn the President's irresponsible in-person event costing taxpayers and threatening OC's health? 

Or will you continue to stay silent and refuse to put #CountryOverParty?",https://twitter.com/HarleyRouda/status/1317890372572381184
Kendra Horn,"11/01/2020, 22:14:08","Ever since I was a Girl Scout, I‚Äôve been shaking things up. Take it from the people who know me the best! My lifelong friends Josh and Michelle talk about my history of doing things the Oklahoman way and getting the job done for our state. https://t.co/1F7kOG7fLP",https://twitter.com/HornForCongress/status/1323025558255656961
Joe Cunningham,"10/31/2020, 12:58:35",Congratulations @CarterCoyleWCSC! And welcome to the world Maddie! https://t.co/w1besMgiIQ,https://twitter.com/JoeCunninghamSC/status/1322523361373786112
TJ Cox,"10/08/2020, 00:15:00","Solving the water crisis will take long term foresight and bipartisan solutions - passing my WIFIA bill is a great place to start
https://t.co/3KtsVgDjWp",https://twitter.com/TJCoxCongress/status/1313996278200664065
Alan Cohn,"10/16/2020, 00:42:16",@TheLittleFoxes1 Thank you so much! We really appreciate it,https://twitter.com/AlanMCohn/status/1316902244546191360
Christy Smith,"10/07/2020, 02:24:46","In #CA25, we have incredible young leaders steering our future. In my years in public service, I‚Äôve met a number of advocates for change, including Andrew, who has pushed our community in a better direction. Grateful for his support and friendship! https://t.co/KLkRCuwcID",https://twitter.com/ChristySmithCA/status/1313666549010448384
Nancy Goroff,"10/04/2020, 19:41:05",The voter registration deadline is THIS FRIDAY October 9th. Are you registered? You can find out by going to https://t.co/PmL0orXxBO. Need a registration form? You can download one in English or in Spanish at https://t.co/VDoMURMohV https://t.co/bIr1H6MZQj,https://twitter.com/ngoroff/status/1312840180458500099
"Malliotakis, Nicole","10/04/2020, 23:18:11",Earlier today we were with the veterans of Cespino Russo Post and then spent the evening with veterans at O‚ÄôNeill‚Äôs. Appreciate the support from those who served! https://t.co/xAdtPmecv0,https://twitter.com/NMalliotakis/status/1312894817790242816
Donna Shalala,"10/25/2020, 12:47:26","Again my opponent‚Äôs desperate campaign of lies continues.

Here‚Äôs the truth: I‚Äôve introduced dozens of bills, including bills to fix our student debt crisis, bring down cost of prescriptions, support our veterans, protect LGBTQ youth, take on the evil Maduro regime, and many more",https://twitter.com/DonnaShalala/status/1320346228073369604
"Horsford, Steven","11/02/2020, 19:48:41",Want to learn more about Native American heritage and trust responsibility? Check out @SmithsonianNMAI‚Äôs education website! https://t.co/4M6eDdq00C,https://twitter.com/RepHorsford/status/1323351341633294339
TJ Cox,"11/01/2020, 01:45:00","Nuestra econom√≠a es impulsada por inmigrantes, una parte fundamental de la comunidad del Valle Central. Crear una soluci√≥n para la industria agr√≠cola en el Valle sigue siendo una de mis prioridades principales. https://t.co/7rwX9Atnr9",https://twitter.com/TJCoxCongress/status/1322716236015378434
TJ Cox,"10/13/2020, 22:10:23","For me, it's about tackling the toughest problems our Central Valley faces. My mission is to protect your health &amp; safety. I did it by building health clinics across the Valley &amp; I'm doing it now by passing effective, bispartisan legislation that addresses your needs in Congress. https://t.co/RTNlBFjFWp",https://twitter.com/TJCoxCongress/status/1316139245426208768
Christy Smith,"10/28/2020, 18:51:38","On #NationalFirstRespondersDay, let‚Äôs give thanks to our brave first responders who keep us and our loved ones safe, especially during this pandemic and historic wildfire season. They deserve our recognition today and every day! https://t.co/gklb7iVRp2",https://twitter.com/ChristySmithCA/status/1321525048302202881
Cameron Webb,"10/12/2020, 01:12:35","Day 25: 10/11

Today's #HispanicHeritageMonth feature is Sandra Cisneros, a pioneering author who's been critical in bringing Chicano lit into the mainstream. Cisneros' 1st novel, The House on Mango Street, is a renowned coming of age tale, taught in schools globally

üì∏ by ksm36 https://t.co/1c3gUn3eTo",https://twitter.com/DrCameronWebb/status/1315460320073314309
"Axne, Cynthia","10/10/2020, 13:53:47","The Rural Equal Aid Act ‚Äì which I introduced with bipartisan colleagues from both chambers of Congress this summer ‚Äì would ensure that loan relief offered to SBA loan holders is also extended to USDA borrowers. #IA03

https://t.co/AOyUovE6Bm",https://twitter.com/RepCindyAxne/status/1314927108003639300
Gina Ortiz Jones,"10/21/2020, 18:46:21","Enrique is a small business owner in Socorro, and he knows exactly what is at stake in #TX23.

I'm fighting for working people, while my opponent @TonyGonzales4TX is working to eliminate the Affordable Care Act ‚Äì and has no plan to protect Texans with pre-existing conditions. https://t.co/VYNZZeDNHA",https://twitter.com/GinaOrtizJones/status/1318987000792424455
Dana Balter,"10/27/2020, 00:28:09","An assault on our healthcare, our fundamental rights, and our democracy. 

Shame on the @SenateGOP for lining up behind this illegitimate process, and shame on Congressman Katko for supporting it. https://t.co/5AewSmcFMN",https://twitter.com/dana_balter/status/1320884959788306432
