Tommy Wakely,"10/11/2020, 14:04:43",Our campaign for #TX21 is about listening to the voices of #Millennials #GenZ &amp; every voter who want systemic change. Both @wendydavis &amp; @chiproytx support #Fracking &amp; won't even consider #MedicareForAll or #UBI let alone legalizing marijuana @indivisibleATX @TXGreens @sapatx https://t.co/E2tdKYT22P,https://twitter.com/Wakely2020/status/1315292245877284865
Jon Dillard,"10/03/2020, 15:30:36",@BartlettSchools Vote @JonDillard_TN8 for US Congress. Jon is a 30 year resident of Bartlett and supports public schools. BSEd in Art Ed. Both of his sons graduated from BHS. His opponent Kustoff supports DeVos vouchers and his children attend private schools.,https://twitter.com/JonDillard_TN8/status/1312414759447388161
Andrew Olding,"10/09/2020, 17:12:23",@beccaleeeeeee Nicer than what?,https://twitter.com/AndrewOlding/status/1314614698793467904
AnÔæÉÔΩ≠bal Acevedo VilÔæÉÔΩ°,"10/29/2020, 04:45:42","Ma√±ana (hoy) en el podcast a las 8am, adem√°s de darles mis reacciones al debate, voy a leer y explicar en contexto de todos estos textos cuando Jenniffer necesitaba mi ayuda. A las 8am por mis redes sociales. https://t.co/zJ1AKe1i1j",https://twitter.com/anibalacevedo/status/1321674549977632769
Joel Anabilah-Azumah,"10/30/2020, 13:21:38","@JennzDaySpa @LLinWood The sample material I have seen is filthy, but it clarified for me exactly why it is being suppressed. This story is bigger than the election. The election is in part a cover-up of the full story, which is mind blowing.",https://twitter.com/JoelAzumah/status/1322166775212113920
Christine Olivo,"10/07/2020, 17:00:43",@SenSanders This rich must pay their fair share!,https://twitter.com/Christinefor24/status/1313886986579701760
Bekah Congdon,"10/27/2020, 21:30:49","Yup. 

#VoteThemAllOut #VoteDifferent #VoteGold https://t.co/kmrgwON8Bd",https://twitter.com/LibertyBeks/status/1321202716518076417
Albert Oram,"10/05/2020, 22:22:10","Partying Like It‚Äôs 2019: Reckless &amp; Irresponsible, Failing to Lead By Example

‚ÄúMillions of Americans have gone months without seeing some of their closest relatives or their colleagues. They have canceled weddings and graduations. They have said goodbye to dying loved ones by",https://twitter.com/RealMaverickUSA/status/1313243108998631425
Zayira JordÔæÉÔΩ°n Conde,"11/02/2020, 13:25:34","Se oye verdad de la boca de @carlosdiazolivo. El intento de aplastamiento a los ‚Äúchiquitos‚Äù  en los medios, via encuestas que no lo son, a es anti-democr√°tico. Punto. Incluso debe reportarse a la @FCC. 
@TelemundoPR",https://twitter.com/drajordanconde/status/1323254927259553792
Charleston Malkemus,"10/14/2020, 23:41:27",@JordynMaga @GenFlynn Thank you for the support @JordynMaga!!,https://twitter.com/VoteCharleston/status/1316524549912039424
Tommy Wakely,"10/13/2020, 02:42:52","Before your family votes tomorrow @djrams80 you should tell them their is Vietnam-era veteran on the ballot who supports #MedicareForAll, ending the death penalty, wants to ban fracking to fight #ClimateChange &amp; put an end to America‚Äôs endless wars. All things @wendydavis opposes https://t.co/50y0aYaRPl",https://twitter.com/Wakely2020/status/1315845428571705344
Robin Dominick,"10/17/2020, 08:39:11",@CholeraFan @ThomasWNorman üëÄü§î https://t.co/PfcVIe27yt,https://twitter.com/RobinRD4MO/status/1317384653024669696
Andrew Olding,"10/15/2020, 12:10:04","And as the world changes the constitution and the law CAN and DO change. How do major members of the media not know this?

#AmyConeyBarrett https://t.co/y71K4w8QA3",https://twitter.com/AndrewOlding/status/1316712944953110534
Christine Olivo,"10/14/2020, 02:29:22","@carmengoesthwip Thank you for following me! By any chance would you be willing to donate $5 or even $1 to my campaign? I‚Äôm fighting for Medicare for all, UBI, a $15 minimum wage and much more! https://t.co/EutMQChl1n",https://twitter.com/Christinefor24/status/1316204420707815424
Victoria Alexander,"10/14/2020, 19:52:06",@KyleKulinski @HumanHarrison https://t.co/DYNPitekkB  We are half way there.,https://twitter.com/Alexander4Cong1/status/1316466834292592643
Andrew Olding,"10/15/2020, 15:07:18","It is unquestionably true that the governments of this country try to beat kindness out of us.

Love and compassion will always win out though. https://t.co/dbQfvAEWH2",https://twitter.com/AndrewOlding/status/1316757549761409027
Christine Olivo,"10/18/2020, 02:04:51","@sungkim Thank you for following me! By any chance would you be willing to donate $5 or even $1 to my campaign? I‚Äôm fighting for Medicare for all, UBI, a $15 minimum wage, the freedom of Julian Assange and much more! https://t.co/EutMQChl1n",https://twitter.com/Christinefor24/status/1317647803968008193
Zachary Dumont,"10/21/2020, 10:23:21",@WMUR9_Politics Why do you purposefully exclude candidates and not publish your inclusion criteria?,https://twitter.com/ZacharySDumont/status/1318860416601161729
Robin Dominick,"10/14/2020, 20:19:37",@necktitties79 https://t.co/bTMuwu9sat,https://twitter.com/RobinRD4MO/status/1316473758173995010
Andrew Olding,"10/08/2020, 13:36:35","#VoteGold
@Jorgensen4POTUS https://t.co/1w7lgtr3GF",https://twitter.com/AndrewOlding/status/1314198003490729984
David Canny,"10/29/2020, 14:29:19",Damn! Where''s a cop when your need one? https://t.co/QPlp0Br8TD,https://twitter.com/DavidCanny4con/status/1321821421430054912
Phil Kurtz,"10/30/2020, 01:58:06","I've been vary tied up with campaign stuff.  Thanks to BakerRipley Immigration and Citizenship Program for having me on there forum ""Art of the Vote"" yesterday it was an honor! The youth involved give me great hope for our future! https://t.co/oySUdQYiKj https://t.co/5cHK9irQgz",https://twitter.com/PhilKurtz3/status/1321994759033049088
Christine Olivo,"10/19/2020, 22:06:00",@Chris_SactoCA Thank you!!,https://twitter.com/Christinefor24/status/1318312467655774219
Tommy Wakely,"11/01/2020, 14:28:37","I think it‚Äôs fair to say that Austin has become a mecca for folks who have a lot of money, upper-middle-class people who are good people, who believe in social &amp; economic justice but don‚Äôt have a clue to what the rest of us in #TX21 need &amp; want. ‚Å¶ https://t.co/gNc48nlCZV",https://twitter.com/Wakely2020/status/1322908408111112192
David Young,"10/06/2020, 01:25:02",Cindy Axne is not being truthful about David‚Äôs Record. David Young will get to work to find solutions for health care access - instead of using it as a political prop. #IA03Debate #IA03 https://t.co/yHi4kpDXRE,https://twitter.com/YoungForIowa/status/1313289129069883398
Tommy Wakely,"10/13/2020, 22:24:16",The use of campaign funds for lavish expenses isn‚Äôt isolated to ‚Å¶@wendydavis‚Å© although she is by far the worst practitioner. It has become all too common among politicians #TX21. If she had pulled the same stunt in NY she would be serving time. https://t.co/xajWgzWWfM,https://twitter.com/Wakely2020/status/1316142738342129664
Christine Olivo,"10/22/2020, 00:11:21","@elizableu As long as high profile celebs like Jeff Bezos own mainstream media, they will cover the truth up forever.",https://twitter.com/Christinefor24/status/1319068792144744453
Robin Dominick,"10/12/2020, 00:23:50",@mhenrylaw1 Happy birthday old man üòÑ,https://twitter.com/RobinRD4MO/status/1315448054020014080
Rae Hart Anderson,"10/25/2020, 16:19:25","Pope Francis names Archbishop Wilton Gregory a cardinal, making him the first Black American to have the title! https://t.co/Dz0KNg4xfM",https://twitter.com/GodisHere2day4U/status/1320399575241338880
"Hal Ridley, Jr.","10/30/2020, 00:33:07","Heat within the earth is the virtual endless supply of clean energy we know is there at different depths &amp; desperately need. New drilling technology &amp; methodology can bring this clean energy source to the surface as base power w/ wind, solar &amp; hydrogen, safely, cheap, &amp; quickly.",https://twitter.com/HalRidleyJr/status/1321973371966509069
Andrew Olding,"10/22/2020, 16:18:20","@9liberal @RealSpikeCohen @karldickey Bro. You're profile says you're open minded, but the first thing you go to when someone says something conflicting with your flawed world view is that they must get their news from a biased source. Look internally. Understand that that isn't consistent.",https://twitter.com/AndrewOlding/status/1319312140445110274
Jonia Broderick,"10/19/2020, 02:40:03",2 people followed me // automatically checked by https://t.co/zMoi2bATx7,https://twitter.com/teamjonia2020/status/1318019046927962112
Christine Olivo,"10/03/2020, 21:03:51","@miguelbaluyut thank you for following me! By any chance would you be willing to donate $4 or even $1 to my campaign? I‚Äôm fighting for Medicare for all, UBI, a $15 minimum wage and much more! https://t.co/EutMQBZJCN",https://twitter.com/Christinefor24/status/1312498621766533123
Luis Roberto PiÔæÉÔΩ±ero,"10/25/2020, 14:49:39",#NoEstadidad #PatriaNueva #Puertorrique√±osSiempre üáµüá∑ https://t.co/jF9HXmpQA0,https://twitter.com/luisrobertoII/status/1320376984162209792
Andrew Olding,"10/14/2020, 01:47:20",@LibertyAnders Are there people doing that on Twitter right now?,https://twitter.com/AndrewOlding/status/1316193844006969344
David Krucoff,"10/09/2020, 18:48:33","Vegas odds for Complete DC Voting rights this decade, highest to lowest:

@Douglass_County Douglass County, MD: 2 to 1
51st Statehood: 4 to 1
Failure (the status quo): 5 to 1
Constitutional Amendment: 20 to 1",https://twitter.com/dkrucoff/status/1314638900325945346
David Krucoff,"10/24/2020, 19:50:18",@WashSyndicate @SavageJack101 We need more legal immigration and less illegal immigration. Congress has dropped the ball and cities have often chosen sides against the Feds in ways they should not. Let‚Äôs not be ineffective partisan scorekeepers. Let‚Äôs be passionate problem solvers. Join us. We are one.,https://twitter.com/dkrucoff/status/1320090258445357057
Tommy Wakely,"10/06/2020, 17:19:37",You hit the nail on the head @RaniaKhalek but it‚Äôs more than just corporate friendly policies it‚Äôs millionaire corporate lawyers like @wendydavis pushing those policies #TX21 In the end only she &amp; other millionaires will survive #ClimateChange @Native3rd @TXGreens https://t.co/rwSxRaBIYS,https://twitter.com/Wakely2020/status/1313529355973394432
Rae Hart Anderson,"10/25/2020, 15:38:09","""Oh, beautiful for spacious skies . . . ""  Sunshine and stars light our way.  We worship God in Spirit and in Truth--and love each other's right to LIVE and MOVE and keep Stayin' Alive together.  One Nation Under God. . . and we know it! NOW LET'S SHOW IT!
#AmericaTheBeautiful!",https://twitter.com/GodisHere2day4U/status/1320389193101660162
Zayira JordÔæÉÔΩ°n Conde,"10/14/2020, 10:58:23","A las 7:30am estar√© con @riverasaniel en ""Pega'os en la Ma√±ana"". Sintoniza!",https://twitter.com/drajordanconde/status/1316332519919321088
Tommy Wakely,"10/23/2020, 13:23:27","START II is the last remaining major arms control treaty between Russia &amp; the US after Trump pulled out of the Intermediate Range Nuclear Forces Treaty #TX21 Unlike myself, @wendydavis‚Å© is ill-equipped to handle the complexities of issues like this. https://t.co/AR3ogiAVGB",https://twitter.com/Wakely2020/status/1319630517059321857
Tommy Wakely,"10/24/2020, 20:40:46","We've not been following @chiproytx as much as you @TX21Indivisible so you're better qualified to speak about him than I am. But I've have been following @wendydavis &amp; she is a bold-face liar about so many things #TX21 She's flooding the airwaves, looking to buy this election. https://t.co/U55J4it96w https://t.co/ZJdb7ujXeC",https://twitter.com/Wakely2020/status/1320102960744058880
Andrew Olding,"10/08/2020, 02:16:58","Are the #BlackLivesMatter protests not against people EXACTLY like @KamalaHarris ? How could she think she's on the right side of this issue?

#Vote
#VoteGold
@KamalaTheCop",https://twitter.com/AndrewOlding/status/1314026974944296961
William Garlington,"10/23/2020, 01:46:46",Trump is getting the last word and keep going keep going,https://twitter.com/billgarlington/status/1319455189775077377
Steven Kolln,"10/03/2020, 01:12:42",@nbgHoppean @mises Thanks! Although it is because I am a congressional candidate and I think they give it to all candidates who have linked a Twitter so nothing fishy there,https://twitter.com/stevenkolln/status/1312198861771866112
Tim Kelly,"10/07/2020, 12:40:48","What you won‚Äôt read/hear from the MSM. 2,300 medical and health scientists and 2,500 practitioners recommend ‚ÄúFocused Protection‚Äù to protect the vulnerable and let the rest of us get back to normal.  Collateral damage from lockdowns is excessive. https://t.co/kFRc4YEYMe",https://twitter.com/timothykelly/status/1313821576324886528
Rae Hart Anderson,"10/05/2020, 17:23:21","He's been through a lot, but has not shown his courage during several opportunities to vote for  #LIFE! https://t.co/4b7Jx2TKgh",https://twitter.com/GodisHere2day4U/status/1313167910190354433
Andrew Olding,"10/06/2020, 18:41:42",@Rick_in_TX @educated_educ8r Trump took office in Jan 2017. The debt was about 19 Trillion then.,https://twitter.com/AndrewOlding/status/1313550013520326658
Tommy Wakely,"10/14/2020, 00:44:10",Anyone voting for @wendydavis has surrendered to the oil &amp; gas industry who oppose banning fracking to fight this #ClimateEmergency &amp; to the insurance industry who oppose #MedicareForAll because it cuts into their profits #TX21 @LatinasUnidasTX @ActSaws @RecallCPS @votolatino https://t.co/8ReoemGoij,https://twitter.com/Wakely2020/status/1316177946281938946
Andrew Olding,"10/07/2020, 16:14:57",@educated_educ8r There's no question.,https://twitter.com/AndrewOlding/status/1313875472212688896
Luis Roberto PiÔæÉÔΩ±ero,"10/23/2020, 21:56:13","‚ÄúLa Junta de Control Fiscal no vino a Puerto Rico como nos hab√≠an dicho anteriormente,a cuadrar la caja.Vino a asegurarles dinero a ciertos sectores en Estados Unidos y a asegurar el dinero propio.En Washington es que se tiene que dar la batalla,porque ah√≠ fue donde comenz√≥ todo‚Äù",https://twitter.com/luisrobertoII/status/1319759557212708865
Robin Dominick,"10/22/2020, 09:20:11","@jenniferlee_75 As long as you don't drive slow in the left lane üòÖ

I'm not nice to those drivers",https://twitter.com/RobinRD4MO/status/1319206907534438401
John Molnar,"10/16/2020, 14:01:43",@realDonaldTrump Nope. I fought in Iraq and was part of the intelligence community. Yet you backed the washed up NFL has been in my race. You didn't even try to talk to the Libertarian in the race and us Libertarians are done trying to reason with you. Going all in on @Jorgensen4POTUS,https://twitter.com/Gear6A/status/1317103433371955200
Charleston Malkemus,"10/14/2020, 13:11:23","MEET CHARLESTON
I have more to fight for than any other person on the ballot. I'll show you. Watch more here.
https://t.co/79JKfsdaPv
#vote #election2020 #palmbeach https://t.co/KzsJd28rNQ",https://twitter.com/VoteCharleston/status/1316365990071066625
Robin Dominick,"10/08/2020, 20:11:52","@MMAnarchist Next week. üòê
She's had that acct since April.",https://twitter.com/RobinRD4MO/status/1314297481652510726
John Molnar,"10/19/2020, 19:02:37",@Latinos4Lib Man I've always wanted to do something like this. Turn a van into the perfect surf bum van and go spend 2 weeks surfing up and down Baja...,https://twitter.com/Gear6A/status/1318266321461637125
Robin Dominick,"10/31/2020, 09:25:13","@freshsqueezed16 @beejereeno But when I meow back, he looks like I just insulted his ancestors.",https://twitter.com/RobinRD4MO/status/1322469664996220928
David Foster,"11/02/2020, 03:07:07",This was a Hell of a Ride for Patriot Warrior Peace to all https://t.co/Ol9o73wuQI VA2 https://t.co/npg9GIK8cc,https://twitter.com/RsvpTruth/status/1323099289724293120
David Krucoff,"10/28/2020, 21:09:09",@WashSyndicate He's awesome.,https://twitter.com/dkrucoff/status/1321559653604610049
Andrew Olding,"10/10/2020, 05:14:57","Not if we vote for you. 

#VoteGold
#Vote https://t.co/BQIW48jC5f",https://twitter.com/AndrewOlding/status/1314796541526323200
"Hal Ridley, Jr.","10/12/2020, 15:26:03",Read the Book~The place I find myself a page in an old unread book at the top of the back of a dusty shelf where no one‚Äôs ever going to look. The place I lost myself face in the mirror I don‚Äôt even recognize in case it must be someone else believing in this here disguise. The,https://twitter.com/HalRidleyJr/status/1315675102940475394
Robin Dominick,"10/22/2020, 20:05:33",@Sober_Ed You met the governor?,https://twitter.com/RobinRD4MO/status/1319369321961934849
Tommy Wakely,"10/28/2020, 23:08:55","Progressive environmentalists must take the words of @foe_us with a grain of salt, they were co-opted by @TheDemocrats
long ago. Anyone voting for a fossil fuel candidate like @JoeBiden or @wendydavis in #TX21 makes you a collaborator to the coming #ClimateApocalypse https://t.co/QmdtD2yBoi https://t.co/AfKv2ZHTz7",https://twitter.com/Wakely2020/status/1321589794468745216
Jon Dillard,"11/02/2020, 19:13:03",@ammaschi @RepDavidKustoff @realDonaldTrump I have stepped forward to replace the enabler that currently holds the seat for TN 8 US Congress. https://t.co/WvLlMSACcd,https://twitter.com/JonDillard_TN8/status/1323342373741613063
Robin Dominick,"10/15/2020, 05:35:14","@All_TheTriggers Well, I've met you. You're exempt",https://twitter.com/RobinRD4MO/status/1316613585389355008
Michael Rufo,"10/31/2020, 01:37:18","I don‚Äôt think you know what that means....because Trump doesn‚Äôt either..ü§∑üèª‚Äç‚ôÇÔ∏è

#NotSorry https://t.co/WQVd6dMLSM https://t.co/20MBtyhwkE",https://twitter.com/rufo4congress/status/1322351909672525824
Michael Kalagias,"10/08/2020, 14:53:49",@4029news Don't forget ragweed allergies...,https://twitter.com/KalagiasforUS/status/1314217442378502144
Jonia Broderick,"10/15/2020, 16:16:04",@DustinNay Thank you! I plan on continuing to speak out and to fight for policies that will help real people. I really look forward to meeting you when this pandemic is over!!!,https://twitter.com/teamjonia2020/status/1316774856499765249
Bill Rood,"10/07/2020, 11:08:04","Black Portland police officer discusses the racism to which he's been subject from largely white, violent crowds.  Wake up, grassroots Democrats.  THAT is what you are supporting.
https://t.co/4e0lIPdkzQ",https://twitter.com/Antirepublocrat/status/1313798239007760384
Akil Khalfani,"10/23/2020, 14:00:36","Attention! Attention!
VOTE TODAY FOR A POSITIVE CHANGE. Vote for Dr. Akil Khalfani https://t.co/LlieGJoBod",https://twitter.com/DrK4Congress/status/1319639867341606913
Charleston Malkemus,"10/22/2020, 12:50:46","CHARLESTON IS A FIGHTER
He has 20yrs with Marine Corps, 2x combat tours, and is a trained Sniper. He knows how to manage a crisis and return American families to their lives.
#vote #election2020 #palmbeach
https://t.co/79JKfsdaPv https://t.co/zoa9cLkqe3",https://twitter.com/VoteCharleston/status/1319259902431330304
Michael Rufo,"10/26/2020, 13:34:34",Make sure to tell @TellingFabel Happy Birthday! https://t.co/phzeWuKIZs,https://twitter.com/rufo4congress/status/1320720479632740352
Tommy Wakely,"10/29/2020, 12:44:59",San Antonio‚Äôs top business groups have launched a joint effort to defeat the SAWS Accountability Act &amp; Recall CPS petition drives #TX21 I support both ‚Å¶@wendydavis‚Å© opposes both ‚Å¶@TX21Indivisible‚Å© ‚Å¶@RecallCPS‚Å© ‚Å¶‚Å¶@ActSaws‚Å©  https://t.co/fbjpBHJ5c0,https://twitter.com/Wakely2020/status/1321795163614752768
Michael Rufo,"10/21/2020, 15:47:37","The government has breached the supposed ‚Äúsocial contract‚Äù, that people lean on so often in regard to income tax, and payment should no longer be required",https://twitter.com/rufo4congress/status/1318942023840337921
Michael Madrid,"10/03/2020, 16:38:32","@DevinBalkind Will check out kevin, thanks !",https://twitter.com/madrid4nyc/status/1312431854482579457
Robin Dominick,"10/29/2020, 23:25:52",@RedBeardRevenge Definitely a shitty thing to do.,https://twitter.com/RobinRD4MO/status/1321956446917963776
David Canny,"10/22/2020, 08:00:48","RACKETEERING!!!!       A whistleblower CEO and Biden insider, Tony Bobulinski, released a statement claiming that he  witnessed Democrat presidential nominee Joe Biden discussing business deals with his son, Hunter Biden, and so much more.
https://t.co/Zqz3KwSRxu",https://twitter.com/DavidCanny4con/status/1319186932031721472
Ada Norah Henriquez,"10/13/2020, 11:49:15","En lo que va de a√±o 402 personas han sido asesinadas. Esto, a pesar de la reducci√≥n de la poblaci√≥n. Tenemos m√°s de los nuestros muertos por violencia, que d√≠as del a√±o. Totalmente inaceptable.4/4",https://twitter.com/AdaHenriquez1/status/1315982930603376646
Joseph Naham,"10/28/2020, 05:13:07",Poor Justin Turner.,https://twitter.com/MrDunes/status/1321319058416041984
Tommy Wakely,"10/23/2020, 18:42:49",With worsening droughts &amp; climate-fueled wildfires year after year the last thing California &amp; the country need is to carry on using deadly fossil fuels like @wendydavis wants to do #TX21 TX &amp; Calf. can lead the fight against dirty fossil fuel infrastructure @SierraClubAlamo https://t.co/SfzBHvBgQs,https://twitter.com/Wakely2020/status/1319710889533202432
Robin Dominick,"10/18/2020, 05:38:10",@CaptHowdy00 @archers6 Nah you can RT but not comment,https://twitter.com/RobinRD4MO/status/1317701485933793281
Andrew Olding,"10/14/2020, 03:51:49","https://t.co/ZDUCILaIHD

I just want to remind everyone that #JoeBidenIsRacist.",https://twitter.com/AndrewOlding/status/1316225169405415424
David Krucoff,"11/01/2020, 14:14:18","@RealClearNews Thank you Neal. Assuming Biden wins, I do not think that the Dems will go for the retaliation approach unless they achieve 52 Senators. Sen. Manchin (WV) will not support eliminating the filibuster &amp; having to have the VP in the chair to do that would be too divisive to chance.",https://twitter.com/dkrucoff/status/1322904806856531968
Tracey DeBruhl,"10/24/2020, 18:34:03",Meet the spoiled rich kid that thought swapping seat while driving was a good idea &amp; clintons crooked Attorney that ruined a Veteran &amp; his family's lives for Political favors! https://t.co/xqVyAazcEr,https://twitter.com/TDeBruhl/status/1320071071354310657
Andrew Olding,"10/03/2020, 14:16:19","@LikeTheMountain @lancefranklin10, that might not be his real account is one of the greatest athletes of all time.",https://twitter.com/AndrewOlding/status/1312396062464901120
Jonia Broderick,"11/02/2020, 22:20:24",Beautiful https://t.co/wBJG8tTGky,https://twitter.com/teamjonia2020/status/1323389524957749248
Justin Paglino,"10/28/2020, 00:07:09","Everything is fine.  Nothing to see here - no need to tax carbon pollution or #BanFracking  or anything.  Yet most Americans want to see these laws enacted, so why do members of Congress treat these issues like a #HotPotato ? https://t.co/mnnHCbrvup",https://twitter.com/justin4all2/status/1321242061954318336
Andrew Olding,"10/21/2020, 13:07:10",@ManchInkLink @GovChrisSununu @NHDHHSPIO There's a pandemic going on. Is kicking people out of their tents when they already don't have brick and mortar shelters really a good thing to do?,https://twitter.com/AndrewOlding/status/1318901642155220993
David Foster,"10/03/2020, 00:06:31",IF YOU COULD OR CAN VOTE IN VA2 https://t.co/fvZYxNkxdl WOULD OR WILL YOU??? PEACE... https://t.co/gFil7aVKm0,https://twitter.com/RsvpTruth/status/1312182206211612672
Albert Oram,"10/27/2020, 19:16:04","In 2015, before he sold his soul to the devil, Sen. Lindsey O. Graham (R.-S.C.) said this: ""If you can‚Äôt admire Joe Biden as a person, you‚Äôve got a problem. ‚Ä¶ He‚Äôs as good a man as God ever created.""

https://t.co/db15HMhpv4",https://twitter.com/RealMaverickUSA/status/1321168806169948163
Christine Olivo,"10/17/2020, 17:38:59",@BernieSanders We need 2k per month!,https://twitter.com/Christinefor24/status/1317520499027644418
Michael Rufo,"10/05/2020, 00:47:37","@TellingFabel @JoshuaAtLarge You wanna get hella jealous. My daughter plays hockey. Got invited to 2 special events with the Devils last year. Walked the red carpet with PK opening night. They‚Äôre a class organization w/kids and girls in hockey. They‚Äôre ok by me, unless they are trying to lose to the Rangers.",https://twitter.com/rufo4congress/status/1312917323632779264
Andrew Olding,"10/09/2020, 21:46:13",@Saiiirrr To what?,https://twitter.com/AndrewOlding/status/1314683610696478726
Michael Madrid,"10/18/2020, 01:31:27","@HammerDaily would that city gov action involve loosening/getting rid of regulations?  

getting rid of onerous regs is kinda #Libertarian bread and butter",https://twitter.com/madrid4nyc/status/1317639398381551616
Kenneth Cody,"10/20/2020, 06:00:03",@KitCabello @phonejerome Anyone fans of muffins?  Sorry it's 2am. My thought process is winding down.,https://twitter.com/Cody4CongressNJ/status/1318431768618336257
Robin Dominick,"10/07/2020, 21:12:33",I love this!! https://t.co/OIDnxf3AYC,https://twitter.com/RobinRD4MO/status/1313950366019604481
Robin Dominick,"10/10/2020, 05:17:10",@SolipsismCrisis @citizenhush Scared TF out of my cat üê± üòÇ,https://twitter.com/RobinRD4MO/status/1314797096235655168
Ada Norah Henriquez,"10/05/2020, 18:32:30",#SaveWomenSports https://t.co/Aik5QL0BOY,https://twitter.com/AdaHenriquez1/status/1313185309509726211
John Molnar,"10/14/2020, 02:09:55",@agbu Turkey needs to be expelled from NATO,https://twitter.com/Gear6A/status/1316199526680715264
"Hal Ridley, Jr.","10/12/2020, 15:26:03",place I found in you a dark safe hiding space in the book near the end on the page by the grace is the place you look to find me too. So we have another book to write &amp; to read from it all we ever took is all that we will ever need to write &amp; read the book. That‚Äôs the place I,https://twitter.com/HalRidleyJr/status/1315675104420995075
Zayira JordÔæÉÔΩ°n Conde,"10/19/2020, 12:11:39","Prosecution with digital encrypted evidence is possible. In Puerto Rico, there are multiple cases that need computer forensics intervention. Most prominently, Alexa's murder (hate crime). What are the authorities waiting for? @FBISanJuan  
https://t.co/42iA4fuhkD",https://twitter.com/drajordanconde/status/1318162895704854528
Kenneth Cody,"10/16/2020, 05:07:13","@KitCabello  I agree. Just not sure who to choose. Either Hawkins, Jorgensen or write in Tulsi! https://t.co/BzJiqioGEL",https://twitter.com/Cody4CongressNJ/status/1316968919203254281
Michael Rufo,"10/07/2020, 00:36:50","Watching Hamilton and prior to the duel they say ‚ÄúEverything thing is legal in Jersey‚Äù, every time I watch it and here that I cry inside. 

New Jersey man used to be Floridian man fam.",https://twitter.com/rufo4congress/status/1313639386123317248
Tommy Wakely,"10/06/2020, 16:35:00","Well said @UUMFE Systemic oppression in #TX21, which my Black &amp; Brown brothers &amp; sisters know so well, cannot be eliminated until we begin to address #ClimateJustice Asking a millionaire corporate lawyer to do that is like asking Trump to wear a mask. Impossible! @ourrevolutionsa https://t.co/9z17LWW49x",https://twitter.com/Wakely2020/status/1313518129969012739
David Foster,"10/11/2020, 16:38:39","WTP IS THERE A CHAPTER ON, A TRAITOR BORN IN KENYA AN ILLEGITMATE POTUS? HOW I SUPPORTED ISIS? HOW I KNEW NOT TO GO TO BENGHAZI? LIFE AS A PEDOPHILE? MY PLAN TO DESTROY AMERICA FROM WITHIN? HOW THE NEW 117TH FIGHTING CONGRESS WILL H _ _ G ME? https://t.co/fvZYxN2WlN  VA2 PEACE... https://t.co/0TkAkB4I3l",https://twitter.com/RsvpTruth/status/1315330984468979712
Michael Rufo,"10/10/2020, 12:59:40","As the ballot sits on your desk, coffee table or kitchen table. Look for the column with @Jorgensen4POTUS and myself.

For truly independent, truly tolerant, truly caring voices to serve and represent YOU! Please fill those bubbles. Thanks!

@AsburyParkPress @NewJerseyLP https://t.co/ZRBpF3nvFV",https://twitter.com/rufo4congress/status/1314913487651516417
Clark Patterson,"10/25/2020, 04:28:54","Libertarians believe that Obamacare should be phased out. Read more about this at my FB post: https://t.co/lFTYgBXiPH 
#VoteLibertarian
#VoteGold
#BeBoldVoteGold
#Election2020
#Libertarian
#JoJorgensen
#JoJorgensen2020
#SpikeCohen
#ThirdParty
#Liberty
#Vote3rdPartyChallenge",https://twitter.com/clarkpatterso12/status/1320220770874904577
Michael Kalagias,"10/13/2020, 15:02:01",https://t.co/LYoFcrPUVy,https://twitter.com/KalagiasforUS/status/1316031445375148032
David Krucoff,"10/05/2020, 15:53:26","It would be great for you all to cover these debates. Also if your editorial boards are to make endorsements in our race, it would be great if they would watch these debates before they make their endorsements. The voters deserve unrushed coverage of our race. Thank you so much.",https://twitter.com/dkrucoff/status/1313145280930480128
Robin Dominick,"10/12/2020, 04:03:48","@boogahadeen @Booglitarian So TN had ""package stores"" for liquor and wine, but couldn't sell beer? And you couldn't buy a corkscrew in the same store as wine. 
Beer in grocery stores but not wine. 
Just... Weird",https://twitter.com/RobinRD4MO/status/1315503408703512576
Tommy Wakely,"10/10/2020, 17:36:28",Looks like all the white liberals will be supporting @mjhegar even though she twice voted against @BarackObama @indivisibleATX but Black polls like @RoyceWestTX &amp; my former running mate @Cooper4Texas won‚Äôt. Just checking #TX21 TX Dems don‚Äôt win without Black voters. @dbcgreentx https://t.co/3NovAaaPqF,https://twitter.com/Wakely2020/status/1314983147906441216
Michael Madrid,"10/28/2020, 15:48:34",@mksloveskc @ChanceColemanTV #nolibertarianunder1k,https://twitter.com/madrid4nyc/status/1321478974820798467
Andrew Olding,"10/07/2020, 16:14:20",@educated_educ8r There's nothing that stops you from getting a test while you have no symptoms. There's nothing in there that says if you get tested you should Quarantine. There are recommendations on when to get tested and on when to get tested. Getting tested is not a reason to quarantine.,https://twitter.com/AndrewOlding/status/1313875313756196864
Robin Dominick,"10/18/2020, 20:40:24",@chadloder @TeamSaveAmerica Punching someone who was walking away ain't the hill to die on.,https://twitter.com/RobinRD4MO/status/1317928541028220929
Andrew Olding,"10/16/2020, 02:47:09","Did you see what they didn't put there? Privacy rights. Racial Equality. Criminal Justice Reform. Ending the wars. And on and on and on. These aren't oversights. They know and you know he's not gonna address these issues.

#VoteGold
#JoNotJoe
#Vote https://t.co/C6A3AsSehM",https://twitter.com/AndrewOlding/status/1316933671585259520
Andrew Olding,"10/13/2020, 21:21:01",@AmeshiaCross Is this caused by too few polling stations in urban areas?,https://twitter.com/AndrewOlding/status/1316126821260427277
Kenneth Cody,"10/24/2020, 00:59:43",Go Jays Go!!! https://t.co/oeFsU3Sblz,https://twitter.com/Cody4CongressNJ/status/1319805738768879616
Michael Madrid,"10/21/2020, 17:52:35","@liberated_gay Milton Friedman's arguments

https://t.co/Fs9uN0bPSp",https://twitter.com/madrid4nyc/status/1318973469682532352
Jon Dillard,"10/12/2020, 19:33:53",@GOP @BillHagertyTN @Mike_Pence False,https://twitter.com/JonDillard_TN8/status/1315737474631639041
Kenneth Cody,"10/14/2020, 02:20:21",Jesse Ventura https://t.co/4MnyrkEvRt,https://twitter.com/Cody4CongressNJ/status/1316202151539077127
Charleston Malkemus,"10/07/2020, 13:55:41","LIGHT UP THE DARKNESS
One person can always make a difference. Help end the hate and shine a light on those in need. 
https://t.co/rzVbItzYAp
#light #vote #election #westpalmbeach #wellington #boyntonbeach #palmbeach #atlanticave https://t.co/TaL6BRegmb",https://twitter.com/VoteCharleston/status/1313840423203409920
Robin Dominick,"10/16/2020, 02:49:41","Nancy ""Respect My Authori-TY"" Pelosi must have forgotten she's a simple civil servant and it's the job of the press to dig for transparency. https://t.co/SbihsaVzpV",https://twitter.com/RobinRD4MO/status/1316934309366857735
Robin Dominick,"10/15/2020, 07:10:11",@TheBDunn Gravel driveway and cameras all the way around.,https://twitter.com/RobinRD4MO/status/1316637479991156736
Robin Dominick,"10/14/2020, 11:27:45",@ElusiveFred https://t.co/lOOCRpq6WB,https://twitter.com/RobinRD4MO/status/1316339909213532160
Michael Rufo,"10/14/2020, 04:15:32","Yea Covid and the government have done a number on us and the corporate press is telling us that society falling apart. However the negative gets old, I just wanted to take a moment to see the positives. I hope you can do so too. Good night liberty Twitter!",https://twitter.com/rufo4congress/status/1316231137719660544
Tommy Wakely,"10/06/2020, 23:54:03",Yes @wendydavis &amp; @chiproytx have millions &amp; millions of dollars. Both are looking to buy this election #TX21. But what we have that they don't have are everyday working men &amp; women who want #Medicare4All &amp; who want to #banfracking to fight this #ClimateEmergency @OrganizeTexas https://t.co/w7Wfpg1bsP,https://twitter.com/Wakely2020/status/1313628620271824898
David Young,"10/06/2020, 01:07:15","Cindy Axne has voted in lockstep with Nancy Pelosi, voting with her almost 100% of the time. #IA03 #IA03Debate https://t.co/E70jUC5Dq6",https://twitter.com/YoungForIowa/status/1313284651159621636
Jonathan Lott,"10/16/2020, 01:08:24","Also it misspells my name a couple times, but that's being corrected soon, I'm told.",https://twitter.com/MrJonLott/status/1316908821638533120
Michael Rufo,"10/21/2020, 15:24:14",Honestly I‚Äôd love it if they did this. It would be nice to see the human side vs all the hate &amp; vitriol. https://t.co/g33D5M7Ull,https://twitter.com/rufo4congress/status/1318936138061664257
John Molnar,"10/13/2020, 01:18:04",@ej4freedom https://t.co/Owv35g87aD,https://twitter.com/Gear6A/status/1315824088095617029
Rae Hart Anderson,"10/19/2020, 17:16:42","Voting is for promoting life, liberty and the pursuit of happiness--it works! We have a Republic, &amp; by God's grace and ever-present help, we will keep it intact for the next generation.   Breathe in Liberty.  We still have some!!!  Breathe out fear. Onward!  America is Beautiful. https://t.co/UguTMFdYTo",https://twitter.com/GodisHere2day4U/status/1318239665988771853
Andrew Olding,"10/07/2020, 15:46:25",@educated_educ8r Why do you not get tested for COVID? @cvspharmacy and @riteaid locations throughout New Hampshire are offering free tests.,https://twitter.com/AndrewOlding/status/1313868290641530880
Jonia Broderick,"10/28/2020, 20:38:04",There are some fabulous @UnitedUtahParty candidates whose views align with the more moderate and nonpartisan makeup of Utah. Give them a chance to prove it! https://t.co/wY5drTPInX,https://twitter.com/teamjonia2020/status/1321551831575654400
Andrew Olding,"10/12/2020, 16:01:16","Still safe.

Get tested.

Rite Aid does it for free for a lot of people.

#nhpolitics https://t.co/7ZIDFSuykM",https://twitter.com/AndrewOlding/status/1315683968511926275
David Canny,"10/28/2020, 14:27:41",I so want to believe this. https://t.co/DG2EncxdyV,https://twitter.com/DavidCanny4con/status/1321458620664598528
Justin Paglino,"10/26/2020, 13:29:08",How amazing is it that all it takes to end the two-party system that we have suffered under for over 200 years is a simple reformatting of the ballot to allow people to rank their choices in order of preference? #RankedBallots #RankedChoiceVoting #election #Election2020,https://twitter.com/justin4all2/status/1320719109475209216
Albert Oram,"10/14/2020, 21:23:39","One last comparison, Taiwan, just off the coast of China. The U.S. Covid death RATE is currently 2,223.3 times higher than in Taiwan!

https://t.co/xdUTFJiPe1",https://twitter.com/RealMaverickUSA/status/1316489871188516864
Zachary Dumont,"10/03/2020, 16:30:02",#MeanGirlsDay anyone?,https://twitter.com/ZacharySDumont/status/1312429714666029057
Christine Olivo,"10/19/2020, 22:02:47","@Chris_SactoCA Thank you for following me! By any chance would you be willing to donate $7 or even $1 to my campaign? I‚Äôm fighting for Medicare for all, UBI, legalizing marijuana, the freedom of Julian Assange and much more! https://t.co/EutMQChl1n",https://twitter.com/Christinefor24/status/1318311659396530178
Kevin Wilson,"10/28/2020, 19:27:15","Changing these regulations would mean far more government involvement in regulating online speech. I dont trust Reps, Dems, or anyone else to do that. /6",https://twitter.com/KevinWilsonROC/status/1321534009839669251
Robin Dominick,"10/11/2020, 09:42:35",@VetArchistOG @cottonarchist @RealDuncanWayne @BullshidoPol @TheMongoose0861 @KeepItRealLuke @TheRealTypo *all Marines,https://twitter.com/RobinRD4MO/status/1315226281949057030
Rae Hart Anderson,"10/26/2020, 04:53:12","Correcting our course in MN. Smith won't work for ALL of us, so we'll vote to make sure she works for none of us!  

All people's lives count in Minnesota! https://t.co/qb5JYDFRgw",https://twitter.com/GodisHere2day4U/status/1320589271393280000
Michael Rufo,"10/24/2020, 20:00:06","Imagine being a Libertarian &amp; still defending @GovBillWeld as a solid choice &amp; a Libertarian.

Imagine trying to compare him to @RonPaul!

Imagine saying 2 hours spent fundraising THOUSANDS of dollars at the LP national convention is an unproductive waste of time.

@LPMisesCaucus",https://twitter.com/rufo4congress/status/1320092727267233795
David Canny,"10/21/2020, 16:58:37",@jackhunter74 Would he or Mnuchin be a better body double for Groot,https://twitter.com/DavidCanny4con/status/1318959888043835392
Zachary Dumont,"10/20/2020, 22:45:17","Under @MayorJoyceCraig, my hometown #MHT has fallen into complete ruin. Tent cities and needles at playgrounds are the #NewNormal #Democrat Mayor Craig brings to a once renown city. #Elections2020 #WalkAway https://t.co/myfvI1DMxD",https://twitter.com/ZacharySDumont/status/1318684742661902336
Christine Olivo,"10/08/2020, 01:47:19","@HumanityFilms thank you for following me! By any chance would you be willing to donate $5 or even $1 to my campaign? I‚Äôm fighting for Medicare for all, UBI, a $15 minimum wage and much more! https://t.co/EutMQChl1n",https://twitter.com/Christinefor24/status/1314019512560300032
Robin Dominick,"10/14/2020, 11:12:32","@Gus99Lp @the_jon_a_thon @johnnylemuria @richiecastaldo @LPNational It's not.
If there's no plank, then it reverts to individuals' positions, it doesn't default to pro-life.",https://twitter.com/RobinRD4MO/status/1316336081776906240
John Mirrione,"10/19/2020, 12:55:34","Congress Candidate Mirrione Established 1st Mandated Anti-Bullying Program In US History!

WATCH THE ABC-TV CLIP:
https://t.co/jRufUXPPLV",https://twitter.com/JohnPMirrione/status/1318173949163835392
Christine Olivo,"10/18/2020, 23:34:34","We're close to hitting $1,000 today! I'm humbled by everyone's support. This is a testament to the power of our movement! Can we reach $1,000 in the next hour?! https://t.co/IHrYtLgt37 
#NotMeUs #PeoplePower #Politics #Progressives #BLM https://t.co/D3G7EB1fjS",https://twitter.com/Christinefor24/status/1317972370485735426
Andrew Olding,"10/12/2020, 23:45:50",@Sunnysi53913347 No. This is voter suppression. They limit the number of polling places for no reason.,https://twitter.com/AndrewOlding/status/1315800879161896961
William Garlington,"10/23/2020, 02:42:02","They keep Talking about tax returns there‚Äôs nowhere in the rules that running for president you have to by a mandate release any form of tax returns to the public, it‚Äôs all under the FEC filing. Come on man",https://twitter.com/billgarlington/status/1319469097457942529
Zayira JordÔæÉÔΩ°n Conde,"10/18/2020, 13:12:10",Puerto Rico has the potential (and opportunity) to position herself to become a global go-to partner in the development and implementation of AI solutions. #ANewWayForward https://t.co/67peXFzeLN,https://twitter.com/drajordanconde/status/1317815737659150336
Robin Dominick,"11/02/2020, 22:51:17","I don't care what is LEGAL, I do what is MORAL.
I'll still help the homeless, my neighbors, my friends no matter who changes some stupid man made laws. 
Make untaxable income, build your own guns, can veggies, collect rain water, and FUCK THE STATE. 

Vote LP to send a message",https://twitter.com/RobinRD4MO/status/1323397294830555140
Michael Rufo,"10/06/2020, 20:24:10",@SdotKdot756 So we meet over there every month at Empire Diner in Bellmawr. Solid group of 15-20.,https://twitter.com/rufo4congress/status/1313575800600489989
Christine Olivo,"10/06/2020, 23:00:40",The difference between @RepWilson and myself is that I listen to you and only you!,https://twitter.com/Christinefor24/status/1313615183043080192
Christine Olivo,"10/21/2020, 18:53:19",She‚Äôs out here hustling. https://t.co/OJmipPrK80,https://twitter.com/Christinefor24/status/1318988756024578048
Christine Olivo,"10/20/2020, 05:56:19","@Brianwaltdisney  Thank you for following me! By any chance would you be willing to donate $7 or even $1 to my campaign? I‚Äôm fighting for Medicare for all, UBI, legalizing marijuana, the freedom of Julian Assange and much more! https://t.co/EutMQChl1n",https://twitter.com/Christinefor24/status/1318430826841997313
Christine Olivo,"10/13/2020, 23:56:02",@AlanMyron You are absolutely incredible üíï I can‚Äôt thank you enough!,https://twitter.com/Christinefor24/status/1316165832578301953
Andrew Olding,"10/13/2020, 01:46:48","Of course the police want special rights. I say they're just people. Like you or me. #EndQualifiedImmunity
#Vote
#VoteGold https://t.co/48eG0c5Xpx",https://twitter.com/AndrewOlding/status/1315831318870138885
Charleston Malkemus,"10/19/2020, 16:25:46","ENGINEERS FOR CHARLESTON
People want a modern innovative America. Our leaders are not equipped to manage the rapid technical innovation changing our way of life.
#vote #election2020 #palmbeach
https://t.co/p6VA2T5fyU https://t.co/hBSyZyoYPa",https://twitter.com/VoteCharleston/status/1318226847864393728
Michael Rufo,"10/16/2020, 20:50:39",@MAJTOURE Won that appeal I see....good man! Glad to have you back!,https://twitter.com/rufo4congress/status/1317206342776590336
Michael Rufo,"10/06/2020, 08:31:04","@LibertyAnders @MattPatt528 Yes it is and I live there. 

It literally does not get mor central then where I live. I‚Äôm in the center.",https://twitter.com/rufo4congress/status/1313396342081949697
Steve Greenfield,"10/31/2020, 12:45:47","I keep telling liberals ""your argument only works for other liberals, to non-liberals, you just sound Pavlovian, and in safe states, you sound like a nut."" https://t.co/uob0XPoBkz",https://twitter.com/Greenfield4NY19/status/1322520142698434560
Robin Dominick,"10/18/2020, 22:33:17",@gayarchist Michael doesn't like where I put my icy cold feet üòÇ,https://twitter.com/RobinRD4MO/status/1317956947300257794
Tommy Wakely,"10/14/2020, 14:51:08","I agree with Gov. Wolf that legalizing recreational marijuana has many societal benefits #TX21 but @wendydavis won‚Äôt support legalizing pot because of her deep ties to the pharmaceutical industry who don‚Äôt want it. @SANORML @AustinNORML @carnalismo_bb

 https://t.co/TkURdqBQsv",https://twitter.com/Wakely2020/status/1316391094356148224
Rae Hart Anderson,"10/16/2020, 16:49:39","Why not? #Christians do things WRONG &amp; RIGHT &amp; WE may LEARN SLOWLY--LIKE YOU! For God so loved the world that He paid for the sins of THE WORLD--not as a 'dictator god' but as #GodOurSavior, #JESUSPaid 4 the sins of the world. LISTEN! LOVED! Get forgiven2-freely! ASK &amp; Thank God! https://t.co/KOSrScFCY0",https://twitter.com/GodisHere2day4U/status/1317145695158177793
Albert Oram,"10/06/2020, 03:12:04","And remember:

https://t.co/4SlMTOT1J8
https://t.co/PMRopzUnkn",https://twitter.com/RealMaverickUSA/status/1313316063929602048
Tommy Wakely,"10/04/2020, 14:35:53","Nuns on the Bus. Register here.
https://t.co/a3z8LxuICh",https://twitter.com/Wakely2020/status/1312763377220038656
Christine Olivo,"10/21/2020, 22:50:40",Just a daily reminder that we must free Julian Assange! #FreeAssange,https://twitter.com/Christinefor24/status/1319048486260801536
Andrew Olding,"10/10/2020, 19:22:44","@peterawolf Most democracies don't respect individual rights. I don't know how to address that, but by definition, minorities don't get what they want in Democracy.",https://twitter.com/AndrewOlding/status/1315009892143566850
Jon Dillard,"10/23/2020, 22:32:08",@Miasun78 @RepDavidKustoff @realDonaldTrump https://t.co/5CmOvVRfsr,https://twitter.com/JonDillard_TN8/status/1319768595929378816
AnÔæÉÔΩ≠bal Acevedo VilÔæÉÔΩ°,"10/10/2020, 19:41:40","Hoy en Aibonito, en el barrio Pasto, con nuestro pr√≥ximo alcalde Tommy Alvarado, nuestra candidata al senado por distrito de Guayama  Gretchen Hau y nuestra candidata a repres√©ntate de distrito Estrella Mart√≠nez. El cambio viene!! https://t.co/Q0WjPKk1g1",https://twitter.com/anibalacevedo/status/1315014657770479616
Michael Rufo,"10/30/2020, 23:30:32",It‚Äôs been allowed to get to such a ridiculous level that we are here.... https://t.co/AdhqFiQ0Gi,https://twitter.com/rufo4congress/status/1322320010241593344
Idaho Sierra Law,"10/08/2020, 07:21:10","On My! I Am a Candidate for Idaho 2nd District Congress, I am basically banned from the Adams Family publishing, which owns all of Idaho's print media.  I wonder why that is? @Ballotpedia #Ballotpedia https://t.co/n9WEjIgR8x",https://twitter.com/Congress4_IDLaw/status/1314103529120784384
Ada Norah Henriquez,"10/08/2020, 03:35:43",Wow! As√≠ no se administra para lo mejor ni para asegurar el bienestar de todos. ¬øD√≥nde est√°n los incentivos de nuestros enfermeros? https://t.co/EetyLXjFWc,https://twitter.com/AdaHenriquez1/status/1314046790736531456
David Young,"10/29/2020, 00:33:24",Thanks to everyone who came out to the GOP parade and rally tonight in Bondurant! We‚Äôre ready to win this race in 6 days! #IA03 https://t.co/eh4C7YVacg,https://twitter.com/YoungForIowa/status/1321611055819272196
Christine Olivo,"10/20/2020, 04:37:51","@ZipinParadise Thank you for following me! By any chance would you be willing to donate $7 or even $1 to my campaign? I‚Äôm fighting for Medicare for all, UBI, legalizing marijuana, the freedom of Julian Assange and much more! https://t.co/EutMQChl1n",https://twitter.com/Christinefor24/status/1318411081409269762
Michael Rufo,"10/08/2020, 12:24:13","@judiannrocks This sounds like most of NJ and it hurts. 

For others on this thread, I‚Äôm not sure where Judi Ann lives, but in NJ a 1600 squad ft home on 1/5 an acre will come with a property tax bill of at least $7000 and that‚Äôs in South Jersey. I have friends in similar homes paying $10k+",https://twitter.com/rufo4congress/status/1314179792141418498
AnÔæÉÔΩ≠bal Acevedo VilÔæÉÔΩ°,"10/03/2020, 03:30:06","Ma√±ana. Rally virtual. Distrito senatorial de Humacao. 4pm. Domingo. Rally virtual, distrito Mayaguez. 6:00 pm.  https://t.co/Z031S3TSwT",https://twitter.com/anibalacevedo/status/1312233439047954433
Robin Dominick,"10/09/2020, 11:23:28",@CarCampIt https://t.co/qOasGhD9vW,https://twitter.com/RobinRD4MO/status/1314526893237035008
Rae Hart Anderson,"10/04/2020, 16:42:51","We love The Epoch Times and this president! So thankful to God that #45Trump FIGHTS with us to save babies lives, elderly too; &amp; fights to release captured prisoners from terrible jails world wide &amp; #45Trump honors God's Word! https://t.co/f40cfITA4s",https://twitter.com/GodisHere2day4U/status/1312795328270270465
David Canny,"10/27/2020, 14:10:12",Either the voters of Minnesota's 5th Congessional District have chosen to be represented by someone with no understanding of our government or by a flat out liar enflaming the ignorant. #MN-5 #USHOUSE https://t.co/R1fgV9GVsD,https://twitter.com/DavidCanny4con/status/1321091835205439491
Zayira JordÔæÉÔΩ°n Conde,"10/11/2020, 21:40:47","2. Rendici√≥n de cuentas.
Asegurarnos que la utilizaci√≥n de fondos federales se haga de manera transparente y √©stos sean usados de manera responsable y eficaz.
3. Educaci√≥n.
Capacitar a la nueva generaci√≥n de fuerza laboral para enfrentar los nuevos retos que traer√° el siglo 21.&gt; https://t.co/VPbkKU1fm4",https://twitter.com/drajordanconde/status/1315407021773139969
Michael Rufo,"10/06/2020, 07:02:42","It‚Äôs a pleasure to be down ballot from you, @Jorgensen4POTUS! Thank you for making a stop to meet the volunteers on NJ today on your way to Philly! It was great seeing you again!

#VoteGold #Vote3rdPartyChallenge #Vote3rdParty https://t.co/qHTEE3dZa1",https://twitter.com/rufo4congress/status/1313374106394521600
Robin Dominick,"10/15/2020, 08:04:18",@ninjashoes üò≥,https://twitter.com/RobinRD4MO/status/1316651098594332672
Andrew Olding,"10/07/2020, 14:06:56",@alainakayxx Get a cat.,https://twitter.com/AndrewOlding/status/1313843255642071043
AnÔæÉÔΩ≠bal Acevedo VilÔæÉÔΩ°,"10/20/2020, 16:21:21",Conferencia de Prensa: Propuestas para la UPR https://t.co/SPTrh6K2YN,https://twitter.com/anibalacevedo/status/1318588122943246337
Michael Rufo,"10/08/2020, 19:33:00","It‚Äôs fun watching friends on Social Media roast each other about how terrible @JoeBiden / @KamalaHarris or @realDonaldTrump / @Mike_Pence are:

I‚Äôm over here with popcorn agreeing with everything they say...
‚ÄúUh huh yep...they‚Äôre all equally trash.‚Äù

Every day another gets it....",https://twitter.com/rufo4congress/status/1314287698241347589
Steve Hohe,"10/28/2020, 18:21:16","@adkins_2020 https://t.co/tcYrVualhP 
Adkins, from a Libertarian point of view  Taxation is Theft. Sometime soon we should abolish the 16th Amendment (Income Tax) and replace it.",https://twitter.com/stevehoheks/status/1321517403218550784
Robin Dominick,"10/19/2020, 21:17:59","@ChiIIBilly Mine plays fetch with a wadded up piece of paper. 
Ignores cat trees and all fancy toys 
üòê",https://twitter.com/RobinRD4MO/status/1318300387217186821
Joseph Naham,"10/28/2020, 16:52:24","@HarryRBurger @WNYC @BrianLehrer @gpny I've been calling, but No one is picking up. can't even leave a message; the line just rings forever.",https://twitter.com/MrDunes/status/1321495042477969414
Robin Dominick,"10/31/2020, 21:29:13","Ok now there's 15, but I'm almost done.",https://twitter.com/RobinRD4MO/status/1322651868196229120
Michael Rufo,"10/22/2020, 14:37:14",@JohnOdermatt Point being this may create more accurate polling and predictions....,https://twitter.com/rufo4congress/status/1319286698602156032
"Hal Ridley, Jr.","10/26/2020, 00:51:28","I‚Äôm kinda ashamed, all the bragging about great big texas. Texas is the 2nd most hated state. As usual beat by california. I lived all over california &amp; texas an texas is way more hateable, no doubt. Who will be the last state to legalize laweedus? More horses than anywhere but",https://twitter.com/HalRidleyJr/status/1320528436352397312
Bekah Congdon,"10/06/2020, 20:42:30","@jimmy_dore Jimmy - you're fantastic. Please bring @Jorgensen4POTUS or @RealSpikeCohen on the show? Sure won't be 100% agreement, but damn, voters deserve to at least know who else is on every ballot in the country. &lt;3",https://twitter.com/LibertyBeks/status/1313580413227540484
Anthony Cristo,"10/26/2020, 02:51:49",https://t.co/A8h4Mwye6M,https://twitter.com/CristoDude/status/1320558726512824321
Joseph Naham,"10/15/2020, 11:22:42",@GretaThunberg @HowieHawkins Please reconsider your Presidential endorsement @GretaThunberg . part 3// Final ‚òÆÔ∏è,https://twitter.com/MrDunes/status/1316701024594407425
Zayira JordÔæÉÔΩ°n Conde,"10/22/2020, 14:44:55",Final results. #UnCaminoDiferente https://t.co/gO2OowEz7h,https://twitter.com/drajordanconde/status/1319288632792866821
Robert Van Strawder,"10/21/2020, 14:54:04",Just posted a photo https://t.co/7QTXuYerso,https://twitter.com/strawvegasdon/status/1318928547344506880
Victoria Alexander,"10/14/2020, 19:16:26","Dan, I replied to you on July 31 with a yes. You told me that the debate was contingent upon Delgado agreeing. I followed up later and you never replied. I just did an interview on WNYT today and WTEN a couple of days ago. Somehow they managed to contact me just fine. https://t.co/1uw4sF1i4A",https://twitter.com/Alexander4Cong1/status/1316457859341836290
