"Burgess, Michael","10/20/2020, 18:23:13","I joined a letter asking @HouseCommerce to have a hearing on #Section230 &amp; Big Tech censorship policies. Big Tech has a First Amendment right to regulate speech that they host, but their methods should be transparent &amp; applied equally to all users, regardless of political view. https://t.co/dcXRcUChLL",https://twitter.com/michaelcburgess/status/1318618791379611648
Kathy Barnette,"10/15/2020, 19:55:17","Don't Forget Our ""SUPPORT OUR POLICE &amp; VETERANS RALLY"" This Sunday!

Join Kathy Barnette and a great line up of guest speakers at the Kathy Barnette for Congress headquarters.
We will have Music, Food Trucks, and beverages for guests. Entry i...
https://t.co/ojWUoUW0VD https://t.co/BPXA9kIJnV",https://twitter.com/Kathy4Truth/status/1316830022263623686
"Calvert, Ken","10/27/2020, 21:31:07","90,000 jobs in the 42nd Congressional District have been saved thanks to the Paycheck Protection Program, which Congress passed earlier this year. With money still in the account, Speaker Pelosi needs to stop blocking the bipartisan support for restarting this job saving program. https://t.co/8NfSnBfSCc",https://twitter.com/KenCalvert/status/1321202793932156928
"Johnson, Dusty","10/19/2020, 22:16:00","A few observations from my great day as a #MiddleSchoolSubstitute:

1. These kids are great. Some people say the future is bleak. Maybe, but these kids have tons of potential.",https://twitter.com/RepDustyJohnson/status/1318314984372273152
Casper Stockham,"10/25/2020, 20:44:26","Campaign Online Town Hall Call TONIGHT!
https://t.co/56PqBzrxRR",https://twitter.com/Casper4Colorado/status/1320466270853226498
Chele Farley,"10/21/2020, 23:42:39","I am honored to be endorsed by the Police Conference of New York, Inc. PCNY represents over 200 police associations, plus 7 police conferences and one retired police association, making them the voice of 25,000 current and retired police officers in the state.",https://twitter.com/CheleFarley/status/1319061569066700801
"McClain, Lisa","10/27/2020, 16:43:59","It was a huge honor to introduce Donald Trump Jr., yesterday at an event in Washington, MI, supporting President Donald Trump! Michigan plays an important role in this election and we need to ensure that every Republican gets out and votes. #VOTERED #LisaMcClainForCongress https://t.co/BzOOB6B4sm",https://twitter.com/LisaForCongress/status/1321130533376720898
Errol Webber,"10/27/2020, 13:38:15","@realDonaldTrump TRUMP TO-DO LIST, NOVEMBER 4, 2020:

1 - Laugh at Democrats
2 - defund NPR
3 - Repeal section 230
4 - Retire Nancy Pelosi
5 - Destroy ANTIFA",https://twitter.com/ErrolWebber/status/1321083792619196416
Wendell Champion,"10/17/2020, 00:18:30","Volunteers Adrienne and Joshua Wright were at the West Gray polling site today. Thank you for standing strong for Team Champion!! #togetherwewin! 

Sign-up for a 2-hour shift here: https://t.co/fPX4CJfpJW https://t.co/IbSUxfGTEZ",https://twitter.com/ChampionTx2020/status/1317258650453528578
Nisha Sharma,"10/11/2020, 03:31:51","@YuvrajAgarwal20 The US has a bicameral Congress: the House is comprised of 435 Representatives (akin to Lok Sabha), and 100 Senators that make up the Senate (akin to Rajya Sabha). I‚Äôm running for my House District in California. The legislature serves as a check President &amp; Judiciary‚Äôs power.",https://twitter.com/UsaNisha/status/1315132981812498433
"Miller, Carol","10/28/2020, 16:11:56","I joined @SenCapito, @JimBridenstine, @lunarloral, to talk with young girls in #WV about @NASA's #Artemis program  to put a man and woman on the moon by 2024. Seeing the girls' enthusiasm for STEM &amp; space was inspiring. 

America's future astronauts could be from #WV! üöÄ https://t.co/LsnOpHg2SN",https://twitter.com/RepCarolMiller/status/1321484858477170690
"Reschenthaler, Guy","10/03/2020, 22:00:00","This week @RepSwalwell &amp; I joined @realclearnews &amp; @NationalMining to discuss the launch of our Critical Minerals Caucus. Together through our bipartisan efforts, we will find solutions to reduce our reliance on foreign sources for rare earth elements.

https://t.co/GSDPnHuOr3",https://twitter.com/GReschenthaler/status/1312512753668698120
Tre Pennie,"10/26/2020, 21:34:38",Amazing time sitting down with @thejeffcrilleyshow and having a candid discussion about the election. #pennieforcongressüá∫üá∏üá∫üá∏ @ Galleria Dallas https://t.co/HWPAbt2i19,https://twitter.com/sgt_pennie/status/1320841291282976771
"Greene, Marjorie Taylor","10/08/2020, 02:29:05","More liberal than Crazy Bernie 

#VPDebate https://t.co/1UZPSbvQZw",https://twitter.com/mtgreenee/status/1314030023540695042
Nisha Sharma,"10/23/2020, 01:58:04","Damn right @realDonaldTrump, we‚Äôre gonna #TakeBackTheHouse!",https://twitter.com/UsaNisha/status/1319458033571827712
Josh Barnett,"10/12/2020, 22:28:00",@ericowensdc @zev_dr read the article I posted...,https://twitter.com/BarnettforAZ/status/1315781291741122561
Mark Richardson,"10/25/2020, 11:35:11",@DonaldJTrumpJr Can't wait until Lying China Joe gets to go home and tell his friends and family some ‚ÄùChump‚Äù kicked your butt in the election TRUMP2020,https://twitter.com/RichardsonOH3/status/1320328048433049603
Douglas Tuman,"10/16/2020, 00:18:52","Savannah Guthrie is debating the President. This is terrible. 

Let the President speak! #TrumpTownHall",https://twitter.com/ElectTuman/status/1316896354774507521
Christine Quinn,"10/27/2020, 00:50:13",üá∫üá∏Congratulations Amy Coney Barrett! Great things are happening! üá∫üá∏,https://twitter.com/ElectQuinn/status/1320890511880818689
"Williams, Roger","10/17/2020, 01:26:54",Honored to participate in the coin toss tonight between the Lampasas Badgers and the Burnet Bulldogs! There‚Äôs no better way to spend a Texas Friday night. #TX25 https://t.co/pt5oQmeE9L,https://twitter.com/RepRWilliams/status/1317275862312587266
Douglas Tuman,"10/28/2020, 18:40:15",@BlackSw39712046 @RepKathleenRice Thank you! I promise to work tirelessly for you.,https://twitter.com/ElectTuman/status/1321522179960393728
Chris Palombi,"10/07/2020, 21:55:05","Each resident I meet, and every touching story I hear, convinces me that change is not only possible, but necessary.",https://twitter.com/ChrisPalombi/status/1313961066888658956
"Feenstra, Randy","10/26/2020, 22:56:11",@Rushthewriter @RPaulson96 @NWestIowaREVIEW Thanks to Randy for the great conversation!,https://twitter.com/RandyFeenstra/status/1320861813865652225
"Emmer, Tom","10/19/2020, 22:41:38",REMINDER: Today is the last day to apply for the #CongressionalAppChallenge! Middle &amp; High Schoolers can apply before 7PM CT via @CongressionalAC: https://t.co/hKxfgj6PXq https://t.co/JDN3MznZOh,https://twitter.com/RepTomEmmer/status/1318321435425865743
Dave Giles,"10/27/2020, 04:39:14",@deceptibling Yeah,https://twitter.com/VoteGiles/status/1320948146969559041
Ron Curtis,"10/24/2020, 04:23:11","""We don't need no education
We don't need no thought control
No dark sarcasm in the classroom
Teachers leave them kids alone
Hey, teachers, leave them kids alone
All in all it's just another brick in the wall""

Say ""no"" to indoctrination.
Teach how to think, not what to think.",https://twitter.com/rcurtis808/status/1319856944056655872
Robert Lancia,"10/11/2020, 14:50:41","Thanks to my dear friend, Bruce Holland, for inviting me to the gathering spot at the Ann &amp; Hope Outlet Shops for the Trump caravan winding it‚Äôs way to Rocky Point in Warwick today! https://t.co/ofZprbWbKs",https://twitter.com/BobLancia/status/1315303815470555138
Aja Smith,"10/27/2020, 01:39:59",@Annakhait Amen üôè üôè,https://twitter.com/AjaforCongress/status/1320903035086794752
"Johnson, Dusty","10/09/2020, 17:57:21","@GOPKMA George, the CDC guidance is clear that ‚Äúclose contact‚Äù is six feet for 15 minutes.",https://twitter.com/RepDustyJohnson/status/1314626016967634945
Johsie Cruz,"11/01/2020, 01:57:02",.@trump_venezuela @BaldemiroL https://t.co/Z8JsunqKFk,https://twitter.com/JohsieC/status/1322719265594769408
Vennia Francois,"10/13/2020, 17:20:00","Why I'm running:
Because #FL10 deserves better than @val_demings's support for the Pelosi/Sanders socialist agenda.

I believe free markets are best for consumers, small businesses, working families, and new jobs.
#peopleoverpolitics #FlaPol https://t.co/w4pXSNBi4Q",https://twitter.com/Vennia4Congress/status/1316066167178571777
Kimberly Klacik,"11/02/2020, 23:29:03",@JevonWilliamsVI @iamarielww Yes beautiful!,https://twitter.com/kimKBaltimore/status/1323406800620802051
Eric Early,"10/04/2020, 17:03:24",@65su @AdamSchiff Yep. Chip in to my campaign at this link if you want him out of office. https://t.co/U5TbA1jA1K,https://twitter.com/EricEarly_CA/status/1312800499712884736
Aja Smith,"10/24/2020, 19:23:37",@JeffOnTheRight Who got suspended,https://twitter.com/AjaforCongress/status/1320083545105166336
Johsie Cruz,"10/29/2020, 01:48:10","God bless you, your family, and President Trump !",https://twitter.com/JohsieC/status/1321629872574398465
"Gosar, Paul A.","10/15/2020, 19:05:52",#StoptheCensorshipAct https://t.co/fBM76CZW5d,https://twitter.com/RepGosar/status/1316817584680034310
Aja Smith,"10/08/2020, 02:27:08",@Cernovich That will be a great show,https://twitter.com/AjaforCongress/status/1314029532874113030
Derrick Van Orden,"11/02/2020, 19:22:03",Stopped for lunch at Rockton Bar! https://t.co/RVG7TDF5XX,https://twitter.com/derrickvanorden/status/1323344641115250689
Chris Bish,"10/20/2020, 04:38:57",@prayer_x10 @jfradioshow @CitizensAR @LeonBenjamin @ParisBarns @mboyle1 She is also under investigation By the SOS Election Fraud Investigation Unit. https://t.co/rQ06JAGFSE,https://twitter.com/BishForCongress/status/1318411358514278400
"Thompson, Glenn","10/16/2020, 14:10:05",October is National #DownSyndromeAwarenessMonth! This is a time to celebrate the value and vibrancy that individuals with Down Syndrome add to our communities. We can all do our part to raise awareness and promote inclusion! https://t.co/20tSYsedVm,https://twitter.com/CongressmanGT/status/1317105537671114757
Casper Stockham,"10/07/2020, 04:04:53",Joel &amp; Mary Flores with La Presnsa ‚Äì Thank You For Your Endorsement! It's a New Day in CD7! Donate NOW for our freedom! #VoteYourValues https://t.co/Lmx3g8DrSi,https://twitter.com/Casper4Colorado/status/1313691741988556801
Erin Cruz,"10/23/2020, 06:45:24",@SaberX01 I CAN‚ÄôT LOOK ... I JUST CAN‚ÄôT!,https://twitter.com/RealErinCruz/status/1319530345612546049
Thomas Kean Jr.,"10/11/2020, 22:00:01",Morris County Sheriff Jim Gannon explains how you can vote using your vote by mail ballot this year -  It's important you complete and return your ballot right away! #TeamKean #NJ07 https://t.co/82PC2Seq1b,https://twitter.com/KeanForCongress/status/1315411860607426560
Douglas Tuman,"10/27/2020, 13:09:50","I am Doug Tuman and I am running to be your representative in #NY04!

I will support law enforcement, Israel, and veterans, obtain COVID relief funds, lower the cost of medicine, and make college affordable!

Has life been better for you under @RepKathleenRice? #TuesdayMotivation",https://twitter.com/ElectTuman/status/1321076642874331137
Josh Barnett,"10/10/2020, 01:50:38",@DavidJoseCares I‚Äôm reaching out to anyone I can who doesn‚Äôt want to be controlled by big government,https://twitter.com/BarnettforAZ/status/1314745121926123520
"Calvert, Ken","10/15/2020, 18:10:29","This is an important point - the ballot collection laws passed by CA Dems are silent on what to do with ballots between the time they are collected and turned in. Instead of issuing a cease and desist letter, @AlexPadilla4CA could have provided clarity. 
https://t.co/IEkaEOdiz0 https://t.co/rnYFMTG6Cu",https://twitter.com/KenCalvert/status/1316803647452266497
Alek Skarlatos,"10/30/2020, 16:43:06","Help me fight back by making sure to vote and turn in your ballot as soon as possible and dropping your ballot off at the nearest ballot drop box 

https://t.co/I84eHvB7aw

#Alek2020 #BEATPETE #DumpDeFazio #OR04 #FlipThe4th #vote #VoteEarly",https://twitter.com/alekskarlatos/status/1322217477590245376
Charles Winn,"10/12/2020, 15:49:35",https://t.co/8zsFuiCnw7,https://twitter.com/DrCharlieWinn/status/1315681026077863936
Wendell Champion,"10/23/2020, 19:36:07","The CHAMPION CONTRACT with The COMMUNITY will CREATE and PROTECT JOBS for our families in District 18 that will provide real OPPORTUNITY and PROSPERITY for generations. VOTE CHAMPION for Congress, so we can finish what Barbara Jordan started. 
https://t.co/QhiNZxcUoK",https://twitter.com/ChampionTx2020/status/1319724301407424518
"Buck, Ken","10/14/2020, 22:31:27",My letter to AG Barr urging @TheJusticeDept to investigate  Twitter and Facebook‚Äôs censorship and consider removing Section 230 immunity for social media platforms that engage in political content moderation: https://t.co/h8KoYmvlz0,https://twitter.com/RepKenBuck/status/1316506933562683392
"Stivers, Steve","10/15/2020, 20:23:06","I encourage everyone who hasn‚Äôt submitted their 2020 census yet to submit it before the deadline ends today.  However, I urge the Census Bureau and the administration to keep counting.",https://twitter.com/RepSteveStivers/status/1316837022577893376
Elizabeth Joy,"10/25/2020, 01:43:46",üëáüëá https://t.co/xKT5dii3t3,https://twitter.com/LizLemeryJoy/status/1320179212662308864
Vennia Francois,"10/22/2020, 16:27:54","Thank you for having me, @MatureAmericans!

#FL10 #peopleoverpolitics #voteforvennia #FlaPol https://t.co/5oCbZqd7zG",https://twitter.com/Vennia4Congress/status/1319314548617285633
Tre Pennie,"10/03/2020, 21:18:02","One thing I do know is... EBJ can‚Äôt pull up like this anywhere... #peopleaheadofpolitics #pennieforcongressüá∫üá∏üá∫üá∏ @ Dallas, Texas https://t.co/YSEAglUktg",https://twitter.com/sgt_pennie/status/1312502192977240066
Robert Lancia,"10/28/2020, 22:16:58",So sad it had to be cancelled! Sure it would have been a great event! @startchangeri @Lancia4Congress https://t.co/GkgIf9EQSf https://t.co/aNi73DoxRI,https://twitter.com/BobLancia/status/1321576720412135424
"Bice, Stephanie","10/06/2020, 13:00:02","üö®üö® Records are made to be broken...

‚û°Ô∏è  Over $1.5 million raised for Q3

‚û°Ô∏è  5,800+ donors from Oklahoma

‚û°Ô∏è  12,000+ total donors nationwide

New poll out has us with a four-point lead. Bombarded by the far left and still winning. #OK05 https://t.co/XmstHH2xW9",https://twitter.com/stephaniebice/status/1313464029487206401
Douglas Tuman,"10/15/2020, 12:50:33",@RhinoRichH You mean like the entire Russia probe? That kind of Russian disinformation? Or the only kind that fits your false narrative?,https://twitter.com/ElectTuman/status/1316723133265649666
Joanna Harbour,"10/20/2020, 23:32:43",https://t.co/q7kyTkKUas,https://twitter.com/joanna4oregon/status/1318696681290911744
"Greene, Marjorie Taylor","10/15/2020, 17:28:44","Can‚Äôt wait to see my favorite President tomorrow in Macon, GA! 

Republicans must turnout BIG this election. 

We must re-elect @realDonaldTrump, take back the House and kick Nancy Pelosi out of Congress! 

SAVE AMERICA.
STOP SOCIALISM.

DEFEAT THE DEMOCRATS! https://t.co/on3d2XIlMQ",https://twitter.com/mtgreenee/status/1316793143300366338
Josh Barnett,"10/29/2020, 14:55:31",@SenSchumer @CDW83828995 You can thank your absurd shutdowns for businesses going under,https://twitter.com/BarnettforAZ/status/1321828013273567232
"Davis, Rodney","10/30/2020, 17:04:42",Visited the @SalvationArmyUS Food Pantry in Jerseyville to meet with its organizers and volunteers to learn how it is handling the increase in demand for food items and how I can support its mission in Washington. I thanked them for the important work they do. https://t.co/peX5BIs5lp,https://twitter.com/RodneyDavis/status/1322222912003313664
"Luetkemeyer, Blaine","10/09/2020, 23:20:28","Today, 60 of my colleagues joined me in sending a letter to 
@USTreasury &amp; @SBAgov urging the implementation of a streamlined loan forgiveness process for all #PPP loans up to $150,000. Small biz across America simply cannot afford this burdensome process. https://t.co/l5w3AimQpT",https://twitter.com/RepBlaine/status/1314707332694257664
"Jordan, Jim","10/27/2020, 00:02:33","Democrats, mad.

Constitution, protected.

Amy Coney Barrett, confirmed.",https://twitter.com/Jim_Jordan/status/1320878516653772801
Josh Barnett,"10/20/2020, 13:22:15","interests! Look what they try to do now with a fake impeachment, a coup attempt on the President, nonstop obstruction for the last 3 1/2 years and Biden/Obama selling the office of the United States  to China/Ukraine/Romania/Russia/Kazakhstan for personal gain. They never thought",https://twitter.com/BarnettforAZ/status/1318543052177170433
"Tenney, Claudia","10/25/2020, 22:34:09",Love @greggutfeld genius close! https://t.co/2BZZ2aGXwu,https://twitter.com/claudiatenney/status/1320493882648518656
Aja Smith,"10/19/2020, 02:46:24",@SaberX01 @IlhanMN Sent you a DM,https://twitter.com/AjaforCongress/status/1318020647067373568
Casper Stockham,"10/23/2020, 19:40:42",@dab_san Thank you young one but that's not what I said. My age helps me filter out stupid. Our energy market is a large part of our economy. I am okay with other forms of energy and when they can take the place of oil GREAT! We are NOT there yet! We do not need to fund fracking.,https://twitter.com/Casper4Colorado/status/1319725457047048193
Jeff Gorman,"10/28/2020, 20:01:28","UC Berkeley must be better than this.  Prof &amp; ex-Labor Sec Robert Reich, should be careful what he asks for with the Truth and Reconciliation idea.

I believe the Democrat Party may come to an end when #BidenCorruption becomes widely known.  #BookofEsther

https://t.co/K4JwtBlAgn",https://twitter.com/JeffGormanMRY/status/1321542619890003969
"Carter, Buddy","10/13/2020, 20:07:07",Happy Birthday to the @USNavy! Thank you for your service to our great nation! https://t.co/TyHvawlePK,https://twitter.com/RepBuddyCarter/status/1316108226568564736
"Mann, Tracey","10/08/2020, 23:39:25","Tune in now on @KWCH12 for the #KS01 debate! I‚Äôm fighting for our rural conservative values, listen in to hear how I will do so in DC.",https://twitter.com/TraceyMannKS/status/1314349711554482182
"Massie, Thomas","10/23/2020, 03:00:34",@QuentinConway iPhone SE2,https://twitter.com/RepThomasMassie/status/1319473761825992704
Margaret Streicker,"10/14/2020, 11:39:47","Daily we lose well-paying jobs &amp; the CT economy falls further ‚Äî- make no mistake every single job list is a meaningful opportunity for our residents to earn a living, support their family, pay their bills and live out their dreams.  What has @rosadelauro done @ it?  Crickets.",https://twitter.com/ForStreicker/status/1316342936477536258
Ron Curtis,"10/30/2020, 21:22:19","@maximumE4t @AngelikaSielken @hapa_girl33 Bingo!!!

True wealth has nothing to do with money.",https://twitter.com/rcurtis808/status/1322287742999359488
"Crawford, Rick","10/15/2020, 00:13:38","There is no reason you should block URL‚Äôs to the free press. There is no reason for you or the other Big Tech platforms to throttle or cut back traffic on this story. This has to stop, @jack. https://t.co/zjmQdajfHV",https://twitter.com/RepRickCrawford/status/1316532651952689152
"Fischbach, Michelle","10/25/2020, 15:38:23","‚ÄúI was raised pro-life, I am pro-life, I believe absolutely in the right to life from conception to natural death,‚Äù Fischbach said.¬† https://t.co/5iCYsYc2sM #mn07 #prolife",https://twitter.com/FischbachMN7/status/1320389248873353217
"Johnson, Mike","10/31/2020, 19:39:03","What a joy it was yesterday to hang out with the heroes and old friends at Caddo Fire District No. 1. 

When I was kid, I grew up in and around the fire and police academy, and my greatest aspiration in life was to one day become the Chief of the Shreveport Fire Department. (1/4) https://t.co/uwVdkp39nm",https://twitter.com/RepMikeJohnson/status/1322624143712522244
"Massie, Thomas","10/23/2020, 00:46:18",Just found out this was a screen shot of @Chesschick01 ‚Äòs tweet. I found it on Facebook.  That‚Äôs my story and I‚Äôm sticking to it. https://t.co/L0NMzHVMbM,https://twitter.com/RepThomasMassie/status/1319439974744338443
"Cammack, Kat","10/07/2020, 15:06:00","Mayor Brett Peterson of Crescent City is supporting Kat because he knows she is ready to tackle the big issues in Washington for the people of FL-03. He is excited to create solutions alongside her for the rural broadband needs of South Putnam County.

#fl03 https://t.co/ljTwfTJudu",https://twitter.com/Kat_Cammack/status/1313858116870701056
"Hill, French","10/09/2020, 22:32:30","Recently, I took to the House Floor to offer my congratulations to @UALR's Men‚Äôs Basketball coach, Mr. Darrell Walker, who was named the 2019-2020 Sun Belt #CoachoftheYear for his passion for excellence in leadership and hard work. 

Good luck in 2020-21! Go Trojans. https://t.co/VxTVI4xB8j",https://twitter.com/RepFrenchHill/status/1314695258903642115
Chris Bish,"10/24/2020, 23:39:47",Government sanctioned discrimination is intolerable. Doris is on wrong side of every issue that favors regular working people. https://t.co/CPamxJFKbB,https://twitter.com/BishForCongress/status/1320148012165808128
Kendall Qualls,"10/03/2020, 16:28:39",".@JuliaEColeman is a great candidate  to represent Carver County in the Minnesota State Senate! Julia serves on the Chanhassen City Council and will serve our community, and our families, well in St. Paul!  

https://t.co/PxVzTGGzdu",https://twitter.com/KendallQuallsMN/status/1312429367226773506
"Schweikert, David","10/04/2020, 14:59:58","üìåMake sure you are subscribed for important #AZ06 updates regarding different policies and issues. Our office sends a weekly newsletter, and we want you to join the conversation. 

üì¨Subscribe here: https://t.co/B5SLNMLNp9 https://t.co/WbMPBzn4ti",https://twitter.com/RepDavid/status/1312769437968273409
Elizabeth Joy,"10/18/2020, 23:33:57","President Trump is going to win even bigger than he did in 2016üá∫üá∏-And for the first time, since 2010, we are going to flip the Capital Region‚Äôs Congressional seat #NY20 to Republican Red! We are winningüá∫üá∏ We are on the ground everyday and hearing from DemocratsüôåWe can‚Äôt wait! üá∫üá∏",https://twitter.com/LizLemeryJoy/status/1317972214118047744
Mark Reed,"10/13/2020, 05:14:36","BS tweets the solution for Armenia is U.S. utilizing the #GlobalMagnitsky Act. But omits one fact: IT STARTS WITH CONGRESS.

Had enough of Schiff &amp; Sherman politicizing #ArmenianGenocide &amp; current violence occurring?

Elect MarkReedForCongress CD CA30 
1:3 https://t.co/hmkmIIj8PX",https://twitter.com/MarkReed1776/status/1315883613620039683
"Stivers, Steve","10/31/2020, 00:39:02","Now more than ever, everyone must be able to access efficient, high-speed internet to connect with family, friends, work, and to school.",https://twitter.com/RepSteveStivers/status/1322337247346253825
George Santos,"11/02/2020, 08:58:52","In 2012 I stood in the middle of Times Square on election night rooting for @MittRomney along side the folks screaming ‚Äú4 more years‚Äù for @BarackObama. No one looted or rioted. This year stores are boarded up in fear of that! Democrats MUST leash #ANTIFA &amp; #BLM. 

#Elections2020",https://twitter.com/Santos4Congress/status/1323187812884205577
Manga Anantatmula,"10/13/2020, 10:45:37",Amen! That‚Äôll be the first bill I want to pass as a congresswoman!!! https://t.co/lXhAc308gh,https://twitter.com/Manga4Congress/status/1315966917124001793
"Tiffany, Thomas","10/07/2020, 13:05:45","The Democrats who want to defund our police are willing to put your family at risk. Our police deserve our thanks, our respect and better funding. 

The Far Left must be stopped. https://t.co/BaSOiCjJ5t",https://twitter.com/TomTiffanyWI/status/1313827857446076416
Wesley Hunt,"10/26/2020, 21:30:06","It was great to join the folks over at Oil Field 360 this afternoon to discuss the future of the oil &amp; gas industry here in #TX07. 

Thank you for the great conversation. Stay tuned for the full episode coming soon! https://t.co/VwnaMUOb2L",https://twitter.com/WesleyHuntTX/status/1320840148683231233
"Jackson, Ronny","10/03/2020, 01:29:04",https://t.co/odpYksB7E2,https://twitter.com/RonnyJacksonTX/status/1312202977449517068
"Duncan, Jeff","10/31/2020, 21:26:28",Huge accomplishment. Congratulations to Travis Etienne! #GoTigers #ALLIN https://t.co/LxSUxADLCl,https://twitter.com/RepJeffDuncan/status/1322651175720767490
"Burgess, Michael","10/27/2020, 19:11:45",üö®Tarrant county small businesses üö®‚Äì there are still millions of dollars in funds that can be used for assistance if your business is struggling as a result of COVID-19. Learn how to apply on the county website or from the @startelegram https://t.co/N6BHaXBtVW,https://twitter.com/michaelcburgess/status/1321167720944226305
Gary Adler,"10/13/2020, 20:59:54",Need a Gary Adler sign for your property?  Message us with your address for delivery!  #GoGary https://t.co/vkGchmmHvC,https://twitter.com/ElectAdler/status/1316121506603323392
Kimberly Klacik,"10/22/2020, 20:39:50","TONIGHT üá∫üá∏
https://t.co/sDJbWLtWbr https://t.co/H1FFWb6nA5",https://twitter.com/kimKBaltimore/status/1319377948890304520
Douglas Tuman,"10/15/2020, 19:40:54",@DeusExMacarena @itsYourGrace @Chronamut I‚Äôm sure emails are fake and anonymous news stories about Trump are real üôÑ,https://twitter.com/ElectTuman/status/1316826402268819457
Jesse Jensen,"10/03/2020, 17:42:00","Had a great day with ‚Å¶@RichardGrenell‚Å©  out here in #WA08! The Ambassador said it best, ‚Å¶@DrKimSchrier‚Å©‚Äôs refusal to debate is shameful. We need to flip this seat back RED and we will!! https://t.co/wl9jGVxkEV",https://twitter.com/JesseJensenWA/status/1312447826815717378
Chris Bish,"10/12/2020, 14:13:44",Don't give up on us yet. I  am one hell of a fighter @BishForCongress https://t.co/pnQUri8acj,https://twitter.com/BishForCongress/status/1315656903578451968
Aja Smith,"10/07/2020, 01:58:46","The big three, Google, Twitter and Facebook are doing everything in their power to interfere in this election. I am fighting back by filing a criminal complaint against them with the Department of Justice and Attorney General Bill Barr.¬†
üëá
https://t.co/7N9U9wK5N7",https://twitter.com/AjaforCongress/status/1313660003077644290
Greg Musselwhite,"10/21/2020, 16:04:39","@browardpolitics After going door to door for a while in Riviera Beach, and speaking to many people, they are very supportive of President Trump.  This is not a scientific poll, just my experience.",https://twitter.com/GregMusselwhit3/status/1318946310033182721
"Granger, Kay","10/21/2020, 20:40:19","#ICYMI: the @USSFortWorth was awarded a Battle ‚ÄòE‚Äô for excellence in wartime capabilities &amp; readiness. I was proud to save our city's ship from being decommissioned this year, and now I am so glad to see the USS #FortWorth's potential &amp; promising future be recognized by @USNavy. https://t.co/IDxILUTpWO",https://twitter.com/RepKayGranger/status/1319015681933926400
Tiffany Shedd,"10/06/2020, 16:14:00",Our first and hopefully not last debate is this Thursday. I look forward to discussing important issues to rural Arizonans and provide a stark contrast to Tom O‚ÄôHalleran who votes 97% of the time with Nancy Pelosi.,https://twitter.com/Tiffany_Shedd/status/1313512842713206785
Scott Taylor,"10/05/2020, 23:25:19",This is also the difference between @ElaineLuriaVA and myself. #vote https://t.co/erFNxEAXNC,https://twitter.com/Scotttaylorva/status/1313259001648427008
"Williams, Roger","10/28/2020, 19:13:10","Great visiting with employees at La Moderna‚Äôs impressive 150,000 square foot state-of-the-art facility in Cleburne to discuss the adaptations they‚Äôve had to make during COVID-19, the latest on vaccine development, and how our Texas economy is poised for recovery. https://t.co/auKmOWYdHC",https://twitter.com/RepRWilliams/status/1321530465988284418
Johsie Cruz,"10/10/2020, 15:11:04",.@TrumpWarRoom @Scavino45 @WhiteHouse @MattWolking @_Sbenitez @ErinMPerrine @TeamTrump @TimMurtaugh @BlackVoices4DJT @GaryCoby @KLF @BCFPresident @SteveGuest @JennaEllisEsq @hogangidley45 @AndrewHClark @VPComDir @VPPressSec @hannahmac45 @DarinBMiller @_WilliamsonBen @w_terrence https://t.co/IUdXgFHABD,https://twitter.com/JohsieC/status/1314946559440818183
Aja Smith,"10/14/2020, 20:24:10",Did this last week and Hunter Biden story proves my  point on censoring,https://twitter.com/AjaforCongress/status/1316474901599903745
Errol Webber,"10/03/2020, 18:15:47","You need a lot of them for your mental state, but you seem to keep refusing them. https://t.co/OEfXYwfYBq",https://twitter.com/ErrolWebber/status/1312456328590237696
Aja Smith,"10/23/2020, 16:06:16",@robbystarbuck I'm really surprised this wasn't trending big last night,https://twitter.com/AjaforCongress/status/1319671492271980545
"Bucshon, Larry","10/27/2020, 00:42:28",Amy Coney Barrett is supremely qualified to be a Justice on the highest court in the land. President Trump made a great choice in nominating her and I am confident she will do a great job for America.,https://twitter.com/RepLarryBucshon/status/1320888561650995201
Daniel Wood,"10/20/2020, 17:04:05","I had a great day at ‚Å¶@POTUS‚Å© Rally in Tucson, Az! #LeadRight #Arizona https://t.co/kXKB4mGkQX",https://twitter.com/DWood4Congress/status/1318598876744478720
Tyler Kistner,"10/24/2020, 00:47:45",".@AngieCraigMN will enable members of her party to pass the Green New Deal. I'm all for conservationism, but we can't sacrifice the economy on the altar of the Green New Deal. #MN02 #SendInTheMarine",https://twitter.com/KistnerCongress/status/1319802727262834688
Jesus Solorio,"10/26/2020, 18:48:40","Check out @IllinoisChannel (@comcast channel 19) tomorrow at 8PM for a rebroadcast of my interview with @JeffBerkowitzPA. 

If you‚Äôre in #Cicero, #Berwyn, #Riverside and #MelrosePark tune in! 

üîó https://t.co/1S8Yre3lHC",https://twitter.com/jesussoloriojr/status/1320799524395327488
Jeff Gorman,"10/07/2020, 00:20:02","Here's the opening line... ""As two mayors of color, we oppose a desalination project that would impose environmental injustice and economic racism on the people of Seaside and Marina in Monterey County.""

and here's a picture of Delgado he published https://t.co/SqPCSRALKg https://t.co/FD0uyDdye3",https://twitter.com/JeffGormanMRY/status/1313635159757914115
"Greene, Marjorie Taylor","10/28/2020, 23:34:14","TUNE IN NOW!

Going on air with @JoeTalkShow!

#SASS https://t.co/EOHzGGVPgb",https://twitter.com/mtgreenee/status/1321596165528408064
"Massie, Thomas","10/16/2020, 00:53:07",@CardinalStelts @AndyBeshearKY @LuckyDuckPub üòû,https://twitter.com/RepThomasMassie/status/1316904974992003075
Rob Weber,"10/13/2020, 15:36:52","Ohio, it is time for a change. https://t.co/kjEVV6fuLI",https://twitter.com/WestPointWeber/status/1316040215971196931
Vennia Francois,"10/30/2020, 13:58:54","She is aware of Central Florida's future needs as tourism rebounds from Covid, as our transportation hub with the airport and train hub expands and UCF Downtown, with technology and innovation with the Incubator companies. My voice and my vote is for Vennia!",https://twitter.com/Vennia4Congress/status/1322176151868026880
Greg Musselwhite,"10/31/2020, 11:19:42","Prediction. 
Violence WILL break out in Democrat lead cities on Tuesday... This is designed to suppress the Republican vote...
Due to the riots, local officials will try to close polling places...",https://twitter.com/GregMusselwhit3/status/1322498477721571328
Errol Webber,"10/12/2020, 13:03:42",@realDonaldTrump The media is losing their minds! Wait until we flip CA-37! They won‚Äôt know what to do. https://t.co/M8dJ01yxgH,https://twitter.com/ErrolWebber/status/1315639281369612289
Josh Barnett,"10/22/2020, 18:08:08","It‚Äôs time to bring AZ CD7 to Washington D.C. and not the other way around. 
1) I‚Äôm going to fight for our constitutional rights
2) I will do what‚Äôs right and just for all Americans 
3) I will push an American First agenda to bring economic opportunities to everyone. https://t.co/GF7rW9dXnr",https://twitter.com/BarnettforAZ/status/1319339771743752193
"Salazar, Maria Elvira","10/29/2020, 17:45:53","I‚Äôm Maria Elvira Salazar. Journalist. Raised in Little Havana &amp; Puerto Rico. 

I covered wars &amp; took on socialist dictators like Castro &amp; Maduro.

Running b/c:
‚ñ™Ô∏è it‚Äôs a privilege to represent this country
‚ñ™Ô∏è to stop socialism &amp; corruption
‚úîÔ∏è term limits

https://t.co/KOvVICYwxV",https://twitter.com/MaElviraSalazar/status/1321870886580924417
Aja Smith,"10/23/2020, 04:25:09",@agent_99 Yes..Louisiana..my grandmothers home state.,https://twitter.com/AjaforCongress/status/1319495049546067968
Charlotte Bergmann,"10/17/2020, 05:37:16",@linedrive161 @memphisnews Nothing. He actually likes keeping his district poor as it allows more *government money* to shuffle through. I want TN09 to thrive and shine again. Please honor me with your vote so I may work for you.,https://twitter.com/ElectBergmann/status/1317338871970017280
Scott Taylor,"10/15/2020, 01:49:41","Thoughts, @ElaineLuriaVA ? https://t.co/BXalst07pP",https://twitter.com/Scotttaylorva/status/1316556823575568385
"Bishop, Dan","10/29/2020, 20:35:53",The State Board of Elections must immediately send its own staff to correct the improper management of the Anson early voting place (and Election Day polling sites) and must determine how many voters have been illegally ‚Äúassisted‚Äù by partisans prior to corrective action.,https://twitter.com/jdanbishop/status/1321913670482464769
Aliscia Andrews,"10/05/2020, 01:17:01","Hope you can attend at least one of our many events this week! We have door knocking launches from the office each day, a Moms for Aliscia Andrews Coalition Wine Night, and our Indian American Meet and Greet! #VA10 

RSVP here: https://t.co/X3EsHWtZdj",https://twitter.com/alisciaandrews/status/1312924722645078024
"Hice, Jody","10/27/2020, 00:37:34","#AmyConeyBarrett is the Left's worst nightmare: a proud pro-life Christian conservative woman who refuses to apologize for her beliefs.
 
#ACB isn't just a #SCOTUS Justice. She's a role model for future generations, including my own daughters and granddaughters! https://t.co/1FS4r9oiyF",https://twitter.com/CongressmanHice/status/1320887325870739457
"Burgess, Michael","10/20/2020, 23:10:03",It is important for Joe Biden to be transparent about his policy on court packing. https://t.co/tt1vcEZoeS,https://twitter.com/michaelcburgess/status/1318690977268289539
Rob Weber,"10/30/2020, 14:14:01","HEY PATRIOTS!

It's the last weekend before THE BATTLE TO SAVE AMERICA, and one of the last times you'll be able to join my army by donating to my campaign!

Pitch in $10, $20, whatever you can to help RETAKE THE HOUSE:
https://t.co/s7DvEW1BYi",https://twitter.com/WestPointWeber/status/1322179959545339905
Aja Smith,"11/02/2020, 02:38:15",@Chriscarroll50 @Paula_White Amen üôè üôè,https://twitter.com/AjaforCongress/status/1323092025059672064
Jesus Solorio,"10/17/2020, 13:41:40","#ICYMI: I joined @IllinoisChannel‚Äôs Jeff Berkowitz to discuss the lackluster job @ChuyForCongress has done as congressman #IL04. 

I want to make sure people are back at work and kids back in the classroom. 

https://t.co/A2EQYPTzWk",https://twitter.com/jesussoloriojr/status/1317460773191471106
Nisha Sharma,"10/07/2020, 15:41:09",Thanks @LaraLeaTrump for traditionally honoring #MahatmaGandhi on his 151st birthday on behalf of @POTUS @realDonaldTrump. It's a stark contrast to @KamalaHarris's lip service to the Father of Modern #India &amp; the spiritual guide of American Civil Rights Icon #MLK #nonviolence. https://t.co/5vMGLQkWi2 https://t.co/Q2lUMFXL5O,https://twitter.com/UsaNisha/status/1313866964859846659
"Foxx, Virginia","10/29/2020, 14:18:05",America's economy is roaring back! https://t.co/aflmgA2Bvj,https://twitter.com/virginiafoxx/status/1321818591369568257
"Burgess, Michael","10/15/2020, 00:56:13",It is good to hear from @FLOTUS about her first-hand experience with #COVID19 ‚Äì and to learn that she is feeling better. https://t.co/NuDNMPVwgy,https://twitter.com/michaelcburgess/status/1316543367300427776
Eric Early,"10/20/2020, 18:28:13","My opponent @AdamSchiff belongs in a psycho ward.

He is a Disinformation Factory. 

Every word of his a lie. 

He says Hunter‚Äôs laptop is Russian disinformation!

Bidens are China‚Äôs, Ukraine‚Äôs and Russia‚Äôs stooges. Huge $$.

Investigate Schiff:friend of America‚Äôs enemies!",https://twitter.com/EricEarly_CA/status/1318620050207682563
"Boebert, Lauren","10/27/2020, 13:12:51","Put up plexiglass.
Distance the tables.
Reduce your customers.
Sanitize regularly.
Register your guests.

Did you do everything? 

Great. Now close.",https://twitter.com/laurenboebert/status/1321077402131402754
Jenny Sharon,"10/21/2020, 04:30:28",@TroyAikman Now explain your Kamala/Biden comment.,https://twitter.com/jenny4congress/status/1318771613437956096
"Carter, John","10/04/2020, 23:33:06","As the #COVID19 pandemic continues, our health care workers rise to the challenge. Thank you to the doctors, nurses, and hospital staff that work to keep #Texans healthy. https://t.co/qE9TWaS2yN",https://twitter.com/JudgeCarter/status/1312898572073959424
"Greene, Marjorie Taylor","10/23/2020, 01:57:33","Big city billionaires are all in for Joe Biden. George Soros and Bloomberg are spending hundreds of millions for Biden.

#Debates2020",https://twitter.com/mtgreenee/status/1319457903271608322
"Burgess, Michael","10/22/2020, 17:44:37","Another day, the same Democrat obstruction. https://t.co/XYEIllFtCJ",https://twitter.com/michaelcburgess/status/1319333853849321473
"Greene, Marjorie Taylor","10/05/2020, 01:51:38","Democrat activists in the media and the left are becoming unhinged that @realDonaldTrump is getting better from the virus.
People‚Äôs comments are appalling.

 Survival rates from #COVID19 according to the @CDCgov

0-19: 99.997%
20-49: 99.98%
50-69: 99.5%
70 &amp; over: 94.6%",https://twitter.com/mtgreenee/status/1312933435233755136
Kimberly Klacik,"10/07/2020, 00:35:17",Thank you! https://t.co/VCloXlAfmp,https://twitter.com/kimKBaltimore/status/1313638997500059654
Chris Bish,"10/21/2020, 18:48:17",https://t.co/jADt8FUgZl Join me on Politichatter for uncensored posting use #Bish to receive a verified account,https://twitter.com/BishForCongress/status/1318987487167967232
Aja Smith,"10/23/2020, 03:49:15",@frank00l Lol!! It was really interesting hearing him tell that story.,https://twitter.com/AjaforCongress/status/1319486015652851712
"Emmer, Tom","10/21/2020, 17:39:38",Public-private partnerships like #BioMADE have made America a world leader in #innovation. Thank you to @DeptofDefense for this incredible investment in @UMNews talent! https://t.co/xKAso5IgMk,https://twitter.com/RepTomEmmer/status/1318970211509436428
"Tenney, Claudia","10/03/2020, 12:27:27",@GovMikeHuckabee @WaffleHouse I wish we had one in our region.,https://twitter.com/claudiatenney/status/1312368668853112832
"Bice, Stephanie","10/10/2020, 20:13:06",@OhYouGirl @trent_ratterree nope. Not true at all. I met with groups of teachers every single day of the walkout - including Edmond. Frustrating the misinformation being spread. üëáüèºüëáüèºüëáüèº https://t.co/iFPqoxl7OH,https://twitter.com/stephaniebice/status/1315022567351214081
Scott Taylor,"10/15/2020, 23:22:01",No thanks. https://t.co/THPWwf9VSb,https://twitter.com/Scotttaylorva/status/1316882050230685697
"Fitzgerald, Scott","10/27/2020, 13:37:04","Election Day is one week away! We need your support here in the home stretch. Join team Fitz to send a proven conservative fighter to Congress.
https://t.co/dt11Apo6Ki https://t.co/5Anx0HdtNX",https://twitter.com/FitzgeraldForWI/status/1321083495536562182
Vennia Francois,"10/09/2020, 16:56:01","On the ground every day I hear the same thing everywhere I go: #FL10 needs someone in Congress that truly represents our interests &amp; hasn't ""gone Washington."" I'm committed &amp; connected to this community and will always put #peopleoverpolitics not #poweroverpeople.
#FlaPol https://t.co/s9UtJo0GdG",https://twitter.com/Vennia4Congress/status/1314610583216545792
Alek Skarlatos,"10/14/2020, 20:35:51",@mascoombes Thank you so much @mascoombes !,https://twitter.com/alekskarlatos/status/1316477844940222464
"Scalise, Steve","10/19/2020, 21:33:05","üö® Add Cuomo to the list of anti-vaxxer Dems.

He's now telling Americans to be skeptical of a CDC/FDA approved COVID vaccine.

This from the same man who broke federal guidelines and issued a nursing home order that killed thousands of seniors.

Maybe he should sit this one out. https://t.co/7P3NFRxyIr",https://twitter.com/SteveScalise/status/1318304185327194112
Joe Akana,"10/22/2020, 05:04:20",@NoheatheConure @BlueKomand Thank you Kevin,https://twitter.com/Joe_Akana/status/1319142522384388096
Lavern Spicer,"10/07/2020, 17:18:01",Nobody will say this but George Soros likes to use Black women as his puppets because he knows nobody can call them out because of racism. Well guess what? Kimberly Gardner is WRONG to prosecute the St. Louis couple who defended their home with guns and I'm calling her out.,https://twitter.com/lavern_spicer/status/1313891340460199936
Luke Negron,"10/28/2020, 01:58:32",We are going to win. https://t.co/6UVNDCUIiI,https://twitter.com/LukeEdison20/status/1321270092966092800
Christina Hagan,"10/22/2020, 11:59:06","Tim‚Äôs had 18 years to right these wrongs. 

It‚Äôs time for a positive change. 

Vote Hagan‚úÖ
Let‚Äôs start winning again!üóΩüá∫üá∏

https://t.co/gpMwL7J0uP",https://twitter.com/RepHagan/status/1319246901791916037
"Owens, Burgess","10/26/2020, 15:23:55","I promise you,  Nancy Pelosi isn't spending a fortune to get ""moderates"" elected.",https://twitter.com/BurgessOwens/status/1320747995223080960
Errol Webber,"10/12/2020, 14:23:38",@realDonaldTrump We‚Äôve got Karen Bass right next door and have to get rid of her!,https://twitter.com/ErrolWebber/status/1315659395993403394
"Bice, Stephanie","10/06/2020, 01:33:16",She‚Äôs adorable!! And she knows I‚Äôm looking out for Oklahoma‚Äôs future. #OK05 #VoteBice https://t.co/3onXHZ4Zm1,https://twitter.com/stephaniebice/status/1313291198057132032
Aja Smith,"10/23/2020, 03:52:00",Oh this is too much now...really Twitter? Now we can't just retweet? https://t.co/ceqrQCok8C,https://twitter.com/AjaforCongress/status/1319486705041240064
Josh Barnett,"10/21/2020, 23:25:06",@DavidJoseCares @azcentral She has the nerve to talk negatively about a movement to bring child trafficking to light. Strange to me that she runs the McCain institute to stop child trafficking yet hates the fact people are paying attention and exposing it for what it is.,https://twitter.com/BarnettforAZ/status/1319057152451825665
Manga Anantatmula,"10/27/2020, 13:02:31","Hence we must condemn and fight the radicals. But @GerryConnolly chooses to only represent the radicals and fundraise with them, while I care for the majority peacefuls. #TermlimitConnolly. #VoteMangaforcongress https://t.co/cdjlH4N7Ul",https://twitter.com/Manga4Congress/status/1321074800589185024
"Wright, Ron","10/03/2020, 19:47:42","Police Officer Christopher Douglas is a true hero. I encourage everyone to thank him for going out of his way to bring positivity and joy into the lives of children across North Texas.
 
And for also picking the best alter-ego, Captain America!
https://t.co/vGZMN5NhGi",https://twitter.com/RepRonWright/status/1312479458301886465
"Tiffany, Thomas","10/29/2020, 15:30:33",I always have and always will back the badge! #VoteTiffany https://t.co/hjXJMczyUZ,https://twitter.com/TomTiffanyWI/status/1321836829704859648
"Boebert, Lauren","11/01/2020, 23:07:26","And with this, you may as well begin writing your concession speech. https://t.co/v3uoNgEjYd",https://twitter.com/laurenboebert/status/1323038970184404993
"Spartz, Victoria","10/03/2020, 12:41:04",Monday is the last day to register to vote in Indiana! Click here to register or check your voting status: https://t.co/bMwOz1Mh7J,https://twitter.com/Victoria_Spartz/status/1312372094857084928
Tyler Kistner,"10/29/2020, 20:04:36","We had great conversations about the agriculture business at our second event in Northfield! Thanks to future State Rep. Joe Moravchik for joining us, and it was great to see @SenatorDraheim as well. On to Wabasha and Goodhue counties! #MN02 #SendInTheMarine https://t.co/FKR2ZtdDWe",https://twitter.com/KistnerCongress/status/1321905798319099916
Miriam Berry,"10/21/2020, 07:46:23",@DeAnna4Congress Repent!,https://twitter.com/MiriamBerry3/status/1318820916030300160
"Jordan, Jim","10/15/2020, 19:45:38",https://t.co/WAko3YTkcc,https://twitter.com/Jim_Jordan/status/1316827593883242497
Josh Barnett,"10/08/2020, 19:08:49",@elskemccain @TheJusticeDept @realDonaldTrump @DonaldJTrumpJr SDNY,https://twitter.com/BarnettforAZ/status/1314281613807607808
"Meijer, Peter","10/18/2020, 17:41:03",@NickLaFave Congratulations!,https://twitter.com/VoteMeijer/status/1317883404696866818
"Ferguson, Drew","10/13/2020, 11:59:12","My friend, @Perduesenate drew a stark contrast to Jon Ossoff in yesterday‚Äôs debate. Was like watching the Dawgs beat TN!",https://twitter.com/DrewFergusonGA/status/1315985438025359360
"Bacon, Don","10/21/2020, 14:30:26","The Obama Admin devastated our military readiness. By 2017 more troops were dying in accidents than combat: training hours down, aircraft unflyable, warships colliding, munitions critically low. As a #HASC leader I worked to pass 3 years of defense legislation to fix this crisis. https://t.co/A8AQ4DXnG4",https://twitter.com/RepDonBacon/status/1318922597107728384
"Mooney, Alex","10/07/2020, 15:22:27","üá∫üá∏ Together, we will rebuild the greatest economy in the world!

‚úÖ Since May, 11.4 million jobs have been added back to the economy.

‚ÄºÔ∏è Let's work to reduce burdensome regulations on small businesses and get Americans back to work. https://t.co/N4VjJCrsVe",https://twitter.com/RepAlexMooney/status/1313862257290469376
Wendell Champion,"10/13/2020, 18:29:12",Thank you for your vote! #togetherwewin! https://t.co/sY7whpiYXC,https://twitter.com/ChampionTx2020/status/1316083581605814272
Agnes Gibboney,"10/29/2020, 16:48:44","@cecekat60 @POTUS @realDonaldTrump @WhiteHouse @seanhannity @LouDobbs @TuckerCarlson @SebGorka @BreitbartNews @IngrahamAngle I know it was televised live and repeated 2-3 times, they misspelled my name, careless.",https://twitter.com/agnes_gibboney/status/1321856506157965312
Lisa Scheller,"10/27/2020, 00:20:12","Congratulations to the newest member of the United States Supreme Court, Amy Coney Barrett! https://t.co/eAacwSIfbF",https://twitter.com/SchellerforPA/status/1320882958656589825
Josh Barnett,"10/30/2020, 15:19:00",The lack of action by the @FBI and @TheJusticeDept is disturbing https://t.co/d2w1rjE7yX,https://twitter.com/BarnettforAZ/status/1322196310192132096
Greg Musselwhite,"10/23/2020, 02:20:00",@Kenneth64986685 Joe has a very selective memory... when he remembers anything.,https://twitter.com/GregMusselwhit3/status/1319463554165182465
Aja Smith,"10/08/2020, 02:40:11",@JackPosobiec Biden picked the wrong VP,https://twitter.com/AjaforCongress/status/1314032815294431234
Chris Bish,"10/15/2020, 08:31:53",Gavin Newsom is the Grinch that perpetuated this nightmare. I  challenge Everyone tired of the Covid lockdown to have their house decorated for Christmas by Election  Day! No short cutting Halloween! https://t.co/lHRAWKqjTM,https://twitter.com/BishForCongress/status/1316658037415837698
Charlotte Bergmann,"11/02/2020, 03:57:55",Yes!!! https://t.co/85McNf3i5g,https://twitter.com/ElectBergmann/status/1323112075682603009
"Babin, Brian","10/05/2020, 21:46:31","I‚Äôm proud that @realDonaldTrump &amp; @USTreasury continue to hold enablers of the vile Assad regime accountable as we push for a peaceful resolution of the Syrian conflict. We are a nation who seeks for the peace, freedom, and prosperity for all! https://t.co/clVaJbw4E9",https://twitter.com/RepBrianBabin/status/1313234137915043841
Manga Anantatmula,"10/07/2020, 23:46:39",REVEALING raw audio from Biden's last debate. https://t.co/UlnAutwPv3,https://twitter.com/Manga4Congress/status/1313989146709553154
Jeff Gorman,"10/07/2020, 04:10:45",@JoshCopitch I support #MoreCowbell but I think Will Farrell is a bit over the top. #80sRock or is that #70sRock,https://twitter.com/JeffGormanMRY/status/1313693220321198081
"Chabot, Steve","10/09/2020, 19:09:13","According to SBA data, the First Congressional District was one of the top recipients of #PPP funding in Ohio, supporting ~250,000 jobs, more than any other Ohio district.",https://twitter.com/RepSteveChabot/status/1314644101728436228
Ron Curtis,"11/01/2020, 04:13:12",@HadleyMaga #UnitedWeStand,https://twitter.com/rcurtis808/status/1322753534622752768
Chris Bish,"10/31/2020, 06:37:36",@craig_vee @BuzzPatterson Have you considered the reason you still get the mail is coordinated?,https://twitter.com/BishForCongress/status/1322427485061935104
"Rose, John W.","10/13/2020, 12:13:29","SATURDAY: I will host my annual Military Academy Day virtually at 10:00 am. 

Your Congressional team and Academy Representatives will provide informational insights on the academy application and nomination process, as well as answer related questions.",https://twitter.com/RepJohnRose/status/1315989032221003776
Josh Barnett,"10/10/2020, 00:58:00",@FoxNews Sure it was üòÇ,https://twitter.com/BarnettforAZ/status/1314731876263755776
Greg Musselwhite,"10/31/2020, 01:59:09",@joecollins43rd Get it done Joe... we need you.,https://twitter.com/GregMusselwhit3/status/1322357410258915328
"Simpson, Mike","10/06/2020, 14:34:23","The @IRSnews announced that it‚Äôs extending the deadline to claim an Economic Impact Payment by five weeks to help individuals who haven‚Äôt yet received a stimulus payment.

https://t.co/tusObwy2ct",https://twitter.com/CongMikeSimpson/status/1313487773979021320
"Greene, Marjorie Taylor","10/22/2020, 14:09:32",#BidenCrimeFamily + Kamala https://t.co/0YhWL0gfBZ,https://twitter.com/mtgreenee/status/1319279727010476045
Greg Musselwhite,"10/22/2020, 01:27:18",@ScottBaio You are correct sir... having the strength and integrity to do what you believe is right is often hard.,https://twitter.com/GregMusselwhit3/status/1319087903113465856
"Steube, W. Gregory","10/05/2020, 18:30:00","Violent terrorist groups like ANTIFA are destroying our cities with little resistance from liberal leaders.

My Republican colleagues and I demand an investigation into who is funding these organizations so they can be held accountable for the damages.

https://t.co/zS2u8shIiV",https://twitter.com/RepGregSteube/status/1313184681307697153
"Wenstrup, Brad","10/20/2020, 00:24:50",The @gopdoccaucus condemns Governor Andrew Cuomo's anti-COVID vaccine statements in his interview with @ABC: https://t.co/inG3KNZhWn,https://twitter.com/RepBradWenstrup/status/1318347410259718144
Julie Hall,"10/07/2020, 14:36:20","üá∫üá∏üá∫üá∏Patriots, I'm Julie Hall, retired Air Force Colonel, and I have a big ask.  I'm need more volunteers to my campaign and turn MA-4 red.  Please *RETWEET*. Help me find local patriots.  Newton to Fall River to Hopkinton.üá∫üá∏üá∫üá∏

https://t.co/8nS1rT5prI https://t.co/td4cU21Cd9",https://twitter.com/Hall4CongressMA/status/1313850652620193793
Vennia Francois,"10/08/2020, 01:16:49","@KamalaHarris, the Senate's most liberal member, would undermine our First and Second Amendment rights--the very rights that keep us free and have made America the greatest nation in world history. 
#FL10 #FlaPol #vicepresidentialdebate2020",https://twitter.com/Vennia4Congress/status/1314011834446417921
"Carter, John","10/22/2020, 18:16:47","Our #CommitmentToAmerica 
‚û°Ô∏è Restore our way of life by defeating COVID-19
‚û°Ô∏è Rebuild the greatest economy with low taxes and pro-growth policies 
‚û°Ô∏èRenew the American dream so every American prospers https://t.co/1gn9RzO7KM",https://twitter.com/JudgeCarter/status/1319341947522289666
Dasha Pruett,"10/08/2020, 21:50:03",Endorsement:  Firearms Owners Against Crime Endorse Dasha for Congress:  https://t.co/EmyQwmIf4c #2a #gunowners #faoc #flipthehouse #vote2020 #delco https://t.co/wu6i5GiOh5,https://twitter.com/DashaPruett/status/1314322189181648901
Johnny Nalbandian,"10/22/2020, 16:58:20",üá∫üá∏#AmericaFirst #AmericaStrong üóΩ https://t.co/aYbvnOGS8g,https://twitter.com/Johnny_Congress/status/1319322207391105030
