Christopher J. Hale,"10/24/2020, 12:59:20","I enjoyed my walk through Pikeville last night. 

Congratulations to Bledsoe County who rolled to 9-0 after another victory.

When I work to fully fund Tennessee public schools, the Warriors will finally get their band back to complement their record setting football program. https://t.co/lcI8NayCJT",https://twitter.com/chrisjollyhale/status/1319986836182388737
"Pingree, Chellie","11/02/2020, 19:00:52","If you plan to #vote in-person tomorrow, take @nirav_mainecdc‚Äôs advice to stay healthy:

üò∑ Wear a mask 

üßº Wash your hands frequently 

‚ÜîÔ∏è Stay at least 6 ft apart from others

(I got this üç´ from Wilbur‚Äôs of Maine) https://t.co/DaUqq65CHC",https://twitter.com/chelliepingree/status/1323339309370531841
"Kind, Ron","10/15/2020, 17:09:47",TODAY is the deadline to complete the #2020Census. Visit https://t.co/1sHC1Zi1TM to make sure you're counted! https://t.co/EgIIpjzZdm,https://twitter.com/RepRonKind/status/1316788374712258560
Joan Greene,"10/12/2020, 17:48:20","I was presented with the helmet Phil wore as Fire Chief in IL.

White helmet represents the leader who provide the firefighters with clear &amp; safe direction.

As #AZ05 Rep. I will identify the problem &amp; provide a plan to make things better. 

#HireJoan 
https://t.co/QABDPGu1rT https://t.co/j7iERGrurz",https://twitter.com/joangreeneaz/status/1315710909289963520
Phil Ehr,"10/26/2020, 20:18:00","Northwest Florida is made up of hard workers and faithful leaders. We need a representative who will dignify hard work and stand up for our community, not one who will abandon us to hang out with elites.",https://twitter.com/PhilEhr/status/1320822004669321216
Russell Foster,"10/08/2020, 12:07:35",Sounds like Trump is chickening out on doing a second debate. Poor #ChickenTrump https://t.co/0D2mC6OaTA,https://twitter.com/RussellFosterTX/status/1314175605370507265
"Vela, Filemon","10/23/2020, 22:52:14","The Drug Enforcement Administration (DEA) is hosting a National Prescription Drug Take Back Day tomorrow from 10:00 am to 2:00 pm at Sunrise Mall in Brownsville, Texas in honor of the 19th annual #NationalPrescriptionTakeBackDay. https://t.co/6c4dS2yZ62",https://twitter.com/RepFilemonVela/status/1319773655962890248
Jon Hoadley,"10/23/2020, 01:09:46","Hey folks - we're not out of the woods yet. COVID-19 cases in Michigan and across the country are on the rise once again.

Stay safe - wear a mask. #Debates2020 https://t.co/LfsJWomni5",https://twitter.com/JonHoadley/status/1319445878487339008
Matthew Best,"10/19/2020, 16:17:02","@RandPaul Rand Paul is stoking hate against those across the political aisle to deflect from the fact his party members are becoming domestic terrorists, plotting to kidnap and kill governors.",https://twitter.com/BestforKY/status/1318224649898086400
Tricia Zunker,"11/02/2020, 00:39:16","November is #NativeAmericanHeritageMonth. I'm a proud member of the Ho-Chunk Nation. Please retweet my launch video which shares a snippet of our history. We are the ""People of the Big Voice"" and I'm going to be a big voice for the people of #WI07 in Congress. https://t.co/z9632WYAl8",https://twitter.com/TriciaforWI/status/1323062082842071040
Christopher J. Hale,"10/15/2020, 02:24:00","He has his last FEC deadline before the election tonight at midnight.¬†Will you chip into¬†this¬†fight right now?

He won‚Äôt let you down. He‚Äôs made me proud for 31 years. He‚Äôll make all of us proud in the United States Congress. https://t.co/tFeOnVFzrV",https://twitter.com/chrisjollyhale/status/1316565459593056258
"DeSaulnier, Mark","10/21/2020, 16:11:39","545 children effectively orphaned by the cruelty of the Trump Administration‚Äôs immigration policies. The harm caused by @POTUS is irreparable. #FamiliesBelongTogether
https://t.co/4CuCVaf6Ab",https://twitter.com/RepDeSaulnier/status/1318948069522755584
Christina Finello,"10/06/2020, 17:39:12","Brian Fitzpatrick sides w/ Trump when it matters most, from refusing to extend COVID relief and provide additional resources for testing, to handing Donald Trump the blueprint to strip healthcare away from millions in the middle of a pandemic. He has failed to stand up for #PA01.",https://twitter.com/FinelloForPA/status/1313534284423143424
Nate McMurray,"10/14/2020, 16:41:19","Court finds Trump's ban on NYers using the Trusted Traveler program was arbitrary, unjustified &amp; based on lies? 

GOP reps along the border like my opponent are STILL silent, fail to stand up for their constituents &amp; refuse to hold Trump accountable.  
üí•https://t.co/mSMRKMkvIWüí• https://t.co/lJIqYZWklA",https://twitter.com/Nate_McMurray/status/1316418822178566145
Mike Siegel,"10/30/2020, 16:50:00","As local businesses faced severe economic mismanagement by this administration, we organized a town hall with @goodworkaustin and #TX10 restaurant and bar owners to discuss the policies needed to keep our vibrant local economies thriving. https://t.co/crPdc6oD9m https://t.co/LgE2dJF6T9",https://twitter.com/SiegelForTexas/status/1322219210412535809
Nate McMurray,"10/08/2020, 01:56:17","If everything has gone so well Mike, 

Why aren‚Äôt things better?",https://twitter.com/Nate_McMurray/status/1314021766654767104
"Fletcher, Lizzie","10/09/2020, 16:49:31","üîπ ùó°ùó≤ùòÑ ùóñùó¢ùó©ùóúùóó-ùü≠ùüµ ùòÄùó∫ùóÆùóπùóπ ùóØùòÇùòÄùó∂ùóªùó≤ùòÄùòÄ ùóøùó≤ùóπùó∂ùó≤ùó≥ ùóπùóºùóÆùóª ùóΩùóøùóºùó¥ùóøùóÆùó∫ üîπ

Join a webinar with @SBA_Houston &amp; @HGALDC to learn more about COVID-19 relief for small businesses. Businesses may apply at the conclusion of the event.

#TX07

https://t.co/0j7XtjMeYI",https://twitter.com/RepFletcher/status/1314608944623616000
Kim Mangone,"11/02/2020, 23:01:07","We have a real shot at beating Kevin McCarthy. If everyone who saw this chipped in just $20.20, we would blow our fundraising goals out of the water. Please retweet and chip in here to be a part of our victory over Kevin McCarthy: https://t.co/X1MLW3k0YT",https://twitter.com/KimMangone/status/1323399770027642880
"Bowman, Jamaal","11/01/2020, 01:19:47",Thank you @ericaxelman Great work‚ÄºÔ∏è https://t.co/z6GmjksFXp,https://twitter.com/JamaalBowmanNY/status/1322709892503867392
Adam Christensen,"10/15/2020, 15:07:55",@lockermetal UBI was originally a right wing think tank ideaü§∑üèº‚Äç‚ôÇÔ∏è go figure,https://twitter.com/AC4Congress2020/status/1316757705562951683
Christina Hale,"10/31/2020, 16:21:25","This weekend is your last chance to #VoteEarly at one of Marion County's satellite locations!

Don't wait! Make a plan and make your voice heard! #IN05 https://t.co/N75PoCJa4C",https://twitter.com/HaleIndy/status/1322574405931692032
Nate McMurray,"10/21/2020, 13:14:13",The debate this morning will be on Facebook Live at the St. Joseph‚Äôs Collegiate Institute page starting at 9:25.,https://twitter.com/Nate_McMurray/status/1318903415884361728
"Torres, Ritchie","10/23/2020, 02:05:02","Joe Biden: Family separation ""violates every notion of who we are."" #Debates2020",https://twitter.com/RitchieTorres/status/1319459787936010244
Abby Finkenauer,"10/31/2020, 23:19:02",More masterpieces! üéÉ https://t.co/dRMRHO3u0T,https://twitter.com/Abby4Iowa/status/1322679502703611904
Nate McMurray,"10/18/2020, 16:21:13","I have the best neighbors. 

Always kind. Their yard is beautiful. They have beautiful summer get togethers with cozy fires. They share gardening tips. They are the type of people you hope never move. 

I like them even more now. üí™ üá∫üá∏ 

#Brave #StandUp #DumpTrump https://t.co/YCvssjjIgN",https://twitter.com/Nate_McMurray/status/1317863313926201347
Tom Palzewicz,"10/05/2020, 20:35:48","Tom's campaign is receiving global attention. Last week, he spoke to reporters in Canada who understand how dire the COVID-19 situation is in Wisconsin.",https://twitter.com/tomforwi/status/1313216339121786880
Elizabeth Hernandez,"10/29/2020, 17:06:19","Yesterday, 30 states reported at least 1,000 new confirmed COVID-19. 

But sure, let‚Äôs keep talking about how the cure can‚Äôt be worse than the problem, as that‚Äôs quickly becoming impossible.",https://twitter.com/LizForTX8/status/1321860929240391680
"Gomez, Jimmy","10/07/2020, 22:06:53","When they arrived, Suzanne and her daughter quarantined across the street from her husband and greeted him from their balcony as he got home from work.

If you need help with a federal agency, contact my office at:

‚òéÔ∏è 213.481.1425

(2/2) https://t.co/zANzMO6aPN",https://twitter.com/RepJimmyGomez/status/1313964036803956737
"Thompson, Mike","10/14/2020, 21:00:01","If you are a #LNULightningComplex fire survivor, you may qualify for assistance for temporary housing and other needs, such as replacing personal property like clothing or furniture destroyed by fire. Register at https://t.co/ybO4qy5sDn to find out if you are eligible.",https://twitter.com/RepThompson/status/1316483925334581249
Kali Barnett,"10/09/2020, 00:11:31",#KS01 doesn‚Äôt need yet another career politician just looking for a stepping stone in their career. We need someone who will put Kansans first. I am that person. https://t.co/9FGRxsW2jL,https://twitter.com/KaliforKansas/status/1314357792241790978
Hillary Scholten,"11/02/2020, 18:55:32","Cuando ganemos ma√±ana, ser√© la primera dem√≥crata de 50 a√±os, la primera mujer y la primera hispanohablante para representarnos. La comunidad hispana del distrito ya est√° creciendo y les aseguro que todas las voces latinx son escuchadas y representadas.

https://t.co/bCJ75Ewvdv",https://twitter.com/HillaryScholten/status/1323337969059717120
"Williams, Nikema","10/15/2020, 02:08:47",@aliciagarza But....nevermind üòë,https://twitter.com/NikemaWilliams/status/1316561629212020741
Josh Hicks,"10/20/2020, 12:12:00","Today, on Beverly J. Ross Day, let‚Äôs recognize those who serve, and lift up service over celebrity. Thank you, Beverly, for everything you do!

https://t.co/Pjz2l68UF1",https://twitter.com/joshhicksky/status/1318525371550068737
Kathleen Williams,"10/16/2020, 20:48:50","I'm ready to fight for our veterans, their healthcare, families, and opportunities, and not just give them lip service. #mtal #mtpol https://t.co/H9RY2oFhAC",https://twitter.com/WilliamsForMT/status/1317205884469014528
Bryan Berghoef,"10/03/2020, 14:29:53","If you missed my conversation earlier this week with @johnpavlovitz, it's now available on the Pub Democracy Podcast. Tune in! https://t.co/NYxQOkEOAY",https://twitter.com/pubtheologian/status/1312399477685223424
Kate Bolz,"10/16/2020, 20:36:02","Thanks, Christa! Great to see you! https://t.co/9PkJkBMqRO",https://twitter.com/katejbolz/status/1317202665944850432
Blair Walsingham,"11/02/2020, 07:43:16",@MARIA00004321 @LILGODSAVAGE This! Lol,https://twitter.com/BlairWalsingham/status/1323168787357642759
Tom Palzewicz,"10/29/2020, 13:33:14","Fitzgerald approved a law to prevent Wisconsin from getting out of Obamacare cases, the courts agree with Evers, and Wisconsin is no longer fighting the ACA.
https://t.co/X3vBxBlMZ8",https://twitter.com/tomforwi/status/1321807305067868164
Matthew Best,"10/23/2020, 01:28:43","Now we know you can get reinfected by #COVID19. That takes this virus to another level, especially the short time frame between infection and reinfection. Very concerning. #WearAMask",https://twitter.com/BestforKY/status/1319450647125774336
"Langevin, Jim","10/20/2020, 18:48:20","Kudos to @RIfoundation for this important work for a stronger, more equitable Rhode Island that leaves no one behind. Congratulations to @ankoma_b, who will serve as vice president and executive director of the initiative. 
https://t.co/WvtV2nmzEd",https://twitter.com/JimLangevin/status/1318625115052085251
Carolyn Salter,"10/26/2020, 17:11:31","Live in Forney, Pt. 2! https://t.co/8TCZ3Q7DW9",https://twitter.com/SalterforTexas/status/1320775076153823232
Tracy Mitrano,"10/26/2020, 12:17:00","""The number of poor people has grown by eight million since May, according to researchers at Columbia University, after falling by four million at the pandemic‚Äôs start as a result of a $2 trillion emergency package known as the Cares Act."" https://t.co/onEUnYuNDA",https://twitter.com/MitranoForNY23/status/1320700957248745472
Russell Foster,"10/21/2020, 21:14:25","Covid numbers are trending up as well as the death count. Unemployment, food lines, homelessness, suicides are all trending up thanks to trump. 

Only a fool like you would think this is a good thing. https://t.co/0qE0vRXlxh",https://twitter.com/RussellFosterTX/status/1319024265119715328
Mia Mason,"10/15/2020, 15:47:05","We need to Flip Maryland's District 1 Blue by Voting for Mia Mason! We need your help to do it! Join in now for  Phone Banking for Carroll County!

It's easy &amp; if you need training email benjamin@miadmason.us

https://t.co/4z6EHB4Adn https://t.co/7Yi24VMecH",https://twitter.com/Mia4MD/status/1316767560302551041
Debbie Mucarsel-Powell,"11/01/2020, 14:46:47",".@ShaneBattier and restaurant owner Shannon Allen stepped up and went to the polls. Together, we are ensuring that #FL26 goes out and #Votes! https://t.co/qKIB28FBDZ",https://twitter.com/DebbieforFL/status/1322912977968865286
Pam Keith,"10/10/2020, 20:11:27",üëèüèΩüëèüèΩ https://t.co/urBdD5WUyv,https://twitter.com/PamKeithFL/status/1315022153553711110
"Moulton, Seth","10/15/2020, 18:29:45",I dropped by Campfire yesterday to talk to teachers who have adapted this after school program for COVID-19. I remain a firm advocate for nonprofit relief in the next stimulus bill so that places like this can keep providing child care and parents can keep working. https://t.co/HrkJ7GEJ6e,https://twitter.com/teammoulton/status/1316808496130723841
Nate McMurray,"10/12/2020, 19:42:25","Help me do it! 

https://t.co/8485BmlJxa https://t.co/hyi9yidiMr",https://twitter.com/Nate_McMurray/status/1315739618843729922
Tricia Zunker,"11/01/2020, 04:11:08","Come on, @TomTiffanyWI. Enough is enough. Elected officials must set an example and model appropriate behavior that follows the medical expert advice -- that's what real leaders do. Please stop prioritizing non-essential campaigning over protecting Wisconsin lives. https://t.co/KIASkN3hxo",https://twitter.com/TriciaforWI/status/1322753011853283328
"Jayapal, Pramila","10/09/2020, 02:34:29","Union-busting is anti-worker, anti-democratic, and in many cases, illegal.

Every worker should have the right to a union. 
https://t.co/0B9XG5cjgo",https://twitter.com/PramilaJayapal/status/1314393770058752001
Ike McCorkle,"10/31/2020, 21:57:29","Ike and Buck are neck and neck and we CAN unseat him

We need to raise $3500 to purchase a final round of targeted advertisements aimed at the remaining voters left in our district 

Can we count on you to dig deep and chip in $5, $25, even $100? Give: https://t.co/v2H3eehLwE",https://twitter.com/Ike4CO/status/1322658982230585346
Wendy Davis,"10/13/2020, 15:35:32","Early voting starts TODAY in Texas!

Mask up and vote all the way down the ballot, y'all! Here‚Äôs all the info you need to know to vote. #TX21
https://t.co/yeeASTYtPl",https://twitter.com/wendydavis/status/1316039878346334215
Wendy Davis,"10/07/2020, 16:30:55","Millions of Americans are unable to pay for essential items, like food, medicine, and rent, through no fault of their own. Calling off relief talks until after the election is unconscionable. We need leadership in Washington that will put Texans over party.https://t.co/eTjSxHZV7k",https://twitter.com/wendydavis/status/1313879489189875712
"Castor, Kathy","10/06/2020, 18:21:14","Meet us halfway to avoid layoffs at schools, non-profits, airlines, small biz, restaurants &amp; protect our frontline workers.
https://t.co/EVFY482UiT",https://twitter.com/USRepKCastor/status/1313544863690915840
Josh Hicks,"10/25/2020, 18:19:00","I‚Äôm grateful to the @heraldleader for writing about our campaign. We see that, when regular folks challenge the power structure, career politicians will go to any lengths to keep themselves in power. We can do better. https://t.co/1syza7rkuz",https://twitter.com/joshhicksky/status/1320429669443883008
Debbie Mucarsel-Powell,"10/28/2020, 14:45:06","Key Largo is fired up and ready to support #TeamDMP. There‚Äôs six days left until #ElectionDay and we need YOUR help to cross the finish line‚Äîbe heard, #VOTE! https://t.co/HAaJ5zVNds",https://twitter.com/DebbieforFL/status/1321463002604933121
Sri Preston Kulkarni,"10/18/2020, 15:29:06",Woah some candidates get two debates? I can't even get one with @SheriffTNehls üò•üòû https://t.co/iteLOnB5l6,https://twitter.com/SriPKulkarni/status/1317850198081757186
"Peters, Scott","10/14/2020, 18:53:18","üö®DEADLINE ALERTüö®
You have less than 48 hrs to get counted in the #2020Census before it shuts down on Oct. 16. A complete count is crucial to fairly allocate representation and funding for the next decade - don't let your community be undercounted.

‚ÄºÔ∏è https://t.co/EOYt79MZe4 ‚ÄºÔ∏è https://t.co/xYY0CaUjKc",https://twitter.com/RepScottPeters/status/1316452037601701894
"Pascrell Jr., Bill","10/05/2020, 19:58:30",A useful breakdown of mcconnell republican priorities https://t.co/pyLw3BlBVD,https://twitter.com/BillPascrell/status/1313206954416910336
"Beatty, Joyce","10/06/2020, 16:03:20","Your vote is your voice. Your vote is your power. Be sure to use it!

Early voting is now open in Ohio. Come down to @FranklinCoBOE to cast your ballot! #YourVoteMatters https://t.co/bDtHk6hFx4",https://twitter.com/RepBeatty/status/1313510160443281408
"Pingree, Chellie","10/25/2020, 17:56:22","‚ÄúProfiles in courage these are not.‚Äù
https://t.co/8AGkwqvAlQ",https://twitter.com/chelliepingree/status/1320423974564671496
Beth Doglio,"10/29/2020, 21:00:16","It's time to get serious about addressing the climate crisis. We will not save our planet with natural gas as a ""bridge fuel"" ‚Äî we must invest in a just transition to a clean energy economy now.

https://t.co/ppy63Iz3zb",https://twitter.com/BethDoglio/status/1321919808091222016
"Courtney, Joe","10/16/2020, 21:52:01","Free, accessible¬†#COVID19¬†testing is a key tool for controlling the spread of the virus. This weekend, @HartfordHealthC, @UCFS1877, and local health centers are offering no-cost testing at four locations in Norwich &amp; Griswold. For more info, see the flyer below. https://t.co/kywcsKZuJG",https://twitter.com/RepJoeCourtney/status/1317221785746739204
"McCollum, Betty","10/12/2020, 16:50:19","The House has now passed two versions of the #HeroesAct ‚Äì the only real plan to assist our states &amp; cities, protect the jobs of America‚Äôs working families, and finally get a testing and tracing plan in place to save lives. 

The Senate GOP should be focused on passing this bill.",https://twitter.com/BettyMcCollum04/status/1315696311165956098
Carolyn Salter,"10/25/2020, 14:32:30","üåÖ It‚Äôs a beautiful morning to save our democracy, environment, healthcare, public education, Social Security, Medicare and the Postal Service! We were up early in Anderson County to turn out voters. Go vote! https://t.co/CJ7lwoRoX4",https://twitter.com/SalterforTexas/status/1320372671796969472
"Hoyer, Steny H.","10/22/2020, 16:01:04",I‚Äôm incredibly alarmed by the ongoing violence against the Nigerian people. For weeks the people of Nigeria have been calling out to #EndSARS and chronic state-sanctioned violence against its citizens.,https://twitter.com/LeaderHoyer/status/1319307795892756482
Gena L. Ross,"10/18/2020, 16:50:49",https://t.co/L892x7HP2Y,https://twitter.com/GenaRossforMO6/status/1317870762942959619
David Kim,"10/03/2020, 18:59:44","@_kpd__ @ChavezRavineLA @estarbtw If you ever get one from Team David, I promise you‚Äôll get a reply. Talking to constituents is our favorite thing!",https://twitter.com/DavidKimForCA/status/1312467387069865984
Christopher J. Hale,"10/06/2020, 19:56:48",Settle a fight: have you ever seen Pulp Fiction?,https://twitter.com/chrisjollyhale/status/1313568911451971585
"Larsen, Rick","10/29/2020, 22:47:24","Blue Mountain Electric is one of 1,000+ small businesses &amp; nonprofits in Island County that saved jobs with the help of a federal Paycheck Protection Program (PPP) loan. https://t.co/cPiRPDor7b",https://twitter.com/RepRickLarsen/status/1321946768268005376
Christopher J. Hale,"10/19/2020, 13:47:24",@djonze123 @Meg4Congress Meg Gorman are congressional BFFs. She‚Äôs gonna be a great Congresswoman. I think you should make another donation right now.,https://twitter.com/chrisjollyhale/status/1318186990957940738
Mia Mason,"10/14/2020, 07:40:04",Help us Flip Md-01 to Blue so Maryland can be #AllBlue all it needs is another donation tonight to help us succeed this November! #VoteMia https://t.co/gQ93neC1gP https://t.co/dY1DSc5oAR,https://twitter.com/Mia4MD/status/1316282612995026946
Sri Preston Kulkarni,"10/18/2020, 18:47:15","This is fantastic news! Democracy works best when we all participate.

If you haven't voted yet, early voting runs through October 30th. Get info on how to vote at https://t.co/a02Abui9hM and get to the polls!

https://t.co/XNX7GQ4fWz",https://twitter.com/SriPKulkarni/status/1317900066472931329
Andy Ruff,"10/07/2020, 13:57:23","For those who don't know the legend of how people from Indiana came to be known as Hoosiers:

Apparently, our ancestors were barroom brawlers. Sometimes‚Äîso many times it became our nickname‚Äîa person would lose an ear and the bartender would call out afterward ""Whooseear is this?""",https://twitter.com/AndyRuffIN9/status/1313840849655037954
Ben McAdams,"10/28/2020, 20:13:07","HAPPENING TODAY AT 3:00 PM #utpol 
Details here: https://t.co/QA9de1XGMU https://t.co/9RqOPnUJu5",https://twitter.com/BenMcAdams/status/1321545553163943936
Scott Huffman,"10/14/2020, 13:11:58","@AmyMincey7 Thank you, Amy!",https://twitter.com/HuffmanForNC/status/1316366136863322118
Nate McMurray,"10/26/2020, 02:09:54","Indeed, even the first American immigrants, the ‚Äúpilgrims‚Äù spoke of the community necessary for America. John Winthrop, before he even set foot on North America, gave a laymen‚Äôs blessing that inspired everyone from Ronald Reagan to JFK to Barack Obama.",https://twitter.com/Nate_McMurray/status/1320548174847791111
"Bowman, Jamaal","10/03/2020, 11:40:25",@JakePlunkett Thanks Jake! It was great to hang out with you as well. üôèüèø,https://twitter.com/JamaalBowmanNY/status/1312356829041655808
"Omar, Ilhan","10/26/2020, 17:11:20",üì∑: @gspphoto,https://twitter.com/IlhanMN/status/1320775028355567616
"Norton, Eleanor Holmes","10/13/2020, 23:42:45","Tomorrow at 7PM, I'm holding a virtual #HHM2020 event on how important #Hispanic journalists are for telling the stories of the #Latinx community.

Watch at https://t.co/2FWUsjz8Fj",https://twitter.com/EleanorNorton/status/1316162489588092928
Nate McMurray,"10/26/2020, 02:09:54","It‚Äôs a retelling of the Dracula story, but Dracula relocates to a small town in America. Slowly, he takes over the town, killing and turning some victims into vampires themselves. The local reporter ends up in a coffin in Dracula‚Äôs basement.",https://twitter.com/Nate_McMurray/status/1320548178186428420
Kate Bolz,"10/20/2020, 16:21:01","I'm honored to have the endorsement of the @OWHnews!

""Residents in the 1st District can have confidence in Bolz‚Äôs judgment and practical mindset... She rightly explains that in Washington as in Lincoln, 'The real work gets done in the middle.'""
https://t.co/diIn2DGt9Q",https://twitter.com/katejbolz/status/1318588040420405251
"Evans, Dwight","10/15/2020, 23:27:29",Trump‚Äôs apparent ‚Äúherd immunity‚Äù policy is (literally) sickening! https://t.co/jHmUlb3DJw,https://twitter.com/RepDwightEvans/status/1316883425568215041
Candace Valenzuela,"10/17/2020, 16:00:25","I am so grateful to have the support of so many wonderful volunteers! #TeamCandace is working hard in the final stretch, and we'd love to have you join us!
Sign up to volunteer at https://t.co/qaQ854cGIu https://t.co/7W04pYSxev",https://twitter.com/candacefor24/status/1317495692802359298
"Clyburn, James E.","10/26/2020, 13:13:26","8 days.

VOTE.",https://twitter.com/WhipClyburn/status/1320715162064740352
"Doggett, Lloyd","10/07/2020, 16:12:56","A look at Trump‚Äôs self-destructive, and borderline pro-virus, understanding of masks‚Äîeven as most Americans started utilizing the tool months ago to help protect themselves + create safe ways to reopen.

One of the simplest, most effective tools we have.

https://t.co/TgQcZHSjjn",https://twitter.com/RepLloydDoggett/status/1313874961950535680
J. D. Scholten,"10/09/2020, 21:14:23","More things that Randy didn't respond or show up to...there are just so many that we couldn't fit everything into one tweet. 
-ISU Lecture Series
-Grassroots USA Beef
-The Arc/NAMI
-LULAC in Denison

This is a job interview. If you don't show up, you shouldn't get the job.",https://twitter.com/JDScholten/status/1314675600922206208
Jim Kennedy,"10/29/2020, 20:45:19","If you're still undecided, listen in and remember, the Only Special Interest I'll Work for in Washington is YOU!

#YourVoteMatters https://t.co/yG4mABct5L",https://twitter.com/JK4Florida/status/1321916043288334336
"Hayes, Jahana","10/24/2020, 16:25:45",https://t.co/mmdfusIB4a,https://twitter.com/RepJahanaHayes/status/1320038780833849344
"Dean, Madeleine","10/22/2020, 14:29:03","Today I am speaking with Kelly Flanigan and Flora Cardoni from @PennEnvironment about the current climate crisis &amp; the steps we need to take to save our üåé 

Join in on the conversation on Facebook Live at 12:00PM! https://t.co/BfoCY7tIQy",https://twitter.com/RepDean/status/1319284638464892928
"DeSaulnier, Mark","11/02/2020, 18:52:17","Protecting civil and human rights has always been at the heart of my work in public service. It‚Äôs an honor to be recognized by the Leadership Conference for these efforts. 
https://t.co/1nUnRB7lOK",https://twitter.com/RepDeSaulnier/status/1323337149618429954
"Higgins, Brian","10/15/2020, 18:22:33","Today we opened the new Canalside Longshed, a replica of the boat Gov. DeWitt Clinton used to open the Erie Canal. This improvement was made possible because our community fought for, and won, a settlement that continues to support increased public access along our waterfront. https://t.co/5Gv6PRGRcu",https://twitter.com/RepBrianHiggins/status/1316806685609136128
"Pallone Jr., Frank","10/23/2020, 00:01:15",This resolution reflects the ongoing situation in the South Caucuses and takes a significant step in demonstrating Congressional support for the people of Artsakh during this difficult time. Read more ‚¨áÔ∏è https://t.co/WvCuRYG3cG,https://twitter.com/FrankPallone/status/1319428638136205314
"Quigley, Mike","10/29/2020, 20:25:49",Don't forget to sign up by Nov 3 for my fall senior zoom event to hear about Medicare benefits and free legal services during COVID! https://t.co/UekHAh8yiD,https://twitter.com/RepMikeQuigley/status/1321911136464347137
Jim Kennedy,"10/08/2020, 17:40:21","@KarreMacek If you're voting in person at the early voting locations or on Election Day (not just dropping it off),  bring your Vote-by-mail ballot with you to surrender it at the polling place.",https://twitter.com/JK4Florida/status/1314259349028704264
Lindsey Simmons,"10/07/2020, 01:52:02","If you'd like to help us send postcards to our voters in #MO04, please sign up below. 

https://t.co/nqnmq7OcLs",https://twitter.com/LynzforCongress/status/1313658312462917632
Alexandra Owensby,"10/29/2020, 16:54:25","There are 538k voters in the 4th district. 

Heavy turnout projected on Election Day. 

We NEED every Democrat to show up to VOTE! 

Call your friends, family &amp; neighbors. This election is critical &amp; we‚Äôve come so far even during the Covid pandemic. 

#owensby4congress #govoteky https://t.co/OnXCIhtJys",https://twitter.com/AMOwensby/status/1321857936508014592
"Fletcher, Lizzie","10/28/2020, 14:18:46","Do you need help getting in contact with TWC regarding unemployment benefits? We can help answer questions and make inquiries on behalf of people across #TX07.

Get help at https://t.co/RMsqbszDG6 or call (713) 353-8680! https://t.co/Zy7vJbupCN",https://twitter.com/RepFletcher/status/1321456375424262145
Kim Mangone,"10/09/2020, 22:31:50",I am a single mother. I am a Democrat. I am a United States Air Force Veteran. I am also the woman who is going to save us from Republican Kevin McCarthy in November. I need your help to get to 275K followers. Please retweet &amp; follow this account.,https://twitter.com/KimMangone/status/1314695092045709314
"Bustos, Cheri","10/04/2020, 15:38:02","If you know me, you know I love dogs! 

On today‚Äôs #WorldAnimalDay, I‚Äôm proud to celebrate the furry friends who give us so much love, every day. #ilovedogs https://t.co/irDubbRlyL",https://twitter.com/RepCheri/status/1312779017834168321
Devin Thorpe,"10/21/2020, 15:48:39",Pause and smell the roses... https://t.co/vIzXFiPh6X,https://twitter.com/devindthorpe/status/1318942282276429824
"Levin, Mike","10/16/2020, 20:19:49","Our state is experiencing the worst fire season in history. These wildfires are devastating, and it‚Äôs shameful for the Trump Administration to withhold critical disaster relief. 

This decision must be reversed immediately.
https://t.co/lBvIU3zUOy",https://twitter.com/RepMikeLevin/status/1317198585507860480
"Davids, Sharice","10/22/2020, 22:16:57","I‚Äôm about to take the (virtual) debate stage to share the work I‚Äôve been doing to lower the cost of health care, strengthen our public schools, and make sure every Kansan is part of our economic recovery. Don‚Äôt miss it! #KS03 

https://t.co/Cn5C0WfRDI https://t.co/xrL7MB1jSw",https://twitter.com/sharicedavids/status/1319402388739031048
Hank Gilbert,"10/12/2020, 22:07:00",Press release on my media buy from earlier today. https://t.co/6qA3vXcL2X,https://twitter.com/Hank4Texas/status/1315776007283015682
Shannon Freshour,"10/06/2020, 14:25:34","While you're waiting to vote or like me waiting for your ballot, please help Dems win: make calls, text, post card, lit drop, talk to your friends about voting, and confirm voting plans.

If you are in a financial position to donate, please do.  Thanks

https://t.co/zvUDisO8eS",https://twitter.com/ShannonFreshour/status/1313485554168877057
"Haaland, Debra","10/21/2020, 16:00:02","While @SenateMajLdr &amp; the GOP stall, families are struggling. 
They can‚Äôt afford to wait any longer.
Pass the #HeroesAct2 #ForThePeople NOW.
https://t.co/fVKfMdq8lq",https://twitter.com/RepDebHaaland/status/1318945147758039044
"Lee, Susie","10/15/2020, 20:04:00","Latinx Americans are at major risk of being undercounted, leaving Nevada communities underrepresented and underfunded.

Today is your last chance to fill out the #2020Census. Fill out yours at https://t.co/OxGSgpuZCE https://t.co/cpBG7qvoE2",https://twitter.com/RepSusieLee/status/1316832215146262529
"Escobar, Veronica&nbsp;","10/26/2020, 18:03:35","Instead of passing the #HeroesAct to provide the relief Americans need, the @SenateGOP is rushing to confirm a nominee to decimate the ACA in the middle of a pandemic.

8 days before the election.
 
Their message couldn‚Äôt be clearer. #LetThePeopleDecide

https://t.co/wxoHX4vvFM",https://twitter.com/RepEscobar/status/1320788179516096524
"Speier, Jackie","10/26/2020, 02:59:40","This is all you need to know. The Senate won‚Äôt pass a package to provide relief to tens of millions of Americans this Sunday BUT it can convene to ram the Coney Barrett nomination through. They don‚Äôt care about the unemployed, the people being evicted, the families going hungry.",https://twitter.com/RepSpeier/status/1320560699387437057
"Trone, David","10/22/2020, 13:52:55",We cannot lose sight of our goal of ending the addiction crisis in America. That‚Äôs why I‚Äôm working hard and in a bipartisan way to put an end to this epidemic and save lives.,https://twitter.com/RepDavidTrone/status/1319275543183847424
Phil Ehr,"10/06/2020, 21:02:51","The Governor has EXTENDED Florida's voter registration deadline to 7 PM EST tonight! This is to make up for the site being down for a few hours last night. If anyone you know wasn't able to register yesterday, pass this info along! #Vote2020 

https://t.co/MDtSbnTjFL",https://twitter.com/PhilEhr/status/1313585534279782400
Christopher J. Hale,"10/23/2020, 00:51:44","This was sent to me from outside the venue. 

I must say that I never thought I would see a dude in a Knicks jersey holding a HALE YES sign in downtown Nashville. üòÇ https://t.co/fg0wyJ2OuN",https://twitter.com/chrisjollyhale/status/1319441340791459840
Mia Mason,"10/26/2020, 13:33:04","We need help to call these last bits of voters, please. These Democrats need to know they must vote! They haven‚Äôt voted! Join in now for  Phone Banking for Dorchester County!

It's easy &amp; if you need training email benjamin@miadmason.us

https://t.co/UG4TkzJTAQ https://t.co/NXS5idgKn1",https://twitter.com/Mia4MD/status/1320720102736732165
Mia Mason,"10/21/2020, 23:33:04","Join Mia for a discussion about Marijuana  products in Maryland and their many beneficial uses!

Friday OCT. 23 at 8 PM

Register for the event: https://t.co/bojmkbRkwZ https://t.co/HqJRN8v3QP",https://twitter.com/Mia4MD/status/1319059157744558081
Christopher J. Hale,"10/29/2020, 21:00:37","Thank you, Karen Boyd, for joining me in Altamont. https://t.co/FuPiZN5lug",https://twitter.com/chrisjollyhale/status/1321919896205381633
Mike Siegel,"10/15/2020, 15:03:23","TODAY at 12pm CT I‚Äôm joining @theappeal and @nowthisnews for a live interview. 

We‚Äôll be chatting about the issues that matter the most to Texans in the 10th district and the stakes of this race. Stream it live here: https://t.co/VwatURyfOH https://t.co/MrMBl7EMwZ",https://twitter.com/SiegelForTexas/status/1316756562627657730
Mike Siegel,"10/05/2020, 20:11:48","Once you and all of your friends are registered‚Ä¶
 
‚û°Ô∏è MAKE A PLAN to vote early, in person, if you can (MASK UP!)
‚û°Ô∏è Early in-person voting starts NEXT TUESDAY Oct. 13th 
 
Details:
https://t.co/yPKQzq1QBr",https://twitter.com/SiegelForTexas/status/1313210301211455489
Mia Mason,"10/11/2020, 02:03:04",@MarkRuffalo He wanted to drain the swamp and was left with sand?,https://twitter.com/Mia4MD/status/1315110640160301058
"Himes, Jim","10/19/2020, 16:44:17",When you‚Äôve lost Fox News.... https://t.co/2Vz2HUOwL9,https://twitter.com/jahimes/status/1318231505257324547
"Davids, Sharice","10/27/2020, 13:58:07","One week. 

If I learned anything from my time as a MMA fighter, it's that you don't stop until the bell rings. 

So let's not take anything for granted, and let's give it everything we have over the next 7 days.",https://twitter.com/sharicedavids/status/1321088792187600901
Delina DiSanto,"10/26/2020, 00:43:31","We need this kind of compassion and human understanding in our White House and around our nation. I will bring this back to #AZ04. @JoeBiden will bring it back to the White House.
https://t.co/gyklZbvrTm",https://twitter.com/delina4az/status/1320526438072635392
Dana Balter,"10/08/2020, 18:13:25","Reminder: Rep. Katko voted against nearly $1 billion in county &amp; local government relief for #NY24. 

How's that affecting us? 
- Furloughs + layoffs for city and county workers
- Cuts to critical services
- Deferred maintenance on projects

#FundTheFrontLines",https://twitter.com/dana_balter/status/1314267670867570688
Wendy Davis,"10/11/2020, 22:00:00",".@BetoORourke is hosting a Texas-sized phone bank all day tomorrow with the help of amazing special guests &amp; they're going to need your help hitting the massive goal of a MILLION calls made. Please sign up for a shift if you haven't already!
https://t.co/A9FOHiP4ZU",https://twitter.com/wendydavis/status/1315411858061361153
Nate McMurray,"10/09/2020, 14:26:27","Since I‚Äôve been running for office, I‚Äôve seen hate rhetoric, violent rhetoric, threats, become more and more common place. I‚Äôve seen conspiracy become more common place. 

Sadly, the arrests that happened yesterday in Michigan, will not be the  last.

Extremism is everywhere",https://twitter.com/Nate_McMurray/status/1314572943096246274
"Trahan, Lori","10/15/2020, 14:06:14","One in six Massachusetts renters are behind on their payments.

This is a crisis that requires action at the federal level.

The House passed relief legislation days ago that included $59 billion for renters. The Senate could pass it today if they wanted.
https://t.co/UL9U81iKjo",https://twitter.com/RepLoriTrahan/status/1316742179696644104
Christina Hale,"11/01/2020, 23:02:29","üö®Our campaign is working around the clock to get out the vote in #IN05! And with just 48 hours left until polls close, this is our last chance to fund our final #GOTV efforts.

Can you help us reach our goal? https://t.co/7d66Xj2hwc",https://twitter.com/HaleIndy/status/1323037727453978624
"Ryan, Tim","10/14/2020, 12:23:00","In the middle of a deadly pandemic. We should be looking at ways to expand coverage, not overturn it.
https://t.co/F1cyCtWB3Q",https://twitter.com/RepTimRyan/status/1316353812647550976
"Thompson, Mike","10/03/2020, 23:03:56",Watch live for a briefing from me and Napa officials on the #GlassFire https://t.co/UZXqeWnJHs,https://twitter.com/RepThompson/status/1312528842917990400
AngÔæÉÔΩ©lica DueÔæÉÔΩ±as,"10/11/2020, 17:26:32",The United States should follow Canada‚Äôs lead and also ban single-use plastics nationwide. https://t.co/V1M6dlsLZT,https://twitter.com/Angelica4CA/status/1315343036663042048
Stephen Daniel,"10/28/2020, 14:31:16","6‚É£ days.  

We need massive, overwhelming turnout. If you believe in a better America, now is the time to fight for it.  Make sure you #vote and talk to your family, friends and people you know.  

Already voted? Volunteer with us at https://t.co/1QzToYhC0G

#TX06",https://twitter.com/stephendaniel/status/1321459522402222084
"Malliotakis, Nicole","10/26/2020, 16:33:07",hopefully the District Attorneys for Manhattan and Brooklyn will take swift and deliberate action to make sure these individuals pay for their crimes. Anyone with information was encouraged to call (800) 577-TIPS. (3/3),https://twitter.com/NMalliotakis/status/1320765410686500865
"McCollum, Betty","10/08/2020, 21:05:50","Beautiful day to be in both Woodbury &amp; Oakdale this morning ‚Äì safely walking across I-94 alongside Washington County, Woodbury, &amp; Oakdale leaders to celebrate the grand opening of the new CSAH13 Pedestrian Bridge! https://t.co/vsT0mkefNo",https://twitter.com/BettyMcCollum04/status/1314311062783696897
Liam O'Mara,"10/30/2020, 21:57:37","Part three of #TheCalvertReport shows that higher wages for workers and #UBI won't create debt or hurt businesses .... it will grow the economy, create jobs, and ... #MakeAmericaGreatAgain!?
Want prosperity, #CA42? Elect a Rep. who knows economic history.

Video by @ChangePotato. https://t.co/RxywALhZ0X",https://twitter.com/LiamOMaraIV/status/1322296628468883456
Sri Preston Kulkarni,"10/09/2020, 18:06:51","Proud of @GinaOrtizJones and her opponent for giving the voters what they deserve‚Äîan open conversation on the issues that matter to their communities.
 
I wish @SheriffTNehls would step up and give #TX22 the same courtesy. I'm ready to debate when you are, Troy. https://t.co/W7qDzoJmny",https://twitter.com/SriPKulkarni/status/1314628406282260481
Delina DiSanto,"10/09/2020, 01:52:27",@StuartStarky @azdemparty @IndivisibleofAZ @CottonwoodIndiv @IndivisPrescott @ycindivisible Thank you @StuartStarky! I really appreciate this shout out. We can all do this together.,https://twitter.com/delina4az/status/1314383192237907968
Russell Foster,"10/05/2020, 21:51:04",@JHoganGidley @realDonaldTrump I know 2nd graders with the same writing assignment as trump with writing their name with marker in cursive over and over on a blank page. It's so sweet of yall to give him busywork.,https://twitter.com/RussellFosterTX/status/1313235281823268866
Mia Mason,"10/21/2020, 19:33:04","Help us Flip Md-01 to Blue so Maryland can be #AllBlue All it takes is a donation to help us succeed this November! #VoteMia 

Please donate $5, $10, or whatever you can afford! Any amount is greatly appreciated!

https://t.co/gQ93neC1gP https://t.co/yYwC6APJtu",https://twitter.com/Mia4MD/status/1318998759641153540
Christina Finello,"10/14/2020, 13:30:33","Great way to start today with @morningmika talking with @HillaryScholten and @GoodForFlorida about flipping our seats in Congress &amp; securing a blue firewall for Biden!

Help us make sure this happens!

https://t.co/ceDrtqj1Ga

https://t.co/fEzYs1KzEN

https://t.co/AvYfmJc6Ji https://t.co/39exokU7an",https://twitter.com/FinelloForPA/status/1316370814288179201
J. D. Scholten,"10/13/2020, 16:56:56",@BruceRheins @kumailn üôè,https://twitter.com/JDScholten/status/1316060363515932672
Mia Mason,"10/16/2020, 00:49:40","Many Folks also forgot that on @CBS, Star Trek Discovery @StarTrekNetflix @StarTrek @startrekcbs started today too as another option watch afterwards. Just understand we have get through these next 19 days before looking at the 24th or 29th Centuries.  Please Go Vote! https://t.co/eyXTGvgUKv",https://twitter.com/Mia4MD/status/1316904107228221447
"Maloney, Carolyn","10/29/2020, 17:17:00","42yrs since passage of the Pregnancy Discrimination Act, pregnant workers are STILL forced to choose btwn their health &amp; economic security. To fix this, @housedems passed the Pregnant Workers Fairness Act ‚Äì the Senate must do the same. Cc: @SenateGOP, @senatemajldr. #PDA42 #PWFA https://t.co/X7WjYY9L4k",https://twitter.com/RepMaloney/status/1321863618057494528
"Levin, Mike","11/02/2020, 21:45:38","Pleased to announce @UCSanDiego is receiving a $39 million grant from @NSF to improve the integration of renewable energy resources into the power grid.
https://t.co/Ma2WvgfejE",https://twitter.com/RepMikeLevin/status/1323380773328736264
Shannon Freshour,"10/27/2020, 01:25:38",@JosephsonAnne @AlexMohajer @Jim_Jordan Thank you so much,https://twitter.com/ShannonFreshour/status/1320899425724702721
Kenny Houston,"10/28/2020, 20:19:26",I do want police reform because the country marched for it. We are suppose to give the people what they want as representatives. On the other hand we do need to come up with a way to stop our officers from having to work 2 jobs to pay their bills.,https://twitter.com/KennyHoustonCD4/status/1321547140523503616
Carolyn Long,"10/20/2020, 03:05:35",15 days! Do you have a plan to vote? Drop it in the comments and text your family and friends to make sure they have a plan too. Your vote could make all the difference in helping us #FlipThe3rd on November 3rd! https://t.co/mo9yKWseXl,https://twitter.com/ElectLong/status/1318387861868048385
Kim Mangone,"10/09/2020, 00:00:47","@djrothkopf Thanks, David! I'm the Dem running against Kevin McCarthy. In light of Trump paying only $750 in income taxes, we'd like to raise $750 in the next few hours to demonstrate how little that is. Please retweet and chip in right now to prove that point: https://t.co/I9qI0kTyBg",https://twitter.com/KimMangone/status/1314355088350089217
Mia Mason,"10/11/2020, 21:51:03","Mia believes that everyone should be afforded protection from discrimination based on their self-identity, race, color, religion, sex, age, marital status, personal appearance, gender identity and expression, sexual orientation.

https://t.co/rxvvVBApde https://t.co/YY9rOYQc7U",https://twitter.com/Mia4MD/status/1315409603656658945
"Allred, Colin","10/16/2020, 19:30:15","It's been a year since severe storms ripped through our community, causing destruction that many are still dealing with. The denial of funds by this Administration and COVID has compounded this hurt. I promise to work in any way I can to help us recover. https://t.co/G2R7CEU44K",https://twitter.com/RepColinAllred/status/1317186111647764482
"Jayapal, Pramila","11/02/2020, 18:02:04","Joining @washingtonpost now to discuss the election and what's at stake. Hope you'll tune in: 
https://t.co/hUAzZYFW23",https://twitter.com/PramilaJayapal/status/1323324510645399552
David Kim,"10/24/2020, 19:32:24",@deviousbastrd Thank you! üòÑ,https://twitter.com/DavidKimForCA/status/1320085756350763008
Wendy Davis,"10/07/2020, 00:35:20","I just wrapped up my debate with Chip Roy and the difference couldn't be clearer: While he pushes a dangerous agenda hurting our families, I'm in this to put Texas first. I sure could use your help to get it done. Pitch in what you can and let's win this! https://t.co/0qKwmDDuOo",https://twitter.com/wendydavis/status/1313639008497475585
Hiral Tipirneni,"10/18/2020, 16:40:00","Join us next Saturday - just üîü days out from Election Day - for a car rally in Phoenix! üöôüöóüöô

In a year of firsts, we‚Äôll be having a safe, socially-distanced event for the voters of #AZ06. 

Register here to join in on the fun: https://t.co/7P5ALPlE0H https://t.co/vPZICxaWvY",https://twitter.com/hiral4congress/status/1317868040613081088
Braylon Harris,"10/25/2020, 00:10:02","WHEN YOU VISIT...
                 https://t.co/08OQTtofEi 
üìç You will notice our plan is the called the
       #PEOPLE #PRIORITIES.

#FIREclay #HIREBRAY #VOTE #26  #TODAY
#LA03 #LETS #ELECT #HARRIS2THEHOUSE 
#AMBASSADOROFRECOVERY #VOTENOW https://t.co/p9udmw3ItA",https://twitter.com/Harris4US2020/status/1320155622520836096
"Pocan, Mark","10/03/2020, 01:14:48","ICE is acting as the racist campaign arm of the President and it's disgusting.

This isn't a dog whistle, this is loud &amp; clear. https://t.co/wQPxoiFGCu",https://twitter.com/repmarkpocan/status/1312199389675352064
Blair Walsingham,"10/28/2020, 01:47:19",@AftynBehn @BillHagertyTN @Bradshaw2020 @DHarshbargerTN1 won't debate here in TN too.,https://twitter.com/BlairWalsingham/status/1321267269553459200
"Kim, Andy","10/19/2020, 12:51:19","Last week, I had a chance to visit Artis Senior Living of Brick to meet with the amazing staff who work to take care or seniors in need. Thank you for an informative discussion and the introduction to your therapy duck! https://t.co/Dl7Ip6GGap",https://twitter.com/RepAndyKimNJ/status/1318172880501432325
Kim Mangone,"10/26/2020, 03:32:56","@LuLuLocks @vincentdonofrio I so appreciate your support. That‚Äôs so generous, I don‚Äôt even know where to begin. I‚Äôm so grateful and we are working hard to do your generosity the justice it deserves. We are working hard for every vote here.",https://twitter.com/KimMangone/status/1320569071570546688
Beth Doglio,"10/15/2020, 20:00:17",The Fair Representation Act is a testament to the people's desire to achieve true representative democracy in the House of Representatives. People's votes &amp; interests should be brought directly to the table.,https://twitter.com/BethDoglio/status/1316831278843523072
Kim Mangone,"10/27/2020, 03:25:57",@TRIN_DENISE @WalshFreedom Thank you!,https://twitter.com/KimMangone/status/1320929701146185729
"Bustos, Cheri","10/23/2020, 17:50:10","Los trabajadores de primera l√≠nea MERECEN protecci√≥n durante esta PANDEMIA.
 
#ConozcaSusDerechos

Si est√° enfermo con #COVID19 puede calificar para licencia por enfermedad y/o familiar pagada.

Viste https://t.co/w9vqI0MUIv para m√°s informaci√≥n https://t.co/UnU93SxRSn",https://twitter.com/RepCheri/status/1319697640070778880
Alan Cohn,"10/26/2020, 01:13:33","Thanks @ChrisKingFL @DonnaDeegan and @shannonrwatts This is what we're fighting for, who we're fighting for, and why this is the most important election of our lives. https://t.co/wHZV7zyGDL",https://twitter.com/AlanMCohn/status/1320533993910140928
"Maloney, Carolyn","10/07/2020, 23:05:00","ATTN NYers: From 10/9 - 10/18 Upper East Side galleries will be hosting a socially distanced Art Week. Check out our talented local artists.
https://t.co/AiGT4WJRm1",https://twitter.com/RepMaloney/status/1313978662321041409
Nate McMurray,"10/24/2020, 20:26:08","The election is not about COVID. 

It‚Äôs about the poor judgement that made COVID such a failure. The future threats if we have this guy in office during another crisis. The poor judgement of the people like Jacobs who defended Trump. 

VOTE",https://twitter.com/Nate_McMurray/status/1320099277369126913
Nate McMurray,"10/04/2020, 14:08:20","If Trump recovers, he will deal with the after effects for the rest of his life...

And we may deal with the economic after effects from this epic failure, for the rest of our lives...those of us luck enough to still be here. 

China is back to normal.

https://t.co/G1l1eFrYLS",https://twitter.com/Nate_McMurray/status/1312756441342713857
"Takano, Mark","10/08/2020, 22:23:30","I‚Äôm honored to receive a perfect score from @HRC‚Äôs Congressional Scorecard for the 116th Congress. Nothing will stop me from fighting for someone‚Äôs right to love who they love and be who they are.
 
LGBTQ+ rights are human rights. #HRCscorecard https://t.co/IiN1hy1Xyf",https://twitter.com/RepMarkTakano/status/1314330606499696640
"Pascrell Jr., Bill","10/15/2020, 15:49:15","If you‚Äôre curious what mcconnell republicans work on besides packing radical extremists onto the courts, here‚Äôs a handy summary: nothing. https://t.co/ltL7zXctWc",https://twitter.com/BillPascrell/status/1316768106035937286
Mia Mason,"10/10/2020, 16:47:24","Mia believes that teachers are precious, and they should have better collective bargaining rights under unions so their pay and quality of life can increase.

https://t.co/RSlC7P7YBV https://t.co/xCWzV9quF6",https://twitter.com/Mia4MD/status/1314970799489646594
Hillary Scholten,"10/23/2020, 20:33:43","Did you request an absentee ballot? Have you turned it in? Bring yours to your local clerk‚Äôs office or ballot drop box TODAY. 

1Ô∏è‚É£ Go to https://t.co/JWJOOEktmZ
2Ô∏è‚É£ Search for your voter information 
3Ô∏è‚É£ See a list of drop box locations",https://twitter.com/HillaryScholten/status/1319738797706313729
"Jacobs, Sara","10/15/2020, 04:43:56",@kevc1980 @TheDemocrats @JoeBiden @KamalaHarris @ToddGloria Thank you!,https://twitter.com/SaraJacobsCA/status/1316600671626555394
Eugene DePasquale,"10/06/2020, 22:11:56","This is why people are fed up with Washington. People are hurting and our elected leaders can‚Äôt put egos aside and get the job done. We deserve better. This November, vote them out. #PA10
https://t.co/5Nnk8sx83D",https://twitter.com/DePasqualePA/status/1313602921322475520
Abby Finkenauer,"10/10/2020, 16:20:23","Our communities, our state and our country are always stronger when we‚Äôre unified instead of divided. I‚Äôll do whatever it takes and work with anyone who‚Äôs willing to deliver for you and your family. #ia01 

https://t.co/9lTgrS6FNi",https://twitter.com/Abby4Iowa/status/1314964001068064771
Allen Ellison,"10/10/2020, 10:50:36",Thank you very much. Lets make sure that we get as many people as possible to vote. Everyone deserves a great representative. #anewpathforward https://t.co/8d9m31xe6p,https://twitter.com/AllenLEllison/status/1314881007104004097
Shannon Freshour,"10/03/2020, 15:49:12",@sbg1 @nycjim Or Thursday when he had a fever,https://twitter.com/ShannonFreshour/status/1312419438432583681
Hiral Tipirneni,"10/24/2020, 02:37:10","This race isn‚Äôt about partisan roots, it‚Äôs about people.

I am honored to have earned the partnership of Democrats, Independents, and Republicans alike.

Together, with our broad coalition of support, we‚Äôll win this race. #AZ06 üá∫üá∏üåµ

https://t.co/TzTgeJcbgK",https://twitter.com/hiral4congress/status/1319830260624494592
"Scanlon, Mary-Gay","10/14/2020, 13:47:47",We need a coherent national strategy that puts the health and safety of the American people first. We cannot defeat this virus without real leadership. https://t.co/tZvhV5ku9q,https://twitter.com/RepMGS/status/1316375150758187008
"Garcia, Jesus ‚ÄúChuy‚Äù","10/14/2020, 20:02:53","Starting today in Chicago, you can vote in your own ward! I voted today in Little Village and bumped into neighbors and friends doing the same.üó≥ https://t.co/3ymFoddz2T",https://twitter.com/RepChuyGarcia/status/1316469546946101248
Donna Shalala,"11/01/2020, 10:42:39","In the last 7 days of the campaign, we‚Äôre sharing 7 more reasons to vote for Donna Shalala! https://t.co/reQxHFahBT",https://twitter.com/DonnaShalala/status/1322851541297090561
"Hayes, Jahana","10/31/2020, 14:56:12",https://t.co/qAZpsORKXf,https://twitter.com/RepJahanaHayes/status/1322552960694571010
"Slotkin, Elissa","10/06/2020, 20:58:47","Three weeks ago, 25 Democrats and 25 Republican members of the Problem Solvers Caucus urged leaders to get back in a room and negotiate a COVID relief deal that our communities desperately need.

Since then, negotiations have, by all accounts, moved us closer to a compromise.",https://twitter.com/RepSlotkin/status/1313584513583325193
"Cooper, Jim","10/28/2020, 21:00:21","This is un-American, cruel, and will undoubtedly cost lives. House Leadership should immediately bring the GRACE Act to the Floor for a vote, which would set the target number at 95,000, the historic average.",https://twitter.com/repjimcooper/status/1321557438525591552
Hillary O'Connor Mueri,"10/29/2020, 01:47:08","How about, ‚ÄúTrump: Losers‚Äô and Suckers‚Äô Votes Shouldn‚Äôt Count‚Äù?

#TeamToro #OH14 https://t.co/bqPQFHmpRl",https://twitter.com/HillaryMueri/status/1321629610266808320
"Horsford, Steven","10/07/2020, 20:41:00","Marge Jacques, an openly gay activist, opened Le Cafe in 1970. Marge‚Äôs club was the first opened publicly as a gay bar in Las Vegas, and served as the de facto gay and lesbian community center in Vegas until it was torched in 1978. https://t.co/lCvxgQ6TWF",https://twitter.com/RepHorsford/status/1313942423370895365
Christopher J. Hale,"10/09/2020, 04:17:14",My first piece of legislation in the United States Congress will be High-Speed Internet For All. https://t.co/l45WB4Gyir,https://twitter.com/chrisjollyhale/status/1314419628224008195
"Malliotakis, Nicole","10/30/2020, 16:24:45",.@700strongvoices going to NYCHA facilities today with #TeamNicole. They know that I‚Äôll get to the bottom of where the de Blasio administration is squandering federal funds for housing. https://t.co/JsqRElWveT,https://twitter.com/NMalliotakis/status/1322212857405186050
Shahid Buttar,"10/21/2020, 19:58:22","@JakeSherman Pelosi is failing the American people‚Äîand not for the first time.

As the first Democrat to challenge her in a general election since Pelosi went to Congress in 1987, we‚Äòre eager to defend the future by winning a new voice for San Francisco in Washington. https://t.co/AnqlK6qZWX",https://twitter.com/ShahidForChange/status/1319005126963548160
Matthew Best,"10/06/2020, 17:55:50",How is it even allowed to vote in a building named after a person on the ballot!? #KYelections,https://twitter.com/BestforKY/status/1313538472167251968
Abby Finkenauer,"10/11/2020, 15:58:10","My opponent relies on @realDonaldTrump to fundraise ‚Äî I rely on grassroots donors like you. 

Help us keep #ia01 blue: https://t.co/Gi5G8Zo0ll https://t.co/rw19tITEc9",https://twitter.com/Abby4Iowa/status/1315320798396243970
Pam Keith,"10/12/2020, 12:02:59","Help is needed in Florida!!!

If we win down here, his reign is OVER!

https://t.co/SaJpTL6gTT https://t.co/tGnYPYISHl",https://twitter.com/PamKeithFL/status/1315624002208108545
Nate McMurray,"10/23/2020, 01:23:14","What is your answer Trump? 

Seriously. Just open up and die with the consequences because you have no plan!",https://twitter.com/Nate_McMurray/status/1319449267287805952
Dani Brzozowski,"10/22/2020, 14:55:37","Lindsey Graham thinks small-dollar donors are ‚Äúshadowy figures‚Äù with pre-paid credit cards.üò± 

It‚Äôs just unbelievable to him that actual people would look at their budgets and pitch in $5 or $10 for a candidate they believe in. Make your spooky donation to our campaign below!üëá https://t.co/cRD0TPFFuj",https://twitter.com/DaniForCongress/status/1319291322939760642
Hillary O'Connor Mueri,"10/12/2020, 13:25:14","The founder ‚Äúresigned due to increasing sexual harassment claims from multiple [] female employees, even going as far as only advancing women in the company in return for sexual favors.‚Äù

What were you saying about decency,  Dave?

https://t.co/QuAHCQiwCM",https://twitter.com/HillaryMueri/status/1315644698183315456
Dan Feehan,"10/23/2020, 18:18:36",Southern Minnesotans are looking for leadership that‚Äôs more focused on getting results than partisanship. I know what it means to have stakes so high that there is no other option than getting something done. My career in the Army taught me that. #MN01 #PeopleFirst https://t.co/yl49BT5lw9,https://twitter.com/danielfeehan/status/1319704796081901570
Adia Winfrey,"10/05/2020, 18:52:36",This right hereüó£üó£üó£ https://t.co/3vbkc6QKGb,https://twitter.com/drdia/status/1313190367576182784
Kate Bolz,"10/11/2020, 23:30:39","We just finished the first debate with Jeff Fortenberry. I'm proud to stand up for Nebraskans and their health care. Tomorrow night we're debating again. 

I hope you'll tune in and consider chipping-in to our campaign!
Link:
https://t.co/oAGoOduBwE https://t.co/BhquB5lh00",https://twitter.com/katejbolz/status/1315434669652013056
"Schakowsky, Jan","10/06/2020, 21:52:22","The @WhiteHouse is rejecting measures needed to address the crisis caused by the coronavirus pandemic:
‚Ä¢No to funding for child care so that families can go to work
‚Ä¢No to OSHA protections for workplace safety, and insisting on immunity for corporations",https://twitter.com/janschakowsky/status/1313597995993235456
Lindsey Simmons,"10/16/2020, 13:27:02","Josh Hawley is thirsty for attention.

He thought he‚Äôd be Missouri‚Äôs golden boy as AG‚Äîbut stood in Greitens‚Äô shadow.

He thought he could fix that as a US Senator‚Äîbut he hitched his wagon to the Trump train.

He thinks himself intellectually superior‚Äîbut sure can‚Äôt read the room.",https://twitter.com/LynzforCongress/status/1317094703310012416
Mia Mason,"11/01/2020, 17:00:10",Thank you Donna! https://t.co/Moc84Lgy7h,https://twitter.com/Mia4MD/status/1322946547173199872
David Kim,"10/07/2020, 04:24:50",@Adrisawarrendem @echarlie429 @nodank_ Yes!!!,https://twitter.com/DavidKimForCA/status/1313696761995759616
Adia Winfrey,"10/27/2020, 04:21:42",@NikemaWilliams @common @ReverendWarnock @ossoff @SluttyVeganATL Yesss!!!,https://twitter.com/drdia/status/1320943734620590081
Russell Foster,"10/03/2020, 16:07:38","This is deadly dangerous. Right after the debates, he tested positive. He didn't tell anyone, instead went to do multiple events. He's too stubborn to wear a mask so he exposed possibly hundreds to the virus. This is negligence. 

We can't survive 4 more years of stubborn fools. https://t.co/NdijxxjO0d",https://twitter.com/RussellFosterTX/status/1312424077563490306
