Christopher M. Ward,"10/08/2020, 13:14:33","I want to address ""Democrats will raise taxes"" I will not raise your taxes unless you make over $400,000.  I support the Biden tax plan.  It is about time the tax burden is shared by all and not just the working class.  It is not fair that a billionaire can pay just $750 in taxes",https://twitter.com/WardCongress/status/1314192458167844864
Jill Schupp,"10/26/2020, 13:17:26","In addition to the locations below, an absentee ballot can be cast at the Jefferson County Clerk‚Äôs Office, the St. Charles County Election Authority, or the St. Louis County Board of Elections. Contact our team for help &amp; check out location hours at: https://t.co/mg5S3x3F5S https://t.co/QEnF8RXUWY",https://twitter.com/JillSchupp/status/1320716168282386432
Donna Imam,"10/31/2020, 19:05:27","Billionaire Drayton McLane hides behind Super PAC ""Civic"" and pours last min money to support my opponent. We can't have true representation when corruption runs our democracy. Vote Nov 3. https://t.co/OochyeibMN",https://twitter.com/donnaimamTX/status/1322615688079486977
Pam Keith,"10/11/2020, 16:15:43",@DavidWakelyn Thanks for this Big D! Love you all so much,https://twitter.com/PamKeithFL/status/1315325214344044548
Mia Mason,"10/26/2020, 13:11:26","Hey Cecil County, it's time to get out and vote!! Early Voting begins TODAY Oct. 26 7am-8pm daily through Nov. 2nd. 
#votemia #mia4md 

Find your local Early Voting polling location here:

https://t.co/ebC7wgFfyD https://t.co/9k1PJBywcp",https://twitter.com/Mia4MD/status/1320714657091473416
Russell Foster,"10/13/2020, 22:59:24",@MysterySolvent https://t.co/wNl4j6glFk,https://twitter.com/RussellFosterTX/status/1316151582464057345
Jill Schupp,"10/19/2020, 15:07:04","Missourians in the Second District want‚Äì‚Äìand deserve‚Äì‚Äìa representative who puts them first. Instead of packing up &amp; going home, I'm committed to working hard to fix the problems the problems that matter most to people in #MO02.",https://twitter.com/JillSchupp/status/1318207043036237824
Lindsey Simmons,"10/07/2020, 17:08:31","Missouri is in play, y'all. 

The *only* reason Republicans tell you they're gonna crush us is because they don't want us motivated to fight back. 

The *only* reason Democrats tell you it can't happen here is because then they'd have to explain why they won't invest in us. https://t.co/gHdwIHmYnj",https://twitter.com/LynzforCongress/status/1313888953146183680
Liam O'Mara,"10/17/2020, 21:18:31","This is my conversation from 7 October with The Daily Bern -- check it out!

https://t.co/nfzdKKgLsZ",https://twitter.com/LiamOMaraIV/status/1317575742792769536
Mia Mason,"10/25/2020, 20:47:18","ARE YOU READY???

Early Voting begins TOMORROW  Oct. 26 7am-8pm daily until Election Day! Get out and VOTE!
#votemia #mia4md 

Find your local ballot box here:

https://t.co/ebC7wgFfyD https://t.co/iYvKlQZ2zJ",https://twitter.com/Mia4MD/status/1320466992718032898
Dana Barrett,"10/10/2020, 00:01:26",Barry Loudermilk is not fit to be our congressman. Watch Dana go head-to-head against Barry in the Virtual Forum hosted by the @cherokeechamber and the Cherokee Farm Bureau! Tag someone below who needs to watch! https://t.co/vTAu738EnT,https://twitter.com/TheDanaBarrett/status/1314717639617507331
Mia Mason,"10/28/2020, 10:11:28","Hey Caroline County, it's time to get out and vote!! Early Voting is happening now 7am-8pm Daily through Nov. 2nd.   
#votemia #mia4md 

Find your local Early Voting polling location here:

https://t.co/ebC7wgFfyD https://t.co/YmdmwcO8wP",https://twitter.com/Mia4MD/status/1321394141767573506
Nate McMurray,"10/23/2020, 01:18:39","Go back and listen to my interviews way back when I was saying we need to close borders to fight virus, more than what Trump did. 

He seeks praise for a weak move",https://twitter.com/Nate_McMurray/status/1319448116731518976
Elizabeth Hernandez,"10/27/2020, 20:23:24","The higher the national debt goes, the greater the threat to the value of the dollar, and thus, your life savings. If $27 Trillion isn‚Äôt high enough to make people pause and think, what will?",https://twitter.com/LizForTX8/status/1321185753360195584
Christopher J. Hale,"10/05/2020, 23:04:49",@ATypicalVolFan Yes,https://twitter.com/chrisjollyhale/status/1313253840372850691
Christopher J. Hale,"11/01/2020, 02:14:56",@RuthDEredita I love it!,https://twitter.com/chrisjollyhale/status/1322723770705104898
Nate McMurray,"10/08/2020, 01:33:24",The Trump tax cut gave 85% of the benefits to 1% of the people.,https://twitter.com/Nate_McMurray/status/1314016008290668545
Kendra Horn,"10/08/2020, 21:31:14","Even if you think you're registered, double check! Visit https://t.co/HywxneSRRJ to verify your status",https://twitter.com/HornForCongress/status/1314317455817310209
Delina DiSanto,"10/07/2020, 16:05:03",".@RepGosar / @DrPaulGosar thinks #COVID19 is OVERBLOWN. Trump has it. White House staff have it. 2nd wave hitting thousands. 210,000 deaths so far. Millions with no #healthcare or affordable insurance.
I will fight for your interests. Gosar has not; only special interests. #AZ04 https://t.co/kJpqUXd7jy https://t.co/RDrQKzZspM",https://twitter.com/delina4az/status/1313872977528668160
Audrey Denney,"11/02/2020, 13:09:35",Heading to Carthage to canvass the early votes in Jasper County! One of us is much happier about this than the other. https://t.co/kzwWiyegGU,https://twitter.com/Audrey4Congress/status/1323250904401879041
Delina DiSanto,"10/24/2020, 00:58:04","@YavGOP @BarackObama @RepGosar Look, you can play this garbage to your base, b/c you want to believe Trump &amp; his lies, but the parents were there, especially 2017 &amp; don't bring up Obama. We're talking about Trump. You shouldn't bait &amp; switch. Stop whining &amp; at least care about the kids.
https://t.co/T4QeA7MYDb",https://twitter.com/delina4az/status/1319805322244943872
Scott Huffman,"10/09/2020, 19:55:59","Here's @SenThomTillis pledging to closely monitor the virus on January 24. Well, Thom, that virus you were closely monitoring has so far killed 210K Americans. 210,000 DEAD!! We cannot afford any more time with You, Budd, or Trump. YOU'RE DANGEROUS! https://t.co/332peBd8du",https://twitter.com/HuffmanForNC/status/1314655872316997632
Nate McMurray,"10/08/2020, 01:41:17",This dude is a talking wack job bumper sticker,https://twitter.com/Nate_McMurray/status/1314017991349198849
Mia Mason,"10/26/2020, 12:33:04","Early Voting begins TODAY Oct. 26 7am-8pm daily through Election Day!
Get out and vote! #votemia #mia4md #earlyvoting 

Find your local polling location here:

https://t.co/ebC7wgFfyD https://t.co/EzTWknv0sh",https://twitter.com/Mia4MD/status/1320705003183628288
Dana Balter,"11/01/2020, 23:30:40",https://t.co/Z596FB0hqH,https://twitter.com/dana_balter/status/1323044818491183109
Betsy Dirksen Londrigan,"10/14/2020, 01:03:56",Central Illinois voters are fed up with DC politicians like @RodneyDavis voting for the special interests over #IL13 interests. He‚Äôs taken over $3 million from corporate PACs and voted to give corporations massive tax breaks.,https://twitter.com/BetsyforIL/status/1316182921724809217
Pam Keith,"10/04/2020, 01:17:37","It feels SOOO good to see Democratic &amp; American values represented &amp; defended by a smart, compassionate and principled man, with the chops to call out the moral corruption of a Senate leader who has been instrumental in dismantling the rule of law and destabilizing our nation. https://t.co/1EIVTjAAzA",https://twitter.com/PamKeithFL/status/1312562487066341376
Hiral Tipirneni,"10/07/2020, 18:36:03","Since the beginning, I've kept my pledge to refuse corporate PAC contributions.

Clearly, it IS possible to run a successful campaign w/o wealthy corporate backers.

The best part: I get to fight for the issues that matter to AZ families.

@RepDavid, you should try it sometime.",https://twitter.com/hiral4congress/status/1313910981169311744
Brynne Kennedy,"10/19/2020, 17:19:45","Since the start of our campaign for #CA04, we've known that the choice is clear. This community wants a real representative who will face the issues in our district, not more partisan games &amp; dysfunction. We need real solutions to issues like #COVID19, wildfire &amp; healthcare. https://t.co/Jz4c1VjX4l",https://twitter.com/BrynneSpeak/status/1318240432690655232
Nate McMurray,"11/02/2020, 02:23:40",@grounded77 I was there earlier. Pretty full. BTW Go Bills!,https://twitter.com/Nate_McMurray/status/1323088357526786048
Lee Ann Dugas,"10/15/2020, 02:06:02","6) ""KILLED"" Nearly 5,500 of us and counting. HOW MANY MORE PEOPLE WILL HAVE 2 DIE? Due 2 his &amp; Congressional Republicans ""SILENCE"" Just 2 KEEP POWER? HOW MANY MORE CHANCES R U GOING 2 GIVE HIM? How long has it been since some of U have Hugged your Kids? Grandkids? Mom's&amp;Dad's?",https://twitter.com/LeeDugas2001/status/1316560936296239108
Kristy Gnibus,"10/28/2020, 15:56:21","@tedlieu @MikeKellyPA Thank you for highlighting this horrible act from my opponent. We need a leader who has dignity and respect. Help me replace this bully! 

https://t.co/ndHfuFq57W",https://twitter.com/Kristy4PA/status/1321480935959920640
Brynne Kennedy,"10/28/2020, 16:36:34","On #NationalFirstRespondersDay, we thank the men &amp; women who are dedicated to serving our communities. To the nurses, doctors, EMT's, dispatchers, law enforcement &amp; fire crews who work every day to help those in need - thank you for your courageous service and sacrifice! https://t.co/lCjKX9xdAZ",https://twitter.com/BrynneSpeak/status/1321491053996691456
Russell Foster,"10/30/2020, 18:38:57",Trump once again saying our healthcare professionals are crooks. What a DEMENTED man! I work in healthcare &amp; this just infuriates me that he talks badly about my fellow healthcare workers that put their lives on the line day in and day out to save lives like his that catch COVID. https://t.co/bIsxpk29y5,https://twitter.com/RussellFosterTX/status/1322246631190876164
Mia Mason,"10/31/2020, 12:11:28","Hey Queen Anne's County, It is time for Early Voting! You can vote  at your local polling place 7am-8pm Daily through Nov. 2. You need to make your voice heard! 

Find your local Early Voting polling location here:

https://t.co/ebC7wgFfyD https://t.co/uPiySJU7jm",https://twitter.com/Mia4MD/status/1322511504126676993
Dani Brzozowski,"10/26/2020, 18:09:09",Thanks League of Women Voters of DeKalb County for making voting accessible to NIU students! https://t.co/lx9Jup0dm2,https://twitter.com/DaniForCongress/status/1320789578316500994
Kim Mangone,"10/29/2020, 20:52:42","@ProjectLincoln @TheRickWilson @madrid_mike @ZackCz @RonSteslow We have a real shot at beating Kevin McCarthy. If everyone who saw this chipped in just $13, we would blow our fundraising goals out of the water. Please retweet and chip in here to be a part of our victory over Kevin McCarthy: https://t.co/DHXMCdcld6",https://twitter.com/KimMangone/status/1321917900421124096
Allen Ellison,"10/11/2020, 00:31:09",Give her a big hug for me and let her know that I will be working hard for her and everyone else. #Anewpathforward https://t.co/WL7S5vhwAX,https://twitter.com/AllenLEllison/status/1315087508468912129
Mia Mason,"10/26/2020, 16:05:47","Early Voting in Easton!  The lines might be long, but they are moving quickly! Your vote, your voice matters! Get out to vote and stay in line until your ballot is cast!
#vote #votemia #mia4md #bidenharris2020 https://t.co/alePPyGm5b",https://twitter.com/Mia4MD/status/1320758531902054402
Kim Mangone,"10/24/2020, 10:58:32",@bondgirl9161 @darrenhayes üòé,https://twitter.com/KimMangone/status/1319956436072316928
Tedra Cobb,"10/29/2020, 12:55:54",‚ÄúI‚Äôve said from the beginning that I‚Äôm running against @EliseStefanik because of her record. But she chose to tie herself to this president. And the president has lied to us. Millions of people have been infected. The economy is in shambles. And she‚Äôs not held him accountable.‚Äù https://t.co/QypEuiFcPG,https://twitter.com/TedraCobb/status/1321797912192495618
Quinn Nystrom,"10/14/2020, 22:35:48","Minnesota's recent #COVID19 resurgence could bring another wave of devastating effects to our rural communities. We have to do everything in our power to keep Minnesota's seniors and care workers safe.

https://t.co/VzVp1YNltR",https://twitter.com/QuinnNystrom/status/1316508031727939584
Celeste Williams,"10/14/2020, 01:14:28","ICYMI- @ArkansasPBS is airing today‚Äôs debate right now! 

‚Äî&gt;
https://t.co/KYUA1nGsaJ https://t.co/AOxadugQ6I",https://twitter.com/CelesteforAR/status/1316185570549342210
Mia Mason,"11/01/2020, 23:17:05","Vote #bidenharris2020  and #Mia4MD to create new jobs, power the economy, invest in vulnerable communities, and lead on clean energy. #climatechange #cleanenergy #overvieweffect #micromobility #jobcreation

https://t.co/rxvvVBApde https://t.co/pgozuPrD8W",https://twitter.com/Mia4MD/status/1323041399223312384
Kim Mangone,"10/10/2020, 21:34:15",@THoneythorn Amazing. Don‚Äôt stop spreading the word.,https://twitter.com/KimMangone/status/1315042989232668672
Lynnette Grey Bull,"10/08/2020, 01:31:25","I know there‚Äôs a pretty big debate going on tonight, but don‚Äôt forget that I‚Äôll be debating tomorrow night! Live air and streamed at 8pm, presented by @WyomingPBS @MBenDavid2020 debates at 7! https://t.co/jZI20o2Pcn",https://twitter.com/GreyBull4WY/status/1314015511471026176
Gena L. Ross,"10/07/2020, 14:28:20","In my closing, Radio Interview today with Barry Birr
680-KFEQ AM.
October 6, 2020 https://t.co/pkCtnp7dry",https://twitter.com/GenaRossforMO6/status/1313848639601733633
Scott Huffman,"10/22/2020, 19:05:04",Supporting small businesses while out and about in the district!  Mama Crockett's Cider Donuts #NC13 https://t.co/Gwy6CicUv0,https://twitter.com/HuffmanForNC/status/1319354100824375299
Kate Bolz,"11/02/2020, 23:35:03","Special thanks to NTV News for covering this important campaign!

Now, get out there and vote!

https://t.co/7VjOkpjQlS",https://twitter.com/katejbolz/status/1323408308389163009
Sarah Hammond,"10/06/2020, 13:15:12",@WildClayton @RepBrendanBoyle @JohnFetterman @JohnFetterman is right. It‚Äôs almost like we just talked about this hill üëÄ,https://twitter.com/SarahforUs/status/1313467848245891072
Pam Keith,"10/08/2020, 22:08:04","@BrianMastFL

Given the degree to which you are loath to EVER criticize Trump, would it be fair to assume you would also give him ‚Äúan A‚Äù for encouraging terrorists to seize the Governor of Michigan so they can liberate it from tyranny?",https://twitter.com/PamKeithFL/status/1314326722498768896
Donna Deegan,"10/15/2020, 13:58:50","@jack4jax Thank you, Jack!",https://twitter.com/DonnaDeegan/status/1316740320730599429
J. D. Scholten,"10/04/2020, 03:33:03",@AllenLazard üôåüôåüôå,https://twitter.com/JDScholten/status/1312596569900945409
Delina DiSanto,"10/23/2020, 20:25:03","The small rural town of Crown King, AZ from it's devastating #horsefire, needs your help. As we all know a few dollars goes a long way with many donations. Please Retweet. #AZ04
https://t.co/TkAKiINtMi",https://twitter.com/delina4az/status/1319736615590219777
Nate McMurray,"10/13/2020, 13:12:13","I honest to God can‚Äôt believe this shameful article by @bobmccarthybn in the @TheBuffaloNews. Bob does it AGAIN! After being Collins personal apologist in 2018, he writes an article telling us to feel sorry for this man‚Äîwho robbed a region of representation? 

Complicit https://t.co/xpXsbJOULr",https://twitter.com/Nate_McMurray/status/1316003812432318465
Phil Ehr,"10/24/2020, 13:54:59",Join the fight to restore honor back to FL-01: https://t.co/84hFUXEnQ3,https://twitter.com/PhilEhr/status/1320000840661372928
Scott Huffman,"10/10/2020, 17:30:09","Ted Budd wants to make PPE here and not in China. I agree. Yet, he said nothing when we shipped 17 tons of it to CHINA on the very same day that Trump told Woodward the virus was airborne and deadly. #NC13

https://t.co/oNhfOn2mos https://t.co/7l36TNzlFB",https://twitter.com/HuffmanForNC/status/1314981559196430340
Allen Ellison,"10/11/2020, 17:54:29",I know that‚Äôs right! #GoodTrouble https://t.co/rhxHSBf2fQ,https://twitter.com/AllenLEllison/status/1315350070435471360
Aaron Paul Godfrey,"10/12/2020, 18:38:05","If elected, I will always do everything I can to ensure that our indigenous people have access to what they need to live full and free lives. I will do everything I can to ensure that resources exist to preserve culture and languages.",https://twitter.com/GodfreyForOH16/status/1315723429820141575
Matthew Best,"10/03/2020, 22:43:28","We must all #WearAMask, #WashYourHands , #SocialDistance, and #StayAtHome as much as possible to #StopTheSpread. Kentucky is seeing a large increase in positive cases. Local hospitals are nearing capacity. Do your civic duty to your neighbor and #StaySafeStayHealthy.",https://twitter.com/BestforKY/status/1312523693944311808
Shahid Buttar,"10/16/2020, 03:12:42","We applaud @SavannahGuthrie‚Äôs moderation of this evening‚Äôs town hall with the president, while noting that the president does in fact have a niece and a nephew. https://t.co/QtqgsiwVVb",https://twitter.com/ShahidForChange/status/1316940100438196224
Christopher J. Hale,"10/03/2020, 14:30:33",They weren‚Äôt praying *to* President Trump. They were praying for President Trump. https://t.co/YaMB6xflbb,https://twitter.com/chrisjollyhale/status/1312399645818183681
Lindsey Simmons,"10/27/2020, 22:51:38",This is awesome. https://t.co/YxYjEk7s7G,https://twitter.com/LynzforCongress/status/1321223056602341376
Shannon Freshour,"10/04/2020, 15:02:55",#AskSOSLaRose. When are we getting the rest of the secure Ballot Drop Boxes in all of our counties?,https://twitter.com/ShannonFreshour/status/1312770179827470336
Matthew Best,"10/26/2020, 11:07:51","U.S., India Set to Sign Defense Pact Amid China Border Standoff https://t.co/aMPad2cRZT",https://twitter.com/BestforKY/status/1320683556654485504
Russell Foster,"10/10/2020, 13:19:43","You've been in office how long, had the majority for the first 2 years out of the last 4, &amp; the only thing renewed is the 1%'s pocketbooks at the cost of the American worker. You've played blue state vs red state, enabled trump &amp; attacked the media. You've hurt the American dream https://t.co/ITR7kKYbY3",https://twitter.com/RussellFosterTX/status/1314918534091280391
Mia Mason,"10/23/2020, 20:59:25",@tam0165 Thank you!,https://twitter.com/Mia4MD/status/1319745267026022403
Jim Kennedy,"10/27/2020, 16:07:38",@MsSJOReilly @dgar177 I believe the VBM ballots that are turned in for in-person voting are marked as surrendered and no long counted as outstanding.,https://twitter.com/JK4Florida/status/1321121388757999622
Mia Mason,"10/16/2020, 00:47:05","You can make a difference &amp; help us Flip District 1 Blue!

We need volunteers to help pass out  literature  about Mia outside of the polls during early voting and on election day!

To volunteer please contact our campaign manager, Lauren, at: 

lauren@miadmason.us https://t.co/Ro6Pnn1YNA",https://twitter.com/Mia4MD/status/1316903454829400066
David Kim,"10/14/2020, 14:43:17","I‚Äôm so excited for our Youth &amp; Literacy Town Hall tonight! Please join us at 7PM PT to learn more about our plans for young Americans, education, and the future. #CA34 https://t.co/CzTHZKXm44",https://twitter.com/DavidKimForCA/status/1316389118121779200
Devin Thorpe,"10/12/2020, 19:06:29",Ad 1 - 15-second contrast https://t.co/WlIAsbuY9H,https://twitter.com/devindthorpe/status/1315730578436575233
Donna Deegan,"10/29/2020, 18:08:32","Under the circumstances, the right thing to do. https://t.co/ZaUMUzvwYT",https://twitter.com/DonnaDeegan/status/1321876589924286470
Gena L. Ross,"10/29/2020, 20:13:27","Charles West.                           Hannibal, Missouri 
10.29.2020 https://t.co/E4acEGAd5v",https://twitter.com/GenaRossforMO6/status/1321908022457847808
Amy Kennedy,"10/07/2020, 17:00:33","President Trump is refusing to continue bipartisan negotiations on much needed stimulus.

In South Jersey, @VanDrewforNJ pledged his undying loyalty to Trump and has refused time and again to stand up for our communities when it matters most. (1/2)",https://twitter.com/AmyKennedy715/status/1313886945500639233
Shahid Buttar,"10/17/2020, 17:47:15","San Francisco deserves a voice in Congress who stands with @RoKhanna, supports our communities, and votes for @BLeeForCongress as Speaker.

Or we could re-elect an incumbent who has ripped speeches &amp; clapped sideways, while supporting Trump‚Äôs policies and ducking debates. https://t.co/VmqWGcInny",https://twitter.com/ShahidForChange/status/1317522577661652994
Hillary O'Connor Mueri,"10/06/2020, 12:04:45","ASHTABULA COUNTY, OHIO
Democratic Slate
#TeamToro #OH14 @ashtabuladems https://t.co/6vOukwghur",https://twitter.com/HillaryMueri/status/1313450117408718848
Alaina Shearer,"10/25/2020, 19:58:08",@JeffreyGoliver @LettsGoOhio @Liston4Ohio @RedWineBlueUSA @DAProgressives @BluePositively @OhioDistrict12 *Pointing. üòä,https://twitter.com/alainashearer/status/1320454616702767109
Jim Kennedy,"10/13/2020, 15:08:05","ü§î That's an interesting question.

I'd love to hear if you know of NPA or R voters in #FL8 that are supporting my run for Congress. https://t.co/qNrWZjdJq0",https://twitter.com/JK4Florida/status/1316032972299145217
Shahid Buttar,"10/20/2020, 16:39:30","@indianaboognish @SpeakerPelosi üôèüèΩ‚úäüèΩ

Anyone anywhere can make a difference by joining us on the phones in these final weeks before the election!

Sign up &amp; share the link: https://t.co/KEiDVqmGvB",https://twitter.com/ShahidForChange/status/1318592689080733696
Kim Mangone,"10/28/2020, 03:04:38","@DevinCow We have a real shot at beating Kevin McCarthy. If everyone who saw this chipped in just $30, we would blow our fundraising goals out of the water. Please retweet and chip in here to be a part of our victory over Kevin McCarthy: https://t.co/XBA8PIItLA",https://twitter.com/KimMangone/status/1321286725339992064
Hillary O'Connor Mueri,"11/02/2020, 10:17:16","Ballots returned by mail must be postmarked no later than TODAY, but please consider taking them to the Dropbox at your county‚Äôs BoE if you haven‚Äôt mailed them yet.

#TeamToro #OH14 https://t.co/NxP9e3jmVT",https://twitter.com/HillaryMueri/status/1323207539555815424
Mia Mason,"10/29/2020, 20:33:05","We need to Flip MD's District-01 Blue so that ALL of Maryland is Blue! District-01 needs a Representative who gets things done for them! 

We need your help to  Flip 01! Please donate $5, $15, or anything you can afford. It is greatly appreciated! 

https://t.co/gQ93neC1gP https://t.co/O56aU38alm",https://twitter.com/Mia4MD/status/1321912964044230656
Ike McCorkle,"10/28/2020, 15:45:00","There are 6 days left in the election!

To ensure your vote is counted, drop it off at a drop box, or vote in person at your closest voting center!

Find out where to drop off your ballot here: https://t.co/Bcrb8zIfjX https://t.co/2cR4LJYFwL",https://twitter.com/Ike4CO/status/1321478077721968640
Christopher J. Hale,"10/20/2020, 23:02:12","Shelley and I don‚Äôt agree on everything, but here‚Äôs the deal.

I did something Congressman DesJarlais has never done.

I gave her the time of day. I learned from her. I asked for her vote. And I promised her that I would fight her family in Congress.

I won‚Äôt let her down. https://t.co/5LAtbUf8Er",https://twitter.com/chrisjollyhale/status/1318688999205179398
Cathy Kunkel,"10/16/2020, 15:00:37","Masks and vaccines save lives! We MUST invest in public health and work towards the development of a COVID-19 vaccine. Until then, #MaskUpWV to stay safe and healthy. #Kunkel4Congress https://t.co/kARLMmfXWE",https://twitter.com/Kunkel4Congress/status/1317118253240516611
Shannon Freshour,"10/26/2020, 01:07:29","@Barkofatree @contrary_hoff @StevenConnie70 @TheJordanWatch Hi,

Quick question:  You texted me?",https://twitter.com/ShannonFreshour/status/1320532467363811333
Shahid Buttar,"11/02/2020, 16:33:06","Remember when @SpeakerPelosi chose to delay stimulus, turning down a $1.8 trillion relief package?

Her failures demand accountability.

Vote for change! #ButtarIsBetter https://t.co/iuKGS65OmC",https://twitter.com/ShahidForChange/status/1323302124214611969
Nate McMurray,"10/27/2020, 16:54:06","Do not naively believe those long lines mean we are safe. 

WE ARE NOT

The blue wave must finally hit WNY We need to send a message: TRUMPISM MUST END. If Biden only squeaks out a win, and if Trump‚Äôs followers here win, we‚Äôre gonna be dealing with Trumpism for years. 

GOTV!üá∫üá∏",https://twitter.com/Nate_McMurray/status/1321133081856794626
Mia Mason,"10/22/2020, 07:46:05","Do you have your plan to vote? Make a #votingplan and discuss it with a few friends. We need to make sure that everyone is voting in the #2020election #votevets #Mia4MD

https://t.co/ebC7wgnEa3 https://t.co/Qe4fFTkFXU",https://twitter.com/Mia4MD/status/1319183227278422017
Scott Huffman,"10/13/2020, 21:50:12","I'm running a grassroots campaign and we have an incredible opportunity to win this seat back for the people of District 13. Please contribute what you can afford.

https://t.co/FEipaJG8n3",https://twitter.com/HuffmanForNC/status/1316134165159518214
Mia Mason,"10/08/2020, 05:27:05","Mia wants to make sure no person goes broke because they get sick by enacting a medicare for all system in which every person in the country receives comprehensive health coverage including expanding Medicare to cover dental, vision, &amp; home health care

https://t.co/nyY6XFxrv6 https://t.co/z9Fng9I2BC",https://twitter.com/Mia4MD/status/1314074816664817665
Celeste Williams,"10/30/2020, 21:32:11","Beyond honored to receive this endorsement. Thank you, @nasw!

#ElectANurse @NASW_Arkansas https://t.co/Vi5zsHKYcb",https://twitter.com/CelesteforAR/status/1322290227730329603
Mia Mason,"10/29/2020, 20:47:04","Our children are the future. That's why we need to invest in their education. I will fight for more education funding to bring high quality academic environments to all young Marylanders.

https://t.co/RSlC7P7YBV https://t.co/xLqeCQVxMc",https://twitter.com/Mia4MD/status/1321916486148067328
Tracy Mitrano,"10/16/2020, 11:55:27","If you're unsure about #EarlyVoting dates, times, locations or just need contact info for your Board of Elections, please see our handy spreadsheet: https://t.co/cDQCS883wh https://t.co/IyCmnz5eqk",https://twitter.com/MitranoForNY23/status/1317071655458476032
Christopher J. Hale,"10/21/2020, 01:09:28","Thank you! Please be a missionary for our cause and get your friends and family out to vote, particularly the skeptics and those who‚Äôve left out of the political process all together! https://t.co/eIX4NuGMjL",https://twitter.com/chrisjollyhale/status/1318721027095093248
Mia Mason,"10/23/2020, 16:47:00","Learn more about Mia Mason, Congressional Candidate for MD's 1st District, &amp; why she is the best choice in this election! #votemia #mia4md

https://t.co/ifo04LQvcg",https://twitter.com/Mia4MD/status/1319681741301297152
Shannon Freshour,"10/28/2020, 01:46:19","Y'all this is critically important.

We can flip the state Supreme Court.   Please give if you can https://t.co/Th027FDdkr",https://twitter.com/ShannonFreshour/status/1321267017211666433
Shannon Freshour,"10/14/2020, 17:45:45","Um...  UM...  WHAT????????

A 20+ year Constitutional Law Prof, 3 year federal appeals court judge  who is up for SCOTUS can rattle off the 1st Amend Freedoms, even from muscle memory https://t.co/YlufLFp0yX",https://twitter.com/ShannonFreshour/status/1316435035428474881
Rishi Kumar,"11/01/2020, 01:19:25","They think nothing will change within their comfort zone, no matter what they do or do not do. I saw it here in Australia with a City Councillor. He was in office for years and years.",https://twitter.com/rishikumar1/status/1322709798802976768
Mia Mason,"10/21/2020, 18:11:05","The countdown is on! There are only 5 days left until Early Voting begins in MD on Oct.26. every day through election day from 7am-8pm!

Find your local polling place and get out and VOTE!
#earlyvoting  #Mia4MD #voteMia 

https://t.co/ebC7wgFfyD https://t.co/g37UcamkHH",https://twitter.com/Mia4MD/status/1318978125783535616
Pam Keith,"10/27/2020, 15:24:45",@ECMcLaughlin Hang in there,https://twitter.com/PamKeithFL/status/1321110593722585088
Devin Thorpe,"10/23/2020, 01:25:13",#debates2020 #buildbackbetter #bidenharris2020 #UTpol #vote #vote2020 https://t.co/cRdJJfn1Uc,https://twitter.com/devindthorpe/status/1319449765772324864
Devin Thorpe,"10/25/2020, 13:00:32","You should have received your ballot to vote, and there are only a few days left. So please mail your ballot! Visit https://t.co/rDbqFFqB9F for guidance.

#utpol #plugintodevin #boldsolutions #vote https://t.co/mocqi2dMJd",https://twitter.com/devindthorpe/status/1320349526134300672
Kathy Ellis,"10/25/2020, 19:43:02","Today, we‚Äôre back in the Bootheel talking to voters! We just left Sikeston for our rally &amp; lit drop event, and now we‚Äôre headed to Caruthersville. Thanks to everyone who joined us so far!",https://twitter.com/ellis4congress/status/1320450819679002625
Scott Huffman,"11/01/2020, 01:26:07",Why can proud boys march into state house armed to the teeth and menace people consistently and nothing happens to them? Why is that? #NC13,https://twitter.com/HuffmanForNC/status/1322711484816936960
Kim Mangone,"10/31/2020, 22:37:04","We have a real shot at beating Kevin McCarthy. If everyone who saw this chipped in just $25, we would blow our fundraising goals out of the water. Please retweet &amp; chip in here to be a part of our victory over Kevin McCarthy: https://t.co/mfOYzsFmlL",https://twitter.com/KimMangone/status/1322668940338712577
Alaina Shearer,"11/02/2020, 14:09:50","Last day to early vote, #Ohio. You have until 2:00PM to change the world. 

If you are still in line at 2:00 you can not be turned away. Go vote at your county‚Äôs board of Elections. 

#vote",https://twitter.com/alainashearer/status/1323266067435868160
Jim Kennedy,"10/08/2020, 12:05:06","When elected, I'll represent ALL of my constituents, even the ones that don't like me.

Help me get there, click the link to chip in.

Thanks https://t.co/koJmx1KBDf",https://twitter.com/JK4Florida/status/1314174983749414912
Nate McMurray,"10/27/2020, 00:05:14","So proud to have the endorsement today of the @IBEWLocal41 &amp; the @BfloTeachersFed in this incredibly tight race in NY-27.üôèüôè

Teachers &amp; electricians, you know I'll have your back in Congress; I need yours now‚Äîlet's get out the vote this last week!! https://t.co/mAjE7jVY6w https://t.co/NalXnlVOpn",https://twitter.com/Nate_McMurray/status/1320879191261327365
Joan Greene,"10/14/2020, 03:34:07",6 people pulling two tables together at the local coffee shop. https://t.co/MUPeQBIOao,https://twitter.com/joangreeneaz/status/1316220714400116736
Liam O'Mara,"10/25/2020, 14:51:41","@williamhcarlton @AndrewYang It was, yes, but I'm using it in a more generalized sense, as noted earlier.",https://twitter.com/LiamOMaraIV/status/1320377495909060608
Nate McMurray,"11/01/2020, 03:15:47","@geesright1 I denounce violence protests...BY ANYONE

Now, you show me the last time Trump‚Äôs campaign bus was attacked. 

This is sick.",https://twitter.com/Nate_McMurray/status/1322739083978956800
Nate McMurray,"10/13/2020, 01:46:03","8b. . . . and Towns like Batavia (who have vanishing sales tax revenue) don‚Äôt have have to raise their taxes 89% like the proses last week! Listen, he has a history here too. He voted against COVID sick pay as State Senator!",https://twitter.com/Nate_McMurray/status/1315831130952790016
Sima Ladjevardian,"11/01/2020, 18:02:02",@ericcervini https://t.co/fCFP1UUa0V,https://twitter.com/SimaforTX/status/1322962117411115020
David Wilson Brown,"10/06/2020, 14:54:23","""I‚Äôm proud to endorse his campaign and urge North Carolinians to send him to Congress this November.‚Äù
-Eric H. Holder, Jr
4/4",https://twitter.com/DWB4Congress/status/1313492808565747712
David Kim,"10/06/2020, 03:51:54","If elected, I would NEVER block my constituents on social media for asking about my record.

Not only is this potentially unconstitutional, based on Circuit Court precedent, but it‚Äôs undemocratic and wrong.",https://twitter.com/DavidKimForCA/status/1313326089482178560
Elizabeth Hernandez,"10/17/2020, 07:02:50",@CeceinSwmn Great points. I was referring to the daily attention being put on the president. We really shouldn‚Äôt hear from him every day. It‚Äôs not healthy as a society and takes away from the attention we should be devoting to address the points you raised.,https://twitter.com/LizForTX8/status/1317360406638243841
Jeannine Lee Lake,"10/19/2020, 17:03:55","Podcast episode number 5! Check us out on Spotify

https://t.co/jAazHYzZYO https://t.co/9kx46e3F6N",https://twitter.com/JeannineLeeLake/status/1318236447846109184
Phil Ehr,"10/23/2020, 22:44:31","@DWUhlfelderLaw Matt Gaetz is a disgrace, and associating himself with Proud Boys just adds to the chaos he already spews. I'm Phil Ehr, a 26-year Navy vet running to beat Gaetz and restore honor to FL-01. Join the movement today: https://t.co/84hFUXEnQ3",https://twitter.com/PhilEhr/status/1319771713492701186
Chip Coldiron,"10/08/2020, 01:42:06","I'm a science teacher, I know Climate Change is real. It is hurting our farmers, our health, our jobs, our national security, and our futures. 

My opponent doesn't believe it is a problem. We can't wait for him to learn on the job. #VPDebate",https://twitter.com/Chip4Congress/status/1314018200397455360
David Kim,"11/02/2020, 18:18:03",Thank you! üôèüôè https://t.co/TOQv9Vjd3N,https://twitter.com/DavidKimForCA/status/1323328533968596995
Liam O'Mara,"10/13/2020, 06:42:20",@Candy_di_Teendi @Dictionarycom But we need to keep covfefe. :-),https://twitter.com/LiamOMaraIV/status/1315905693304541184
Mia Mason,"10/10/2020, 16:48:39","Want to donate unlimited? 

Here is how you can help many Communities! https://t.co/Z4Uj0lDizL",https://twitter.com/Mia4MD/status/1314971115144515584
Joan Greene,"10/28/2020, 15:35:19","Thank you @maddogpac! 

The only way to have an ethical government that works for the Community interest is to elect ethical people!

#HireJoan #AZ05 #Honest #Ethical 
https://t.co/QABDPGu1rT https://t.co/hzXFZCbPTR",https://twitter.com/joangreeneaz/status/1321475641284255745
Mike Siegel,"10/14/2020, 14:25:13",How it started:          How it‚Äôs going: https://t.co/gH7R5liqHi,https://twitter.com/SiegelForTexas/status/1316384571894759425
Braylon Harris,"10/23/2020, 10:05:03",For your consideration #LA03 #Lagov #Harris4UsALL https://t.co/AoikOj2E0o,https://twitter.com/Harris4US2020/status/1319580590086172674
Lindsey Simmons,"10/12/2020, 22:12:12","UPDATE: $624 to go. 

Did I mention we have internal polling we‚Äôre about to release? 

Hint: ‚Äúmargin of error‚Äù https://t.co/SC4uyG92vh",https://twitter.com/LynzforCongress/status/1315777315864018944
Danyell Lanier,"10/17/2020, 02:45:10","*UPDATE!* I AM NOW IN THE LEAD!
Let's keep this momentum going!! Get out and vote, donate if you can https://t.co/7ZkOefwK8V and #YELLFORDANYELL  from the rooftops! https://t.co/uA8AQ8YC7Z",https://twitter.com/danyell_lanier/status/1317295562065125379
Lindsey Simmons,"10/05/2020, 16:11:24","PS If it that webpage isn't targeted against black people, then why in the hell did you pull a quote from Planned Parenthood specifically referencing black lives matter? 

16/ https://t.co/D4uRWZcXI0",https://twitter.com/LynzforCongress/status/1313149799680692226
Dana Barrett,"10/22/2020, 15:45:14","""Loudermilk, however, may be the more insidious problem. He is a three-term Republican incumbent who appears to have held bigoted views for decades without repercussion."" 

https://t.co/FfPwEYRrCH",https://twitter.com/TheDanaBarrett/status/1319303808174915584
Mia Mason,"10/29/2020, 15:11:28","Hey Wicomico County, it's time to get out and vote!! Early Voting is happening now 7am-8pm Daily through Nov. 2nd.   
#votemia #mia4md 

Find your local Early Voting polling location here:

https://t.co/ebC7wgFfyD https://t.co/5RH2dl2nOJ",https://twitter.com/Mia4MD/status/1321832027449139202
Braylon Harris,"10/24/2020, 12:36:21","With his abusive history, absent approach in representation, His tone and rhetoric the only response is to FIRE HIGGINS in honor of #BreonnaTaylor #checkhisresume #badpolicing #Braynotclay  HELP ME! https://t.co/lf1JNyLV8E https://t.co/IRnW9CoftZ",https://twitter.com/Harris4US2020/status/1319981053331836934
Braylon Harris,"10/30/2020, 17:51:44","I'm the only candidate in this race who can talk about race, and inequities while being at the table. Don't take the crumbs when you can get a real ambassador #la03 https://t.co/lf1JNyLV8E https://t.co/7G4z0dp5Ls",https://twitter.com/Harris4US2020/status/1322234749176455168
AngÔæÉÔΩ©lica DueÔæÉÔΩ±as,"11/01/2020, 19:18:51","Happy Sunday everyone! Just another reminder that it‚Äôs another great day to go out and vote early. 

Find a voting center at https://t.co/kpegjkxthW 

Don‚Äôt forget to tell 3-4 people that you know in the East Valley to vote Angelica Duenas for Congress!",https://twitter.com/Angelica4CA/status/1322981445590081536
Christy Smith,"10/13/2020, 01:35:05","When it‚Äôs all on the line and honesty and integrity matter most, @MikeGarcia2020 can‚Äôt be bothered to comment. That‚Äôs not leadership, it‚Äôs cowardice. https://t.co/AYMFAwbter",https://twitter.com/ChristySmithCA/status/1315828372623167489
Pat Hackett,"10/13/2020, 17:45:33","Jackie sees what we all see ‚Äì the defection of support from those who once placed their trust in her. 

We have more bad news for Jackie, our People-powered campaign is dismantling her autocratic control over #IN02.

Check it out: https://t.co/n2WVVd6fZ3 https://t.co/q3KZmJNiT7",https://twitter.com/HackettCongress/status/1316072599940730884
Eugene DePasquale,"10/15/2020, 14:09:59","Well, well, well via ‚Å¶@DKElections‚Å© A sign of the times: Republican district in Pennsylvania Trump easily won is now a Tossup https://t.co/1l5EA4IprS",https://twitter.com/DePasqualePA/status/1316743125373792256
David Kim,"10/06/2020, 00:43:53","A vote for me is a vote FOR
‚úÖ Decriminalizing homelessness
‚úÖ Science
‚úÖ Clean campaign finance
‚úÖ Abolishing ICE
‚úÖ Criminal justice overhaul
‚úÖ Homes Guarantee
‚úÖ Funding the community
‚úÖ Universal Basic Income
‚úÖ Your childrens‚Äô futures
‚úÖ Green New Deal
‚úÖ Medicare For All",https://twitter.com/DavidKimForCA/status/1313278773802958849
Clint Curtis,"10/23/2020, 23:31:22",@ChirlCrawford @ateacher97 @ClintCurtis I work with many immigrants and they are smart and well educated.  They do not deserve the bad name that Trump is giving them.,https://twitter.com/Clint4congress/status/1319783502414565376
Chip Coldiron,"10/12/2020, 17:54:45","Being a veteran makes my commitment to support my fellow veterans personal. We need to ensure we continue to fix and heal the affordable health care act, fully fund veteran‚Äôs health programs &amp; ensure no one who wears the uniform is forced to live on the streets or on food stamps.",https://twitter.com/Chip4Congress/status/1315712525829320709
Kim Mangone,"11/01/2020, 22:45:27","@WalshFreedom We have a real shot at beating Kevin McCarthy. If everyone who saw this chipped in just $30, we would blow our fundraising goals out of the water. Please retweet and chip in here to be a part of our victory over Kevin McCarthy: https://t.co/j3XxIIDKXw",https://twitter.com/KimMangone/status/1323033440304820224
Shannon Freshour,"11/01/2020, 23:21:06",#DogsForShannon y'all https://t.co/7SltyHHtum,https://twitter.com/ShannonFreshour/status/1323042413565431808
Adia Winfrey,"10/26/2020, 03:19:24",Well show out thenüá∫üá∏üêé #VOTE https://t.co/Tz35AiwpuT,https://twitter.com/drdia/status/1320565666211135488
Max Rose,"10/21/2020, 15:39:30","While I‚Äôve been consistently fighting to keep guns out of the hands of dangerous individuals, @NMalliotakis voted to let domestic violence abusers keep their weapons. Nicole chose the interests of the gun lobby over the lives of survivors and law enforcement. #NY11",https://twitter.com/MaxRose4NY/status/1318939981130366976
Christina Finello,"11/02/2020, 01:24:29",What he said. https://t.co/7OMshGndtu,https://twitter.com/FinelloForPA/status/1323073463783985152
Alaina Shearer,"10/27/2020, 00:11:48",If your method of gaining followers is trolling and baiting ‚Äî you need a new strategy and a new hobby.,https://twitter.com/alainashearer/status/1320880843821404160
Christopher J. Hale,"10/29/2020, 23:23:12","We‚Äôre marching in the rain in Sewanee. 

No one‚Äôs worked harder to earn your vote, and no will work harder as your Congressman to confirm your choice. https://t.co/NJSSTq7XA6",https://twitter.com/chrisjollyhale/status/1321955778073448452
Jon Hoadley,"10/20/2020, 19:46:10","Join me, Senator @ewarren, Representative @katieporteroc, &amp; many more for a virtual event tomorrow! #MI06 #DemCast #DemCastMI

Sign up to join us here: https://t.co/cJaSBkYgWg https://t.co/ezECYcXFKk",https://twitter.com/JonHoadley/status/1318639667462459392
Elizabeth Hernandez,"11/01/2020, 16:59:37",@Danamaeresists Very few of us could.,https://twitter.com/LizForTX8/status/1322946406462742530
Scott Huffman,"11/01/2020, 15:01:11","When talking to extended family and loved ones about why they should vote for me, just show them this ad. 

Budd spends his campaign $ on cigars and personal luxuries. I spend mine helping hungry people. 

Let's start caring for each other again. #NC13 https://t.co/3RlY8j2R9c",https://twitter.com/HuffmanForNC/status/1322916602631905285
Kate Bolz,"11/02/2020, 01:20:58",@jmsesow @LincolnYPG @YoungNebraskans @LancasterYDs @NEYoungDems @unlyd @NEYoungDems,https://twitter.com/katejbolz/status/1323072578773278720
Danyell Lanier,"10/19/2020, 01:11:10",@curtismcauliff https://t.co/Tc16C2xp93,https://twitter.com/danyell_lanier/status/1317996680957120512
Mia Mason,"10/27/2020, 01:19:39",If you haven‚Äôt returned your ballot do so tomorrow before 8 pm! https://t.co/oybrY9hteG,https://twitter.com/Mia4MD/status/1320897920485494785
Pam Keith,"10/20/2020, 03:03:08",This was Scott Walker‚Äôs reign of stupidity and grifting. https://t.co/nu0goKZDQo,https://twitter.com/PamKeithFL/status/1318387245510963202
Christy Smith,"10/07/2020, 02:24:46","In #CA25, we have incredible young leaders steering our future. In my years in public service, I‚Äôve met a number of advocates for change, including Andrew, who has pushed our community in a better direction. Grateful for his support and friendship! https://t.co/KLkRCuwcID",https://twitter.com/ChristySmithCA/status/1313666549010448384
Wendy Davis,"10/30/2020, 00:00:01",Thank you for your vote! https://t.co/oRBfqsPhkK,https://twitter.com/wendydavis/status/1321965040090537984
Nick Rubando,"10/24/2020, 11:29:40","Today is a great day to be a voter! 
This weekend &amp; next weekend BOE early vote hrs are extended to:
Saturday 8 AM - 4PM
Sunday 1 PM - 5PM  
#vote #Vote2020 
https://t.co/4qFW1jOoWq",https://twitter.com/NickRubando/status/1319964270893977601
Celeste Williams,"10/24/2020, 14:12:43",@StephenNP @AMOwensby Thanks for the shout out! #ElectANurse!,https://twitter.com/CelesteforAR/status/1320005302482337793
Betsy Dirksen Londrigan,"10/16/2020, 19:11:34","We can beat COVID-19 with access to quality, affordable health care, lower premiums &amp; Rx drug prices. 

Then we'll rebuild the economy by rebuilding manufacturing, creating job training programs and helping small businesses create jobs. 

Let's get #IL13 open for business again. https://t.co/mfvpERp3li",https://twitter.com/BetsyforIL/status/1317181408985624577
Nate McMurray,"10/22/2020, 23:52:38","Trump is suing to take away those protections. Your access to care.

Jacobs voted NO on defunding Trump's lawsuits. PROOF:‚§µ
https://t.co/6JImzJk5bc‚Ä¶",https://twitter.com/Nate_McMurray/status/1319426470519967746
Delina DiSanto,"10/14/2020, 02:00:25","What a sad site @RepOHalleran . I hope I win this race against @RepGosar / @DrPaulGosar, so we can work together for Arizonans. Because Gosar is not helping working/middle class and says #COVID19 is ""Overblown"". He has no clue of how someone feels losing a loved one to this virus https://t.co/MJAFXD6Eay",https://twitter.com/delina4az/status/1316197134530617344
Anthony Brindisi,"10/29/2020, 21:40:46","‚ÄúBrindisi has since delivered for his constituents in a bipartisan fashion, getting six bills signed by Trump and earning a score of 100 from Common Ground Committee, a nonprofit group focused on ending polarization and gridlock in Washington.‚Äù üí™

Vote! https://t.co/2Xic3WQzMZ",https://twitter.com/ABrindisiNY/status/1321929997859328001
Sima Ladjevardian,"10/05/2020, 14:09:02","Democracy tweet: üö® TODAY is the last day to register to vote in Texas! üö® Double check your registration and remind your friends &amp; family about today's deadline: 
https://t.co/Bh7ioMtfTe",https://twitter.com/SimaforTX/status/1313119009068453889
Nate McMurray,"10/23/2020, 02:29:44",Show the tape!,https://twitter.com/Nate_McMurray/status/1319466002153934849
Lee Ann Dugas,"10/14/2020, 12:40:02","@WayneEdH As a Former Private Investigator, &amp; someone with over 25 years of Emergency Medical Experience It's Clear by the behavior of trump and his comments, THIS WAS A STUNT, A CAMPAIGN STUNT 2 GET VOTES, Remember, he &amp; Congressional Republicans Kept ""SILENT"" since February &amp; 220K R Dead",https://twitter.com/LeeDugas2001/status/1316358099465314309
Antonia Eliason,"10/25/2020, 22:11:35","We've got just over a week until the election. Vote! And if you're in the Northeast Mississippi in District 1, vote for me. I will represent your interests as people over the interests of corporations and insurance companies. We are better together! #ANewLeafForMississippi",https://twitter.com/Antonia4MS1/status/1320488200331251712
Allen Ellison,"10/07/2020, 14:40:02","Everyone in the US knows that they are going to try &amp; steal this election the best way they know how here in Florida. We have a history of this. Voter suppression, intimidation &amp; poll tax. Jim Crow style tactics. It‚Äôs the dirty south. Help us make change! https://t.co/h2CaC79Tiw",https://twitter.com/AllenLEllison/status/1313851583961202690
Mia Mason,"10/30/2020, 15:11:29","Hey Harford County, It is time for Early Voting! You can vote  at your local polling place 7am-8pm Daily through Nov. 2. You need to make your voice heard! 

Find your local Early Voting polling location here:

https://t.co/ebC7wgFfyD https://t.co/WIxXtqoml0",https://twitter.com/Mia4MD/status/1322194418275885059
Shahid Buttar,"10/16/2020, 17:51:57","Journalism is in such dire crisis that it imperils our democracy‚Äîeven beyond the threat posed by an aspiring tyrant.

Our neighbors are dying by the thousands, many can‚Äôt afford medicine or rent or food, and our ‚Äúleaders‚Äù are acting like children.

Corporate news: https://t.co/o8XmN4DCql",https://twitter.com/ShahidForChange/status/1317161370832359425
Nate McMurray,"10/08/2020, 03:21:56","It‚Äôs time. And it‚Äôs time for us to start fresh with representation for the people who fought this man, not those who condoned him or sat back in silence.

@JerryZremski @PeopleofNY27 

https://t.co/MUAUQMw0We",https://twitter.com/Nate_McMurray/status/1314043323309592577
Sima Ladjevardian,"10/27/2020, 16:53:43","@cdivakaruni Thank you, Chitra üíï",https://twitter.com/SimaforTX/status/1321132983110291458
Pam Keith,"10/04/2020, 15:35:27","Love you right back, Kev! You are a balm on some very frayed nerves. https://t.co/46fmUdSN0J",https://twitter.com/PamKeithFL/status/1312778366257442819
Christopher J. Hale,"10/08/2020, 03:11:36",FOR SALE: All proceeds will help me beat the hell out of Scott DesJarlais. https://t.co/1fyOBGsaGH https://t.co/WVofnNCk1O,https://twitter.com/chrisjollyhale/status/1314040723872854017
J. D. Scholten,"10/04/2020, 12:11:52",Quality content from my campground: https://t.co/jWrd3RFeMY,https://twitter.com/JDScholten/status/1312727134369017861
Mia Mason,"10/06/2020, 11:47:04","Canvass with Mia Mason- Cecil County

Get out there and encourage voters to cast their ballot for Mia Mason by dropping off literature to voters!

Meet at the Providence Seventh-Day Adventist Church, 3085 Singerly Road, Elkton, MD 21921 at 9:30am on Tuesday, Oct. 6 https://t.co/oo0Q4BVvXC",https://twitter.com/Mia4MD/status/1313445668883660800
Pam Keith,"10/29/2020, 18:35:43",Corruption. Plain and simple. https://t.co/Xn1VqXTuvh,https://twitter.com/PamKeithFL/status/1321883430171353091
Phil Arballo,"10/20/2020, 21:21:45","If you want to help us send Devin Nunes into retirement, please chip in. Polls are tight &amp; every dollar is going to make a difference. Let‚Äôs finish strong &amp; send Nunes packing! https://t.co/K1lUuEipO1",https://twitter.com/PhilArballo/status/1318663722223628289
Kim Mangone,"10/25/2020, 20:43:31","We have a real shot at beating Kevin McCarthy. If everyone who saw this chipped in just $4, we would blow our fundraising goals out of the water. Please retweet and chip in here to be a part of our victory over Kevin McCarthy: https://t.co/qlBcpIP0ZZ",https://twitter.com/KimMangone/status/1320466039407169537
Mia Mason,"10/28/2020, 21:41:05",@tashenubaste @criticalthotcop Love the Pen!,https://twitter.com/Mia4MD/status/1321567688238530561
Mia Mason,"10/27/2020, 21:47:04","Learn more about Mia &amp; then VOTE!
Mia on The Young Turks program The Conversation answering the question, Can a Red District Flip Blue? And the answer is yes!! Watch the interview at:

https://t.co/v9GTSQWlPY",https://twitter.com/Mia4MD/status/1321206808074137603
Sima Ladjevardian,"10/25/2020, 01:40:58",@anylaurie16 Thank you üíï,https://twitter.com/SimaforTX/status/1320178508216389632
Devin Thorpe,"10/21/2020, 03:01:21",Thanks! And I couldn't agree more! https://t.co/25Zql9rScO,https://twitter.com/devindthorpe/status/1318749184275591170
Pam Keith,"10/12/2020, 04:34:11","Reason 765,310182,390 why I‚Äôm voting for Joe Biden.

I cannot think of a single example in 4 years of Trump showing that kind of empathy and uplifting encouragement to ANYONE! 

EVER! https://t.co/IsOvyOKVf4",https://twitter.com/PamKeithFL/status/1315511054789677056
Scott Huffman,"10/29/2020, 17:10:31","I keep having to replace my signs at the polling places in Davie County. This is absurd. Add ""cheater"" and ""thief"" to the list of atrocities committed by @RepTedBudd and his minions. #nc13",https://twitter.com/HuffmanForNC/status/1321861986339164160
Nate McMurray,"10/23/2020, 02:11:51","He asked you a question about racism, and your answer Is to praise yourself and compare yourself to Lincoln. 

Dear lord",https://twitter.com/Nate_McMurray/status/1319461503519592448
Christina Finello,"10/12/2020, 19:04:07","No number of endorsements can change the fact that Brian Fitzpatrick hasn't gotten the job done. The virus is not under control. Small businesses need relief. Families are still struggling. While he prioritizes the Trump agenda in Congress, I will always put PA families first.",https://twitter.com/FinelloForPA/status/1315729981683752967
David Kim,"10/18/2020, 01:53:58","üö®BREAKING: We‚Äôre still in the lead!

Despite sending misleading mailers piggybacking off legislation drafted by others, my opponent has LOST ONE POINT in most recent data. Misleading your constituents doesn‚Äôt win; putting Community First does. #CA34 https://t.co/nKpLaUNxIt",https://twitter.com/DavidKimForCA/status/1317645065162981376
Phil Ehr,"11/01/2020, 16:07:38",Every vote matters. Your vote matters.,https://twitter.com/PhilEhr/status/1322933326164955142
Adia Winfrey,"10/28/2020, 17:55:07",Thank you to the visionary Talladega Democrats who put this billboard up on I-20 W just past exit 168üá∫üá∏ #Winfrey4Congress #Vote #FocusedOnAlabama #AL03 https://t.co/s2EmmUaDeX,https://twitter.com/drdia/status/1321510825379680256
Christopher J. Hale,"10/21/2020, 22:11:01",@evan_eggers Probably. Luckily the last report isn‚Äôt due for two weeks after 11/3! So we‚Äôll have some time to do the math,https://twitter.com/chrisjollyhale/status/1319038508812652545
Nate McMurray,"10/27/2020, 11:22:45","Did you vote? THANK YOU! 

But less than 10% of us have in NY27. 

We need 70% to vote to have a chance. 

PLEASE get your friends to vote TODAY! 

I‚Äôll be out all day, saying üëã Chasing down every last vote! 

Please help me chase a few too! 

üá∫üá∏ üá∫üá∏ üá∫üá∏ üá∫üá∏ üá∫üá∏",https://twitter.com/Nate_McMurray/status/1321049693858762754
Sima Ladjevardian,"10/17/2020, 22:54:04","500,000 votes and counting! Big win for democracy, despite every GOP effort to suppress it. 

Let's keep this going!!! Make your plan to vote in between innings of tonight's game and text your friends to do the same.

Let's #VOTE, #VoteEarly, and play ball at the ballot box. ‚öæÔ∏è https://t.co/doPnj0ZEez",https://twitter.com/SimaforTX/status/1317599789257789449
Christopher J. Hale,"10/25/2020, 03:19:33","COVID-19 endorsed DesJarlais voted against giving Tennesseans free virus tests, the small business tax credits, and paid sick leave and skipped a vote to give Tennesseans extended unemployment benefits. https://t.co/77uR4sZKWN",https://twitter.com/chrisjollyhale/status/1320203317641945088
Meg Gorman,"10/19/2020, 04:12:35",@coyote4183 @UpperCasey @chrisjollyhale Yes I will! Thank you for your support,https://twitter.com/Meg4Congress/status/1318042335981293571
Hiral Tipirneni,"11/01/2020, 20:57:15","‚Äú'We have the power; we have the vote; we can fire him ‚Äî and that‚Äôs the plan.'‚Äù

https://t.co/ceM2sJG70E",https://twitter.com/hiral4congress/status/1323006211151650817
Nate McMurray,"10/25/2020, 19:24:35",@PursellTR @AndrewYang I always have. Maybe you asked about specific proposal?,https://twitter.com/Nate_McMurray/status/1320446175896608768
Matthew Best,"10/26/2020, 23:06:44","If you read one thing this election #KY5 it should be this 27 page report by CREW. 

https://t.co/U1sfTPiYdh",https://twitter.com/BestforKY/status/1320864466926473221
Phil Ehr,"10/21/2020, 02:09:54","@jewishaction @mattgaetz Thank you for this powerful ad that brings attention to how dangerous Matt Gaetz is - I'm running to put an end to his hateful and divisive tactics in 14 days. 

https://t.co/84hFUXEnQ3",https://twitter.com/PhilEhr/status/1318736235469352961
Jaime Castle,"10/03/2020, 18:52:59",Hanging out in Chillicothe today - we had a great turnout of folks coming to get their Dem signs. Thank you Ross County Dems! Folks want a Representative who works for THEM in district 2 - let‚Äôs #flip2toblue #OH02 #FirstCapital üíôüá∫üá∏üíô https://t.co/EaFD1cHGx3,https://twitter.com/jaimecastleOH/status/1312465689630797825
Matthew Best,"10/16/2020, 08:59:33",Pike County Schools will return to virtual learning next week https://t.co/W1YNRhIS1r,https://twitter.com/BestforKY/status/1317027388337934336
