Jon Hoadley,"10/17/2020, 15:52:35","Aren't able to join our Weekend of Action? Come hang out with us on Monday for our phone bank with Representative @RoKhanna!

RSVP here: https://t.co/nUsHcZexS0 https://t.co/IKjxh9rlfs",https://twitter.com/JonHoadley/status/1317493720854515713
Betsy Dirksen Londrigan,"11/02/2020, 20:40:48","Reminder to join today's virtual rally to kick off the Eve of Election Day with @SenGillibrand! Click the link below to sign up or visit https://t.co/eVE3d3wZx1 at 3pm.
https://t.co/ihs7C3RP0i",https://twitter.com/BetsyforIL/status/1323364459377733632
Gina Ortiz Jones,"10/03/2020, 20:34:34","We have one month to Election Day. There is so much at stake in this race for our communities. 

Let‚Äôs wake up on November 4th knowing we left it all on the field ‚Äì sign up to volunteer with #TeamGOJ this weekend! https://t.co/yExwBx5kCb",https://twitter.com/GinaOrtizJones/status/1312491255968878593
"Malinowski, Tom","10/07/2020, 18:36:23",Still missing your stimulus check? Non-filers now have until November 21st to provide the IRS with the information necessary to receive their economic impact payment. Use the Non Filers: Enter Payment Info Here app by visiting the link below. https://t.co/UHq9rzsg6d,https://twitter.com/RepMalinowski/status/1313911065026101249
Carolyn Long,"10/08/2020, 23:46:55","Did you catch the Filibusters yesterday? ICYMI, check it out at the link below! https://t.co/MaBxWe5OhL",https://twitter.com/ElectLong/status/1314351600345915394
Joe Cunningham,"10/26/2020, 13:31:21","New ad üì∫!

My Dad taught me a lot. Work hard. Have faith. And those are the kind of values that guide me in Congress. #SC01 #LowcountryOverParty https://t.co/tw2VpqGEOe",https://twitter.com/JoeCunninghamSC/status/1320719669762904070
Ben McAdams,"10/13/2020, 00:48:26","Seeing an uptick in virus infections harming families and Utah's economy. It's time to rally together to assist Utahns, urban and rural. The virus doesn't care where you live. Most important issue now. #utpol #utdebates",https://twitter.com/BenMcAdams/status/1315816630593544192
Dan Feehan,"10/20/2020, 13:00:01","For too long, politicians have been in the pockets of drug &amp; insurance companies, &amp; we've paid the price. Unlike @JimHagedornMN, I haven‚Äôt taken a dime in corporate PAC money &amp; don‚Äôt owe anyone special favors. The only people I will be accountable to are the residents of #MN01. https://t.co/jPPr7ik4Fz",https://twitter.com/danielfeehan/status/1318537455046254592
Christina Hale,"10/31/2020, 16:21:25","This weekend is your last chance to #VoteEarly at one of Marion County's satellite locations!

Don't wait! Make a plan and make your voice heard! #IN05 https://t.co/N75PoCJa4C",https://twitter.com/HaleIndy/status/1322574405931692032
Candace Valenzuela,"10/22/2020, 13:58:20","Our new TV ad highlights our opponent‚Äôs plan to raise healthcare costs and gut protections for people with pre-existing conditions. In Congress, I will put working families first, and help North Texans bounce back from the pandemic. https://t.co/kYirR7TCfN https://t.co/T6Hl04GfIg",https://twitter.com/candacefor24/status/1319276909205753860
Candace Valenzuela,"11/02/2020, 19:06:43","Join us in TWO HOURS for our phone bank launch with Rep. @AyannaPressley! 
Help us #GOTV! 
Sign up here:
https://t.co/KsDlfJkERr",https://twitter.com/candacefor24/status/1323340783051776006
TJ Cox,"10/17/2020, 00:47:00",I'm proud to receive the endorsement of The Alliance for Retired Americans. My top priority in Congress is your health &amp; safety - that means protecting your Social Security benefits and access to affordable health care. https://t.co/OtubqWWmOw,https://twitter.com/TJCoxCongress/status/1317265822021279744
Max Rose,"10/13/2020, 22:34:37","While my opponent ran a corporate PAC and has taken over $150k from corporations, I wrote the bill to ban them once and for all. I‚Äôm proud to be #RunningOnReform and will always fight against DC corruption with @StopBigMoney https://t.co/OnOeqO3s8E",https://twitter.com/MaxRose4NY/status/1316145343520743427
Jon Hoadley,"10/12/2020, 17:44:24",Raise your hand if you plan to be an #OctoberVoter ‚úã https://t.co/yX9igzTxKM,https://twitter.com/JonHoadley/status/1315709920378073088
Christina Finello,"10/06/2020, 17:44:06","An insurance company told me that my pregnancy was considered a preexisting condition. My daughter has a preexisting condition. 300K people in our district has a preexisting condition. Fighting to protect preexisting conditions is personal to me, and I'll fight for that everyday.",https://twitter.com/FinelloForPA/status/1313535518572007428
Diane Mitsch Bush,"10/27/2020, 18:18:07","Election Day is in 7 DAYS! 

It‚Äôs too late to mail in your ballot, so find your local drop box and get your ballot turned in ‚¨áÔ∏è
https://t.co/LnJPOGw8EE https://t.co/jNr4rgYitl",https://twitter.com/RepDMB/status/1321154223023771650
"Malliotakis, Nicole","10/07/2020, 13:33:28","Then ask him why Pelosi &amp; Democrats insist on including the following items that have nothing to do with COVID Relief:¬†

1Ô∏è‚É£End bail on federal level
2Ô∏è‚É£Releasing convicted felons
3Ô∏è‚É£Nationwide ballot harvesting
4Ô∏è‚É£Ban on states‚Äô Voter ID laws
5Ô∏è‚É£Stimulus checks for illegal immigrants",https://twitter.com/NMalliotakis/status/1313834832384925697
Christina Finello,"10/19/2020, 22:17:02","I will support increasing access to contraception. We must make sure birth control is affordable and accessible for everybody. As your Congresswoman, I promise to fight for the healthcare options that you deserve. #30ReasonsForFinello https://t.co/dmSZ8pOWwt",https://twitter.com/FinelloForPA/status/1318315246822490112
Candace Valenzuela,"10/08/2020, 01:34:56","Measure the strength and health of the American economy on the strength and health of the American worker and the American family.

@KamalaHarris is discussing priorities. 

#VPDebate",https://twitter.com/candacefor24/status/1314016393688428544
TJ Cox,"10/22/2020, 18:10:27","The election is in 12 days! Make your plan to vote today &amp; mail in your ballot as soon as possible! 

Here's how: 

*visit https://t.co/gOoUX6ht7x to learn more* https://t.co/q1ZGtPWoaY",https://twitter.com/TJCoxCongress/status/1319340354097696768
Harley Rouda,"10/14/2020, 15:41:19","I'm proud to earn an endorsement from the @ocregister  for my work to put #CountryOverParty.

""we think Harley Rouda will be a more effective representative for the district, a needed voice of moderation and a reliable vote on key issues we care about."" https://t.co/ADk9ks2IG4",https://twitter.com/HarleyRouda/status/1316403721765449728
Betsy Dirksen Londrigan,"10/14/2020, 00:46:11",Donald Trump and his campaign co-chair @RodneyDavis have failed #IL13 by refusing to take COVID-19 seriously. Our families and businesses are suffering because of their ignorance.,https://twitter.com/BetsyforIL/status/1316178451993374720
"Axne, Cynthia","10/28/2020, 15:14:13","A Vanderbilt study found #COVID19 hospitalizations were dramatically lower in areas with masks requirements.

As hospitalizations continue to climb in Iowa, stronger mask policies are literally what the doctors are prescribing for us. #IA03 #WearAMask üò∑
https://t.co/1QAKe4d6Ic",https://twitter.com/RepCindyAxne/status/1321470329894674439
Jill Schupp,"11/01/2020, 01:12:25",Thank you to everyone who came out for day one of #GOTV! Can you join us tomorrow and help us flip #MO02? RSVP here: https://t.co/j2dzfPlcVT https://t.co/bu9i6sXOsB,https://twitter.com/JillSchupp/status/1322708038118244352
"Malliotakis, Nicole","10/19/2020, 22:11:37",Greeting shoppers at the Charleston Shopping Center. The #SouthShore is pumped and ready to vote. #StatenIsland Join our team: https://t.co/glcZgG9oLy https://t.co/Lu2naA5rid,https://twitter.com/NMalliotakis/status/1318313884051247107
Joe Cunningham,"10/31/2020, 23:27:37","Join me, @harrisonjaime, @WhipClyburn, and many more tomorrow afternoon in North Charleston for a GOTV Drive-In Rally! RSVP below. https://t.co/0FQpGgEEoJ",https://twitter.com/JoeCunninghamSC/status/1322681663701291011
Kendra Horn,"10/20/2020, 17:21:20","Or if you have a standard ballot (with a yellow affidavit), you can deliver it in person at your county election board! Find yours at https://t.co/9S6PV6jHJs",https://twitter.com/HornForCongress/status/1318603219879235585
Harley Rouda,"10/28/2020, 16:02:29","Good morning...

Have you voted yet?",https://twitter.com/HarleyRouda/status/1321482477802680321
Sri Preston Kulkarni,"11/01/2020, 21:08:47","We have reached out to voters in 27 languages and made sure every community in #TX22 feels heard. 

@SheriffTNehls has spent his campaign hiding from voters, forcing Super PACs to do the talking for him.

There's really no comparison.

Join our fight: https://t.co/3wqAkmIVxg https://t.co/dZPGFj6tl3",https://twitter.com/SriPKulkarni/status/1323009113874407424
Diane Mitsch Bush,"10/29/2020, 15:43:22","Lower health care costs. 

Create good-paying jobs. 

Protect Public Lands. 

VOTE! #CO03",https://twitter.com/RepDMB/status/1321840055984574466
Candace Valenzuela,"10/09/2020, 20:00:31","Interested in joining our campaign? We have a virtual hangout with Team Candace and our supporters! Bring a drink, bring a snack, and spend some time with us! 
Sign up here:
https://t.co/giG0OmbtJZ",https://twitter.com/candacefor24/status/1314657013121658882
Sri Preston Kulkarni,"10/28/2020, 21:38:31","Looking forward to joining these incredible candidates and elected officials tonight! 

Tune in to our virtual rally! #TX22 https://t.co/Q2YBNSfISt",https://twitter.com/SriPKulkarni/status/1321567044412780544
Christina Finello,"10/28/2020, 17:22:54","My opponent‚Äôs weak campaign is being propped up by smears and lies out of the GOP &amp; Trump playbook to stay afloat. 
 
We have 6 days left to flip this seat. Can you chip in $10 today to help? https://t.co/UXHgoYKGkJ",https://twitter.com/FinelloForPA/status/1321502715931992073
Diane Mitsch Bush,"10/28/2020, 20:55:32","There's a clear choice in this election. 

If you want a Congresswoman who will roll up her sleeves and get things done for #CO03, I'm your candidate. 

Let's win this thing. https://t.co/zk4DhJxYUM",https://twitter.com/RepDMB/status/1321556228863070208
Max Rose,"10/18/2020, 13:51:31","From the day I was sworn into Congress, I‚Äôve fought like hell to deliver results for the people of Staten Island and South Brooklyn. I‚Äôm proud of what we‚Äôve accomplished so far, but we‚Äôre just getting started.

Honored to be endorsed by @NYDailyNews #NY11 https://t.co/7AEqgXGs82",https://twitter.com/MaxRose4NY/status/1317825642654826497
Candace Valenzuela,"10/24/2020, 20:33:35","I just voted! We are so close to the finish line, and we can‚Äôt do this without you, so make a plan to vote and help us fight for North Texans by chipping in $3, $10, or $24 at https://t.co/kYirR7C1of https://t.co/PGCeL0Cs0t",https://twitter.com/candacefor24/status/1320101150889250822
Betsy Dirksen Londrigan,"10/06/2020, 00:28:20","Repealing the ACA would strip health care coverage from millions, including 31,000+ in #IL13, and remove protections for 282,500+ with pre-existing conditions in #IL13.
 
Davis repeatedly votes against quality, affordable health care for #IL13 families.",https://twitter.com/BetsyforIL/status/1313274858873204736
Kendra Horn,"10/15/2020, 02:39:39","My opponent talks a big talk about funding the police but voted to cut $9 million from public safety in this year‚Äôs budget. They even had to cancel Trooper Academy in OK. We need action to improve police training, not lip service. #OK05Debate

https://t.co/5nKHKq1X7v",https://twitter.com/HornForCongress/status/1316569397918662656
Alan Cohn,"10/04/2020, 22:31:44",What‚Äôs your plan to vote? Are you voting by mail? Early? In Person? https://t.co/MWn9xx6wzB,https://twitter.com/AlanMCohn/status/1312883125681369091
Carolyn Long,"10/09/2020, 21:32:21","Why? Because she‚Äôs taken more than $200,000 from the insurance industry and Big Pharma. She repeatedly votes their way to give them bigger profits, even when it hurts her constituents.",https://twitter.com/ElectLong/status/1314680122323079168
Jon Hoadley,"10/21/2020, 19:51:43","After building the most competitive campaign #MI06 has ever seen, we have less than 2 weeks to bring it home. 

That's why we need 1,000 folks to chip in to our campaign to ensure we can finish strong. #DemCast #DemCastMI

Chip in whatever you can today: https://t.co/SRgQZH8MYt https://t.co/mnAePmQ6tJ",https://twitter.com/JonHoadley/status/1319003451406356480
Amy Kennedy,"10/09/2020, 00:07:52",Starting tonight off discussing COVID-19 - Amy is ready to make sure our communities are protected and have access to the treatment and relief they need!- #TeamAmyKennedy #AmyKFightsforSJ,https://twitter.com/AmyKennedy715/status/1314356873416630272
Jon Hoadley,"10/26/2020, 01:26:22","We've built incredible momentum in our campaign to flip #MI06, but we can't let up at all until polls close on November 3rd.

These final days are critical in getting the vote out and talking with undecided voters. 

Chip in $6 to help bring this home: https://t.co/SRgQZH8MYt https://t.co/pN12gWvwFr",https://twitter.com/JonHoadley/status/1320537220147806209
Jon Hoadley,"10/18/2020, 13:27:01","Do you have plans today? Now you do!

Sign up to join the team for some phone calls today for our Weekend of Action! #MI06 #DemCastMI

https://t.co/5wFkdJsq3n",https://twitter.com/JonHoadley/status/1317819473731178498
Christina Finello,"10/17/2020, 18:09:31","Copy and paste bunny but make it vote by mail

(\_/)
( ‚Ä¢_‚Ä¢)
/ &gt; ‚úâÔ∏è
ballot in the secrecy envelope!
(\_/)
( ‚Ä¢_‚Ä¢)
/ &gt; üì©
secrecy envelope in the return envelope!
(\_/)
( ‚Ä¢_‚Ä¢)
/ &gt; üì¨
return envelope in the mail!",https://twitter.com/FinelloForPA/status/1317528181944078344
Eugene DePasquale,"10/23/2020, 16:01:55",".@PennLive endorses @DePasqualePA:

‚ÄúPerry would do away with the Affordable Care Act without a viable way to provide healthcare to millions who could be stricken with the virus or other diseases. DePasquale supports healthcare for all Americans‚Äú #PA10 https://t.co/kN9jIvCuUw",https://twitter.com/DePasqualePA/status/1319670397932081154
Kendra Horn,"10/15/2020, 02:51:30","Lying again. I‚Äôve always opposed Medicare for All, despite what my opponent and dark money groups say. I believe we need to strengthen the Affordable Care Act and expand Medicaid, not eliminate private insurance. #OK05Debate https://t.co/rnF5fhCYAk",https://twitter.com/HornForCongress/status/1316572379364110336
Jill Schupp,"10/22/2020, 18:24:33","In the midst of one of the greatest public health crises, this administration &amp; my opponent are hellbent on one thing: gutting protections for the millions of Americans nationwide who have pre-existing conditions. Rep. Wagner has never had our backs and she never will. https://t.co/vSStgSbRbb",https://twitter.com/JillSchupp/status/1319343904756518912
Donna Shalala,"10/29/2020, 13:05:05","Nunca dejar√© de luchar por nuestra comunidad en el Congreso

https://t.co/mKiPnEH0h1",https://twitter.com/DonnaShalala/status/1321800220322209792
Harley Rouda,"10/10/2020, 17:03:16",I'll protect Americans with pre-existing conditions. My opponent won't. https://t.co/o2axWr80MZ,https://twitter.com/HarleyRouda/status/1314974794501115909
Dan Feehan,"10/30/2020, 18:00:01","Agriculture is more than just the economic engine of our district, it‚Äôs a way of life for #MN01. Farmers want to pass on the farm to the next generation, but they‚Äôve been forgotten by Washington. I‚Äôll always fight for our farmers. #PeopleFirst https://t.co/nfkPYexCDb",https://twitter.com/danielfeehan/status/1322236830582894592
Candace Valenzuela,"10/31/2020, 15:01:13","Our amazing volunteers are working hard to get out the vote! Join us, and be a part of #TeamCandace! Sign up to volunteer at https://t.co/qaQ854cGIu https://t.co/GObkN8cFW5",https://twitter.com/candacefor24/status/1322554225948319745
Joe Cunningham,"10/12/2020, 22:50:01",Thanks @CofCBullyPulpit for a hosting a great virtual town hall tonight! Loved answering so many great questions from @CofC students. https://t.co/q4uVGS7Kcr,https://twitter.com/JoeCunninghamSC/status/1315786833276661760
"Malinowski, Tom","10/27/2020, 19:08:47","Tom and his staff are working around the clock to serve constituents through these challenging times. If you are a resident of NJ-07 and need assistance with your unemployment benefits or with a federal agency, visit https://t.co/lZQNs1jmz9. https://t.co/w3iyuRxzW7",https://twitter.com/RepMalinowski/status/1321166973905096709
"Malliotakis, Nicole","10/03/2020, 18:27:08",#StatenIsland has a loud and clear message for @RepMaxRose: ‚ÄúYou‚Äôre Fired‚Äù Join our team: https://t.co/glcZgGqZD6 https://t.co/3WkhgU1Zc6,https://twitter.com/NMalliotakis/status/1312459186261782528
Donna Shalala,"10/28/2020, 14:58:51",BREAKING: Honored to once again earn the Miami Herald‚Äôs endorsement! https://t.co/RSOb8DfDZB,https://twitter.com/DonnaShalala/status/1321466464621264896
Harley Rouda,"10/20/2020, 16:08:46","You've seen @MichelleSteelCA's lies. Here's the truth. 

I fight for Orange County small businesses in Washington. My work to create jobs, deliver for small businesses, and lower taxes earned me an endorsement from the @USChamber and local business owners. https://t.co/mu1pTik3ED",https://twitter.com/HarleyRouda/status/1318584955383861249
Patricia Timmons-Goodson,"10/23/2020, 01:54:12","My opponent voted to eliminate protections for pre-existing conditions.

It would be wrong to take away healthcare during the best of times and it is downright sinful during a pandemic. #Debates2020",https://twitter.com/TimmonsGoodson/status/1319457062724784128
Cameron Webb,"10/24/2020, 12:51:22","After spending the last 444 days on the campaign trail, I‚Äôve found that the entire experience is about creating authentic connections. Each day is different, but each day is my first chance to build w/someone new.

Thanks @VICENews for capturing a day in this crazy campaign life! https://t.co/biVt2HYuuc",https://twitter.com/DrCameronWebb/status/1319984830092804096
Betsy Dirksen Londrigan,"10/06/2020, 00:29:30","Rep. @RodneyDavis' words mean nothing when we have the receipts.
 
Davis voted:
üßæ11x to repeal the ACA without a replacement
üßæ3x to support a lawsuit to overturn the ACA this year
üßæTo gut protections for those with pre-existing conditions
üßæAgainst lowering Rx drug prices",https://twitter.com/BetsyforIL/status/1313275151027507200
Alan Cohn,"11/02/2020, 15:09:18",Honored to have welcomed @JoeBiden to Tampa! Now let's get ready for election day. For the love of country and your family.... VOTE! https://t.co/sKpZKjlggh,https://twitter.com/AlanMCohn/status/1323281034713174021
Jon Hoadley,"10/23/2020, 02:01:37",".@UptonForAllOfUs said he voted against a COVID relief bill for American families because it had ""no chance"" of passing.

The reason for that? Refusal to consider the bill from Mitch McConnell and President Trump.

It's hardly bipartisan to support party over relief for families.",https://twitter.com/JonHoadley/status/1319458926245613569
Hillary Scholten,"10/17/2020, 16:00:00","West Michiganders want a leader who will stand up for our community and put West Michigan interests first, no matter their political party.

That's what my campaign is all about. https://t.co/GNK9GwacJJ",https://twitter.com/HillaryScholten/status/1317495588196282368
Jon Hoadley,"10/26/2020, 23:36:28","While folks worry about whether or not they'll be able to afford their prescription drugs @UptonForAllOfUs has taken over $1.5 million from pharmaceutical companies that benefit by keeping those prices high. We need structural change, and Upton continues to enable the status quo.",https://twitter.com/JonHoadley/status/1320871952114962433
Christina Hale,"11/01/2020, 23:02:29","üö®Our campaign is working around the clock to get out the vote in #IN05! And with just 48 hours left until polls close, this is our last chance to fund our final #GOTV efforts.

Can you help us reach our goal? https://t.co/7d66Xj2hwc",https://twitter.com/HaleIndy/status/1323037727453978624
"Pappas, Chris","10/19/2020, 19:53:38","Today I toured @Vapotherm in Exeter. As COVID-19 hit, they added staff and overcame supply chain disruptions to produce life-saving respirators. In Congress, I‚Äôve fought to get New Hampshire manufacturers more support and added stability to help drive our economic recovery. https://t.co/fMOrT2yqvp",https://twitter.com/RepChrisPappas/status/1318279158875770881
"Axne, Cynthia","10/31/2020, 14:26:11","Many counties in Iowa have no ICU capacity already, including &gt;50% of #IA03.

States like Wisconsin have been forced to build temporary hospitals to deal with greater need.

Our hospital capacity is dropping, and our health experts are raising the alarm.

https://t.co/yEN55jrokl",https://twitter.com/RepCindyAxne/status/1322545409110298626
Jon Hoadley,"10/20/2020, 16:42:38","We have some GREAT news!

@jewishaction is endorsing our campaign!

We're working hard to flip #MI06 - will you join us? https://t.co/pXW1tc0a49 https://t.co/JlivRZtMSo",https://twitter.com/JonHoadley/status/1318593479866540032
Joe Cunningham,"10/11/2020, 01:04:23","@realDonaldTrump @NancyMace If you want to do the opposite of this, help me hold this seat in November. #SC01  

Donate ‚û°Ô∏è https://t.co/cPKKC18Xi8",https://twitter.com/JoeCunninghamSC/status/1315095869713190920
Wendy Davis,"10/15/2020, 20:35:03","Since the expiration of the CARES Act, millions of American families are forced to choose between food, electricity, and medicine after losing a job through no fault of their own. We need a new stimulus package and we need it now.
https://t.co/QkO6DnX7f2",https://twitter.com/wendydavis/status/1316840030371897345
Dan Feehan,"10/10/2020, 18:23:59","If you‚Äôre a student at @MNSUMankato, @BethanyLutheran, @winonastateu, @gustavus, or @smumn you can vote right now! Check out the graphics below to find your early vote location and make your voice heard! #MN01 https://t.co/UZJwo3XPN6",https://twitter.com/danielfeehan/status/1314995104722059265
Joe Cunningham,"10/29/2020, 21:22:51",https://t.co/pLm4JiqOCb https://t.co/Yvpp5RESiT,https://twitter.com/JoeCunninghamSC/status/1321925491004219392
Eugene DePasquale,"11/01/2020, 17:32:35","Door knocking in the rain as opposed to watching #PITvsBAL . Everyone stay focused on what we can control. For instance, I‚Äôve recently stopped complaining that I can‚Äôt throw 98 mph :) #Election2020",https://twitter.com/DePasqualePA/status/1322954705308393473
"Malliotakis, Nicole","10/10/2020, 18:50:47",Will be good. Tune in! https://t.co/seyxPDRdyL,https://twitter.com/NMalliotakis/status/1315001849817202690
"DeFazio, Peter","10/05/2020, 01:00:22","Today I continued touring damage from the #2020wildfires with @FEMA Administrator Gaynor. I met with local officials, including Linn County Commissioner Roger Nyquist and Linn County Sherriff Jim Yon, to discuss the recovery effort. https://t.co/SzHnqldMFN",https://twitter.com/RepPeterDeFazio/status/1312920531008618496
Hillary Scholten,"11/02/2020, 22:30:00",Texting young voters to make sure they have a plan for tomorrow! What‚Äôs your plan? Let us know and post your voting selfie. #VotinforScholten https://t.co/LSJJkKmWzQ,https://twitter.com/HillaryScholten/status/1323391939497070592
Dan Feehan,"10/04/2020, 17:20:56","John Bartholow is Director of Youth Ministries at Central Lutheran Church in Winona. He supports Dan because he knows Dan ‚Äúwill fight to ensure a high-quality K-12 education for our youth,‚Äù and stand up for policies that address the needs of rural communities. #PeopleForDan /3 https://t.co/Wsowsx4j7q",https://twitter.com/danielfeehan/status/1312804913622200325
"Spanberger, Abigail","10/06/2020, 17:32:44","HHS is making an additional $20 billion available from the CARES Act for healthcare providers fighting COVID-19. 

Dentists, assisted living facilities, mental health &amp; addiction services providers, and others can apply now.

Click here to learn more:

https://t.co/6aMCdrIhBX.",https://twitter.com/RepSpanberger/status/1313532658643853313
Dana Balter,"11/02/2020, 17:52:43","Love this Dana pumpkin painted by one of our supporters -- thanks, Kira! https://t.co/PwpleRzuul",https://twitter.com/dana_balter/status/1323322159964528640
TJ Cox,"10/24/2020, 00:40:00","In Congress, I'm making sure we have the resources, protections, and solutions we need crush this virus &amp; get our economy moving again through the CARES Act, Heroes Act, Families First Coronavirus Act, and more. I'm here for you, and I never forget, work for you. https://t.co/r0y7NmJDFE",https://twitter.com/TJCoxCongress/status/1319800775480987648
Candace Valenzuela,"11/02/2020, 00:00:11","Don't forget! We're phone banking with Rep. @AyannaPressley TOMORROW at 3PM Central! Join us for this huge GOTV push!
Sign up here: https://t.co/KsDlfJkERr",https://twitter.com/candacefor24/status/1323052247400546304
Christina Finello,"10/28/2020, 19:05:14",Drop off your ballot if you haven't mailed it yet. https://t.co/XfxmNomRgn,https://twitter.com/FinelloForPA/status/1321528467100454914
Hiral Tipirneni,"10/21/2020, 17:05:29","‚úÖ Me: An independent thinker who will work to ensure that seniors in #AZ06 can retire w/ dignity &amp; security.

‚ùå Him: A corrupt politician who spent yrs trying to dismantle Social Security, raise the retirement age, &amp; cut live-saving *earned* benefits.

The choice is clear.#AZ06 https://t.co/DQHVUuJVq6",https://twitter.com/hiral4congress/status/1318961616298364931
Wendy Davis,"10/11/2020, 22:00:00",".@BetoORourke is hosting a Texas-sized phone bank all day tomorrow with the help of amazing special guests &amp; they're going to need your help hitting the massive goal of a MILLION calls made. Please sign up for a shift if you haven't already!
https://t.co/A9FOHiP4ZU",https://twitter.com/wendydavis/status/1315411858061361153
Dan Feehan,"10/30/2020, 16:12:57","Because of the last-minute federal court decision, we need to change our strategy and inform voters in #MN01 that they need to turn in their ballots by November 3rd or vote in-person to ensure their ballot is counted. Can you help us fund our digital ads: https://t.co/koVIbe1HFi",https://twitter.com/danielfeehan/status/1322209889188519937
Jon Hoadley,"10/08/2020, 01:40:19","Clean energy investments create jobs. 

That‚Äôs it, that‚Äôs the tweet.",https://twitter.com/JonHoadley/status/1314017751514714113
Jon Hoadley,"10/12/2020, 23:55:20","Tonight, I'm asking you for $1.

$1 to:

- flip #MI06 blue for the first time in over 3 decades
- oust a vote against our healthcare and environment
- put people over profits

This is a grassroots movement. Chip in $1 tonight to help us win: https://t.co/SRgQZH8MYt

#DemCastMI https://t.co/Z5NBKVPNL8",https://twitter.com/JonHoadley/status/1315803267801194496
Harley Rouda,"10/20/2020, 19:24:18","Orange County families are being taxed twice on the same dollar. I voted to bring back our State and Local Tax (SALT) deductions. 

@MichelleSteelCA signed a pledge to keep the 2017 law that raises our taxes and lowers our tax returns. https://t.co/zljvMiNkMc",https://twitter.com/HarleyRouda/status/1318634163755347968
Wendy Davis,"10/28/2020, 22:42:02","Reminder: Health care for millions of Texas families is on the ballot.
 
Chip Roy and Republicans are working to rip away healthcare, including from Texans with pre-existing conditions.
 
That's unacceptable. #TX21
https://t.co/Om3kfC7QPt",https://twitter.com/wendydavis/status/1321583030528438272
Sri Preston Kulkarni,"10/21/2020, 02:31:15","Happy birthday to Senator and future Vice President Kamala Harris! I'm a bit biased, but I think October birthdays are extra-special. Funnily enough, we have the same birthday wish! https://t.co/oWGgf5U5Wq",https://twitter.com/SriPKulkarni/status/1318741608880173056
Max Rose,"10/09/2020, 21:20:50","Incomprehensible, reprehensible, and beyond insulting. This Administration wants to bankrupt our city and is willing to do it on the backs of 9/11 first responders.

@NMalliotakis think you could stand up to your party for once?
https://t.co/CGPh8P3GJU",https://twitter.com/MaxRose4NY/status/1314677226156240897
Christina Finello,"10/06/2020, 12:01:17","Thank you Sheriff @SeanKilkennyPA for your endorsement. In Congress, I will work tirelessly to ensure our criminal justice system has the resources needed to keep our neighborhoods safe and treats all Americans equally under the law. https://t.co/85rpBLoj7h",https://twitter.com/FinelloForPA/status/1313449245840740353
Max Rose,"10/06/2020, 21:20:28","For Republicans to walk away from negotiations is a total abdication of responsibility. We could have risen to this moment and prevented an economic disaster, instead Republicans are pushing us right off the ledge‚Äîand @NMalliotakis stood with them. https://t.co/Ev4RN0ZD45",https://twitter.com/MaxRose4NY/status/1313589967067676672
Candace Valenzuela,"10/13/2020, 18:11:11","In high school, I was in a car accident that resulted in chronic health issues. After graduating college, I was forced to work three jobs to afford my health care premiums and deductibles. The cost of my physical therapy, prescription drugs, and ongoing care put me into debt.",https://twitter.com/candacefor24/status/1316079048741867520
Gina Ortiz Jones,"10/15/2020, 13:47:52","I'm proud to be running alongside leaders like @Claire4Texas ‚Äì join us TODAY at 3 PM for a phone bank reaching voters in #TX23 and #HD122.

With your help, we can flip Texas blue up and down the ballot!
https://t.co/T9hwWPKA8y",https://twitter.com/GinaOrtizJones/status/1316737558131412992
Jon Hoadley,"11/01/2020, 23:49:24","ICYMI: @UptonForAllOfUs will continue his crusade against healthcare if elected to an 18th term.

#MI06 needs a Representative who will protect access to healthcare, especially in a pandemic.

Chip in $6 to help us win: https://t.co/SRgQZH8MYt

https://t.co/9mQeobfWvC  #DemCastMI",https://twitter.com/JonHoadley/status/1323049531563560972
"Pappas, Chris","10/13/2020, 19:37:30","Joined @SenDavidWatters and Dover leaders for a walking conversation about transportation and infrastructure along the Dover Community Trail. 

Smart investment in our infrastructure is critical to rebuilding our nation and getting our economy running again. https://t.co/lkAtk2EtyJ",https://twitter.com/RepChrisPappas/status/1316100772686426113
Carolyn Long,"10/03/2020, 21:23:32","We are just one month away from Election Day! And we need all hands on deck to reach voters across the district. 

How can you help?
Volunteerüëâ https://t.co/iTOXLzTR7H  
Chip in to put people over politics üëâhttps://t.co/5hPwG0aGMM

Join our team and help us #FlipThe3rd! https://t.co/EERtf8fY1q",https://twitter.com/ElectLong/status/1312503578720759811
TJ Cox,"10/18/2020, 21:11:12","I had a great time connecting with Mr. Eliseo Gami√±o, President of Central Valley Leadership Roundtable. We had a great conversation about the future of the Valley, especially our rural Westside communities, which hold so much promise and possibility.
https://t.co/mpapTLiyY3",https://twitter.com/TJCoxCongress/status/1317936289644072960
Dan Feehan,"10/25/2020, 21:43:00",https://t.co/rWensprAZI,https://twitter.com/danielfeehan/status/1320481007905185792
Hiral Tipirneni,"10/31/2020, 18:54:34","Don‚Äôt BOO üëª, #VOTE!

There's nothing spookier than sitting out this election. Carve out some time &amp; let your voice be heard! You can: 
üéÉ Drop off your mail-in ballot at any polling location or drop box
üéÉ Vote in-person at an emergency voting location:
https://t.co/ieX3sVWj8G https://t.co/6oUkey3Jzq",https://twitter.com/hiral4congress/status/1322612946954936320
"Malinowski, Tom","10/06/2020, 17:11:07","The deadline to register to vote in New Jersey is one week away on October 13th. To register, check your status, and learn important voter information visit https://t.co/gdeVHqrwI4.",https://twitter.com/RepMalinowski/status/1313527216710520832
Jill Schupp,"10/21/2020, 19:58:39","As the daughter of a marine veteran &amp; an elected official in a state that's home to thousands of veterans &amp; multiple military installations, I do not believe we should defund the Pentagon.",https://twitter.com/JillSchupp/status/1319005198044508161
Eugene DePasquale,"10/15/2020, 00:53:10",Thank you ‚Å¶@ydrcom‚Å© for a great forum this evening! Pa. election 2020: How to watch candidate forum with Eugene DePasquale https://t.co/P2skxYHkIT,https://twitter.com/DePasqualePA/status/1316542599877079044
TJ Cox,"10/23/2020, 17:00:00",Thanks to @FresnoCountyDms for your support and advocacy throughout the Valley to keep #CA21 blue - let's win this. https://t.co/z3i2nSNQzv,https://twitter.com/TJCoxCongress/status/1319685015425470465
Jon Hoadley,"10/19/2020, 21:46:07","Folks across the country realize what we've known in #MI06 for a long time - we can win.

This won't be easy. Upton's been in office for 34 years &amp; polling shows this race is neck and neck with just 2 weeks to go.

Chip in what you can to help us win: https://t.co/SRgQZH8MYt https://t.co/kzlF6ayVS2",https://twitter.com/JonHoadley/status/1318307464987725829
Wendy Davis,"11/02/2020, 19:51:52","In order to win this, we‚Äôve got to run all the way through the finish line. We have phone banks with some amazing special guests available today and tomorrow. Help your fellow Texans make a plan to vote by signing up for a couple of shifts today:
https://t.co/dCzMJKcQWz",https://twitter.com/wendydavis/status/1323352145748525059
Joe Cunningham,"10/14/2020, 18:15:48",Don‚Äôt miss our latest Virtual Brewery Tour event tonight at 6:30pm with @harrisonjaime! Details below üëá https://t.co/bS6uD2gipk,https://twitter.com/JoeCunninghamSC/status/1316442596647022593
Max Rose,"10/11/2020, 21:08:24","I am honored to have @NYNurses‚Äô support. When COVID hit, nurses risked everything to save lives. They are the definition of heroes. But @NMalliotakis shared photoshopped pictures of herself on the frontlines and cut $400 million from our hospitals and the nurses who work there. https://t.co/0Gc9YSV0Hy",https://twitter.com/MaxRose4NY/status/1315398870864736256
Joyce Elliott,"10/15/2020, 23:25:46","Something is happening...

NEW POLL
Joyce Elliott 45.5%
French Hill 46%

Help us win: https://t.co/yiqTEHnJyi https://t.co/BZqfmnUZhB",https://twitter.com/xjelliott/status/1316882990543347714
Jackie Gordon,"10/11/2020, 22:02:01","With just 2Ô∏è‚É£3Ô∏è‚É£ days left till Election Day, here's an 
#ICYMI: @FiveThirtyEight, a national election forecaster, has us ahead in the race for NY-02! 

üö® But we need your help to cross the finish line. Please consider donating to keep this momentum going‚¨áÔ∏è https://t.co/QBGgwLQeui",https://twitter.com/VoteJackie4NY/status/1315412362430681088
Diane Mitsch Bush,"10/25/2020, 22:31:20",Coloradans get things done by working together. I‚Äôm not running for Congress to pick fights‚ÄîI‚Äôm running to deliver for #CO03.,https://twitter.com/RepDMB/status/1320493174171774982
Jill Schupp,"10/20/2020, 20:59:47","This week's #TestimonialTuesday highlights something MO Democrats &amp; Republicans can agree on: We need coalition builders in Congress. As I've always done, I'll work across party lines to pass legislation that improves people's lives. #MO02 https://t.co/sBMYbuOlOC",https://twitter.com/JillSchupp/status/1318658193883582464
Nancy Goroff,"10/31/2020, 19:09:21","Have you seen this woman talking with Republicans, Democrats, and Independent voters as they wait in line to vote? She‚Äôs going to be your next congresswoman. https://t.co/OKYVQ7F6P2",https://twitter.com/ngoroff/status/1322616667587883011
Jon Hoadley,"10/22/2020, 17:56:47",@OnTheLabelLabel @JoeBiden @KamalaHarris @GaryPeters Thanks so much for your support (and for voting early)!,https://twitter.com/JonHoadley/status/1319336915913592839
Gina Ortiz Jones,"10/17/2020, 00:05:35","Honored to join fellow veterans &amp; local Democrats in Carrizo Springs who are ready to elect leaders who will fight for the things that matter ‚Äì from creating more good-paying jobs to expanding access to quality, affordable health care! #TX23

Help us win: https://t.co/NNhF4IUzBA https://t.co/S3uPIRZGWC",https://twitter.com/GinaOrtizJones/status/1317255400824147976
"Horsford, Steven","10/18/2020, 15:20:00",Today marks the 48th anniversary of the #CleanWaterAct! This landmark legislation has protected our drinking water for decades and must be protected. üåä,https://twitter.com/RepHorsford/status/1317847907933016068
"Horsford, Steven","10/23/2020, 18:18:39","If you‚Äôve received an eviction notice because you‚Äôre behind on rent, follow the steps below from @LegalAidSNV. https://t.co/pGwPXHegBp",https://twitter.com/RepHorsford/status/1319704808211861504
Jon Hoadley,"10/12/2020, 20:53:00","Join me for a conversation with Representative @PramilaJayapal, Co-Chair of @electprogress this Thursday!

RSVP here: https://t.co/oBylxlDRid https://t.co/vjq0gC9aIo",https://twitter.com/JonHoadley/status/1315757382518140933
Gina Ortiz Jones,"10/13/2020, 16:10:57","From the nurse who knows that health care is on the ballot, to my fellow Air Force vet who is ready to get our country back on the right track, thank you for lining up to vote early today! #TX23 

Texas ‚Äì you can find your nearest polling location here: https://t.co/jMwqU0xweO https://t.co/RoAf01tjHd",https://twitter.com/GinaOrtizJones/status/1316048789598343169
Hillary Scholten,"10/24/2020, 01:00:01","We‚Äôre gaining momentum every day. 

All signs point to MI-03 voters who are ready for a leader who puts them first ‚Äì ahead of political gain, party loyalty, and President Trump every time. I‚Äôm the woman for that job. https://t.co/nY8cfYOT4k",https://twitter.com/HillaryScholten/status/1319805813175668736
"Malliotakis, Nicole","10/05/2020, 21:50:25","Shocked to hear that The Synagogue at the Shore Parkway Jewish Center was vandalized late last night leaving broken windows and other significant damage. Thankfully, the NYPD arrested a suspect. Attacks on our religious institutions cannot be tolerated...(1/2)",https://twitter.com/NMalliotakis/status/1313235118341918727
Hillary Scholten,"11/01/2020, 20:23:33",With Jesse going door to door to drop off some lit on this blustery Sunday afternoon. Give us a wave if you see us! üëã https://t.co/wzzrtErblD,https://twitter.com/HillaryScholten/status/1322997729463775232
Hillary Scholten,"10/19/2020, 19:30:00","Like so many other small businesses here in Michigan, @MittenBrewingCo has been hit hard by the pandemic and cold weather is going to make for another difficult season.

We need leaders in Washington to step up and help small businesses keep their doors open before it‚Äôs too late. https://t.co/r5iInAwtX9",https://twitter.com/HillaryScholten/status/1318273210748723200
TJ Cox,"10/09/2020, 17:33:03","""Valadao voted 21x against a path to citizenship for DREAMers... Our communities and our farmers, as much as our workers, deserve a representative in Congress who will do better than Valadao."" https://t.co/wbJM4pkfcY",https://twitter.com/TJCoxCongress/status/1314619900313309184
Joyce Elliott,"10/18/2020, 15:58:16",@JCDWorld @Deoliver47 Thank you! Making it evoked achingly emotional childhood memories.,https://twitter.com/xjelliott/status/1317857536909991936
Max Rose,"10/17/2020, 21:53:41",Brooklyn is always ready to go! Early voting begins in ONE WEEK and Election Day is only 17 days away‚Äîjoin #TeamRose today üí™ https://t.co/PazjGuI5WO https://t.co/8SEnyI2AMy,https://twitter.com/MaxRose4NY/status/1317584594904952833
"Horsford, Steven","11/01/2020, 20:23:00",#ACA Open Enrollment starts today! Learn more about available plans and enroll here: https://t.co/Wfm2xPLKEs,https://twitter.com/RepHorsford/status/1322997590053408768
Gina Ortiz Jones,"10/18/2020, 15:01:08","One of the hardest things I've ever had to do is visit El Paso after the 2019 shooting and look at 22 white crosses lined up along the Walmart fence line, knowing our president's white nationalist rhetoric caused the largest massacre of Latinos in American history. https://t.co/zFkwW13dzy",https://twitter.com/GinaOrtizJones/status/1317843158747746305
Carolyn Long,"11/01/2020, 03:56:23",Trick or Treat! Thank you to 54¬∞40‚Ä≤ Brewing for a safe and fun Halloween! üéÉ https://t.co/Ekc3DYgJWb,https://twitter.com/ElectLong/status/1322749301269823488
Hillary Scholten,"10/11/2020, 17:38:01",I‚Äôm on my way to meet with @Micalhoundems! So excited to hear from voters about what‚Äôs on their minds in 2020.,https://twitter.com/HillaryScholten/status/1315345926219759617
Jon Hoadley,"10/26/2020, 15:55:31","It was great to join Governor @gretchenwhitmer for a volunteer appreciation rally this morning!

With just over a week until Election Day, we're using every day to get out the vote and flip #MI06. #DemCastMI

Join our team: https://t.co/pXW1tc0a49 https://t.co/gBYxWkJMSV",https://twitter.com/JonHoadley/status/1320755950320558081
Christina Finello,"10/27/2020, 16:00:01","Bucks County! Today is the last day to vote early in-person, and polls are open until 4:30pm. Find your location here üëáüëáüëá https://t.co/pJYMdDvEH5 https://t.co/kIFnm66bcw",https://twitter.com/FinelloForPA/status/1321119468844650497
"Spanberger, Abigail","10/08/2020, 19:31:25","The global COVID-19 pandemic has underscored that infectious disease is a national security issue. In a recent hearing, @HouseForeign discussed how U.S. security agencies can become more resilient in case of future pandemics or other biological threats.
https://t.co/tdA9cwc283",https://twitter.com/RepSpanberger/status/1314287299149074437
Candace Valenzuela,"10/11/2020, 21:00:01","#NationalComingOutDay is marked this year by the mounting difficulties of COVID-19 for our LGBTQ communities. 
If you or someone you know is in crisis, call the @TrevorProject support line at 1-866-488-7386."" 

https://t.co/lQPKh2Ai8x",https://twitter.com/candacefor24/status/1315396760517267456
Jill Schupp,"10/30/2020, 21:00:00","If you haven't mailed in your mail-in ballot, it's too late to make it by Election Day. You should make a plan to forfeit your ballot at your polling location and vote in person on Nov. 3rd. Learn more: https://t.co/Mp3FDj5deY https://t.co/8x56TN7W6D",https://twitter.com/JillSchupp/status/1322282128416083976
Ben McAdams,"10/13/2020, 00:31:57",People are afraid the repeal of the ACA will take away their coverage. My opponent's website called for repeal until we started talking about how much harm that would do to Utahns.  Was in black and white on his website. What's true is true. #utpol #utdebates,https://twitter.com/BenMcAdams/status/1315812484171788288
Dana Balter,"10/19/2020, 23:09:12","Thank you to Lt. Gov @KathyHochul for joining us in Syracuse today to discuss the importance of COVID relief.

For months now, John Katko has stood in the way of getting critical relief to people in #NY24. We cannot wait any longer.

And in two weeks, we're going to vote him out. https://t.co/bna4W764Fi",https://twitter.com/dana_balter/status/1318328375153491968
"McBath, Lucy","10/16/2020, 16:09:24","Today is #NationalMammographyDay.

Remember ‚Äî early detection is critical to beating this diagnosis. Please take care of yourselves and encourage those in your life to get checked. üíó",https://twitter.com/RepLucyMcBath/status/1317135565972774913
Christina Finello,"10/31/2020, 21:36:00","I have a knack for fixing what‚Äôs broken. I‚Äôm running for Congress because Washington is broken, and we can‚Äôt change our politics until we change the people we send there. I‚Äôm determined to find real solutions for our problems and to fight for #PA01‚Äôs families every day.",https://twitter.com/FinelloForPA/status/1322653573239382016
Hillary Scholten,"10/22/2020, 16:48:36","I am so happy to have the support of @SEECPAC ! It is crucial that we take environmental issues seriously. Our planet can‚Äôt afford to wait. In Congress, I will fight for legislation that protects our environment for generations to come. 

Join me: https://t.co/FafJlcxpYr https://t.co/Ve1KMD9ldd",https://twitter.com/HillaryScholten/status/1319319755577241600
"Horsford, Steven","10/16/2020, 19:44:00",Early detection is critical in battling breast cancer. Follow the link üëá to find free or low-cost mammograms near you. https://t.co/II2uaPg85b,https://twitter.com/RepHorsford/status/1317189570845429761
Nancy Goroff,"10/17/2020, 16:52:48","Lee Zeldin says he‚Äôs ‚Äúdone more to advance science in the world than my opponent likely will in her lifetime,‚Äù adding @RepLeeZeldin to a prestigious list of influencers. https://t.co/Gx8epLFghV",https://twitter.com/ngoroff/status/1317508873096450048
Wendy Davis,"11/01/2020, 19:16:43","If you live in Travis County, you can drop your completed mail-in ballot off today until 6pm at 5501 Airport Blvd! #TX21 https://t.co/2wTAFrSHRW",https://twitter.com/wendydavis/status/1322980910468341760
"DeFazio, Peter","10/15/2020, 19:22:43","This is a victory for our democracy &amp; the American people: @USPS has agreed to reverse PMG DeJoy's destructive, dangerous changes that delayed deliveries of prescriptions, checks, mail-in ballots, and more. I will always fight for this essential service. https://t.co/PHjuAa1jRi",https://twitter.com/RepPeterDeFazio/status/1316821827533058050
"Horsford, Steven","10/15/2020, 21:00:26","If you need immediate assistance, please don't hesitate to contact my office at https://t.co/OAmLlK68WT.",https://twitter.com/RepHorsford/status/1316846417634381824
Eugene DePasquale,"10/20/2020, 14:17:35","As the son of a Vietnam War veteran who was wounded in combat, I've seen first hand the sacrifices made by our heroes in uniform and their families. They've risked their lives fighting for our freedom, in Congress, I will always have their backs. #PA10 https://t.co/BwVgibHm0Q",https://twitter.com/DePasqualePA/status/1318556975026884617
"Malliotakis, Nicole","10/17/2020, 12:15:30",Cashless bail and the release of violent convicted felons have NO place in a COVID relief package. It‚Äôs shameful that @SpeakerPelosi won‚Äôt drop the ideological wishlist so much needed relief can be distributed to the American people. https://t.co/SXDL0FX9vi,https://twitter.com/NMalliotakis/status/1317439090535563267
Kendra Horn,"10/21/2020, 20:08:04","Thank you to @LovesTravelStop for your support and for the vital role you play in our state‚Äôs economy! Your growth from a small family business to an employer of 1,500 Oklahomans and 27,000 nationwide is an inspiration. I‚Äôm thrilled I was able to help out during this crisis. https://t.co/u1owl6yeMF",https://twitter.com/HornForCongress/status/1319007568061255682
Patricia Timmons-Goodson,"10/26/2020, 19:17:56","Please join @Tiffany_Muller, @JasonKander, and me for a discussion about my reform agenda. 

We must get special interests out of politics and protect our voting rights. I will fight to ensure every American enjoys free and fair elections.

Sign up here: https://t.co/Yt4LXUXNvg",https://twitter.com/TimmonsGoodson/status/1320806888741756933
Gina Ortiz Jones,"10/13/2020, 17:40:28","Happy 245th Birthday to the @USNavy!

So proud of my sister who serves to this day, and for the active duty sailors and veterans whose service and sacrifices have kept our country safe. https://t.co/08e4Dr7vS5",https://twitter.com/GinaOrtizJones/status/1316071317116944389
Sri Preston Kulkarni,"10/13/2020, 21:28:58","Incredibly powerful words by TX-22's own @theestallion. I encourage everyone to take a few minutes out of your day and read this.

https://t.co/nwmec6Rvvz",https://twitter.com/SriPKulkarni/status/1316128820899000322
Christina Finello,"10/18/2020, 13:33:00","Another Sunday, another perfect day for #GOTV üåÖ 

We need to keep building on our momentum! Help us flip #PA01 BLUE by signing up for 2 shifts: https://t.co/uAVlKexee9

Make sure to use #PhoningForFinello so that we can see your efforts!",https://twitter.com/FinelloForPA/status/1317820980387926016
Candace Valenzuela,"10/27/2020, 19:00:39","People of color are being hit hardest by the pandemic. Our healthcare system is disproportionately detrimental to Black and brown communities. In Congress, I will always fight for quality and affordable healthcare for all North Texans: https://t.co/MSXSX25bC4",https://twitter.com/candacefor24/status/1321164929722916871
Amy Kennedy,"10/25/2020, 17:16:25","Yesterday we had a great time kicking off a canvass with volunteers &amp; @NJEA members. And we're back again today at Tony Canale Park at 2:30PM in Egg Harbor Township.

Sign up here ‚¨áÔ∏è https://t.co/KaN4U5PZhg https://t.co/fpqV4eiv4a",https://twitter.com/AmyKennedy715/status/1320413920050532353
Jill Schupp,"10/12/2020, 03:51:42","Unlike my opponent, I don‚Äôt need to mislead voters to talk about my record. Here‚Äôs the truth: https://t.co/M6xttr8KRp",https://twitter.com/JillSchupp/status/1315500365824094208
Eugene DePasquale,"10/18/2020, 22:11:05",With üé≠! #MasksSaveLives #Election2020 https://t.co/MngFbAtrL1,https://twitter.com/DePasqualePA/status/1317951360705449985
Eugene DePasquale,"10/06/2020, 22:11:56","This is why people are fed up with Washington. People are hurting and our elected leaders can‚Äôt put egos aside and get the job done. We deserve better. This November, vote them out. #PA10
https://t.co/5Nnk8sx83D",https://twitter.com/DePasqualePA/status/1313602921322475520
Diane Mitsch Bush,"10/27/2020, 15:44:54","Thank you so much for putting your faith in me, @AspenDailyNews! I‚Äôm going to work across the aisle every single day when I get to Congress to deliver for #CO03. https://t.co/vWonFdCuWI",https://twitter.com/RepDMB/status/1321115664875167746
"Pappas, Chris","10/09/2020, 20:21:50","New Hampshire small businesses are hurting and facing an uncertain future, thousands of workers remain unemployed and unable to pay the bills, and families are struggling to make ends meet.

Now isn‚Äôt the time for further distraction or gamesmanship. Now is the time for action.",https://twitter.com/RepChrisPappas/status/1314662378626260992
"Pappas, Chris","10/22/2020, 19:52:30","It wouldn't be a trip to Carroll County without saying hi to my friend Ed Butler. 

Today I presented him with a Congressional Record statement honoring his 12 years of service to his community in the New Hampshire House of Representatives.

Enjoy your retirement, Ed! https://t.co/SksEtfe3aF",https://twitter.com/RepChrisPappas/status/1319366035791818758
TJ Cox,"10/28/2020, 19:20:51","Tragically, Fresno County had six new fatal cases of #COVID19 this weekend.

We don't want to see these numbers continue to rise, so please do your part to slow the spread. 

https://t.co/6ZOENP6CMx

#StaySafe #DoYourPart",https://twitter.com/TJCoxCongress/status/1321532400166318080
"Pappas, Chris","10/16/2020, 16:38:46","This rule change by Massachusetts extends an outrageous cash grab targeting Granite Staters who are doing their part to stay home and stay safe during a pandemic.

I am leading legislation in the House to protect Granite Staters from paying MA income tax.

https://t.co/58GENFSRYs",https://twitter.com/RepChrisPappas/status/1317142955552133126
Wendy Davis,"10/17/2020, 19:57:13","Try as they might, Texas Republicans like my opponent can‚Äôt stop the incredible energy we‚Äôre seeing at the polls across Texas. We can win big in Texas this year but not without your help. Can you pitch in $5 now to help me flip #TX21 from red to blue? https://t.co/0qKwmDDuOo https://t.co/rQQ1pmfOgd",https://twitter.com/wendydavis/status/1317555284122927104
"Malliotakis, Nicole","10/29/2020, 14:51:55","‚ÄúMax Rose hasn‚Äôt supported our police officers, plain and simple,‚Äù said Beverly. ‚ÄúSo how can I support him?‚Äù https://t.co/bi6AOusDH5",https://twitter.com/NMalliotakis/status/1321827108256100352
Alan Cohn,"10/03/2020, 00:06:24","We raised $1,050,000 this quarter, shattering the previous quarterly fundraising record in Florida's 15th Congressional District - and we did it because of you!! Thank you for your generous support! We're going to win this race together! https://t.co/R96UxBoLbO",https://twitter.com/AlanMCohn/status/1312182177610657793
Diane Mitsch Bush,"10/18/2020, 00:41:36","Students can‚Äôt get their homework done without broadband. 

Teachers can‚Äôt do their jobs without broadband. 

Many patients can't get the health care they need without broadband. 

I'm going to fight like hell to get people in #CO03 access to broadband.",https://twitter.com/RepDMB/status/1317626852073263104
Eugene DePasquale,"10/15/2020, 14:08:53",#PA10 residents like Mike rely on protections for pre-existing conditions to get the health care coverage they need. @RepScottPerry voted 12 times to take those protections away and supports a lawsuit that could eliminate them in the middle of the COVID crisis. We deserve better. https://t.co/6B0HoyIQTl,https://twitter.com/DePasqualePA/status/1316742847912181761
Hiral Tipirneni,"10/16/2020, 17:40:38","A6: There are many options for folks who want to support our campaign! Over the next 1Ô∏è‚É£8Ô∏è‚É£ days (!!), they can:
üíµ Donate to our campaign
üìû Volunteer with our team
üö® Put a sign in their yard 
üó≥ #VOTE
üë≠ Bring a friend w/ them to the polls #ELGOTV https://t.co/OOi4Mep1Xe",https://twitter.com/hiral4congress/status/1317158522442764288
Dan Feehan,"10/30/2020, 16:57:06","I don‚Äôt see you as a red or blue, but as a hard working person who expects their representative in Washington to be working harder than you are. Instead, we have a Congressman that has quit on us at the worst time possible. https://t.co/KMsYamHdpU",https://twitter.com/danielfeehan/status/1322220998964465665
Christy Smith,"10/25/2020, 22:30:46","Thanks to everyone who came by our Porter Ranch drive-thru meet &amp; greet today!

Nine days left until the election ends. Tell your neighbors and friends to #vote! https://t.co/aJUdLzwkpb",https://twitter.com/ChristySmithCA/status/1320493027882717184
Kendra Horn,"10/19/2020, 16:38:38",Count me in! https://t.co/pAcg2vcF4f https://t.co/0OpcMRE4Xl,https://twitter.com/HornForCongress/status/1318230085766434822
Dana Balter,"10/16/2020, 01:01:33","As President Trump despicably holds hostage the relief that central and western New Yorkers are desperate for, it's inexcusable that John Katko still supports him.

Enough is enough. #NY24 deserves better.

https://t.co/rBHOq0IRnw",https://twitter.com/dana_balter/status/1316907094809993225
Alan Cohn,"10/29/2020, 23:26:43","Thank you @JoeBiden ! #FL15 help is on the way. Finally we'll have a President and Congressman who cares about EVERY man, woman, and family. Build Back Better ! https://t.co/bPG3dqyGne",https://twitter.com/AlanMCohn/status/1321956662253703171
Sri Preston Kulkarni,"10/23/2020, 18:13:17","It's no secret that @SheriffTNehls has a record filled with misconduct and abuse of power. If we send him to Washington, we can only expect more of the same.

During a global pandemic, while our health care is on the line, we just can't afford that. #TX22

https://t.co/DsLtIqhlxu",https://twitter.com/SriPKulkarni/status/1319703454034632705
"Malliotakis, Nicole","10/03/2020, 20:02:37","Thank you @NYCPBA President Pat Lynch for coming to #StatenIsland for our Triumph 2020 Rally. As was evident by the 2500+ people in the crowd...our community wants law &amp; order restored, the NYPD supported, the American Dream preserved &amp; socialism STOPPED. üá∫üá∏ https://t.co/Rp4KfbPZkV",https://twitter.com/NMalliotakis/status/1312483214556975104
"Malinowski, Tom","10/16/2020, 19:22:10",Medicare open enrollment has begun! Compare plans and get covered by visiting https://t.co/1aEob7ea90. Open enrollment period ends December 7th. https://t.co/tjqiY25LmO,https://twitter.com/RepMalinowski/status/1317184078165233665
"Spanberger, Abigail","10/14/2020, 15:23:16","Central Virginians, the deadline to register to vote ‚Äì either in person or online ‚Äì has been extended to 11:59 pm, Thursday, October 15. Are you registered? Double check now! Visit https://t.co/jGHfBW3Ovw today. #VA07 https://t.co/jVr1xaFgmn",https://twitter.com/RepSpanberger/status/1316399177916715009
Alan Cohn,"10/08/2020, 21:53:34","By ending stimulus negotiations, the president just turned his back on:¬†
Public health care workers¬†
Custodians
Child care workers¬†
Social workers¬†¬†
Students
We deserve better. Make a plan to vote!",https://twitter.com/AlanMCohn/status/1314323075375271936
Wendy Davis,"10/09/2020, 16:38:14","Congratulations @GinaOrtizJones! You deserve it, and I can‚Äôt wait for the opportunity to work alongside you in Congress for the people of Texas. Now, let‚Äôs win this! üí™ https://t.co/d8nCDYYrfB",https://twitter.com/wendydavis/status/1314606105956212743
Joe Cunningham,"10/17/2020, 13:17:37","MUST-READ: Beaufort Mayor Billy Keyserling pens op-ed: ‚ÄúMace's false claims about Parris Island show she's wrong for the job.‚Äù

https://t.co/cPyOEcHZsh",https://twitter.com/JoeCunninghamSC/status/1317454723734261760
Max Rose,"10/25/2020, 17:31:23","At the doors and grocery stores, great talking to people across #NY11.

Day 2 of early voting, 9 days till Election Day. Let‚Äôs win this! 

Make your plan to vote: https://t.co/P9en6zJQ9P https://t.co/UrJhYacrD0",https://twitter.com/MaxRose4NY/status/1320417686644494338
"Luria, Elaine","10/13/2020, 15:50:59","I am pleased to see our Commonwealth making investments to help Virginians find quality jobs during the COVID-19 pandemic. Innovative solutions, like the Network2Work program, are critical to our recovery during this challenging time.
https://t.co/LZdIX9BLsE",https://twitter.com/RepElaineLuria/status/1316043767863029761
Diane Mitsch Bush,"10/06/2020, 22:20:03","It wasn‚Äôt a set up, Boebert. You lied to public health officials. 

You told Pitkin County that your fundraiser would be outside &amp; attendees would wear masks. 

Then, you had the event inside &amp; few people wore masks. 

What, do the rules not apply to you? https://t.co/IlqRxOmXWd",https://twitter.com/RepDMB/status/1313604964275683330
Dan Feehan,"11/01/2020, 20:46:00",I visited my friend Terry‚Äôs farm in Albert Lea and we talked about the innovation happening in agriculture. We need Congress to actually help our farmers instead of working to undermine their hard work and I commit to helping farmers all across #MN01 succeed. https://t.co/vdjhluv6Lb,https://twitter.com/danielfeehan/status/1323003377475899392
"Fletcher, Lizzie","10/08/2020, 21:15:03","A reminder to students in #TX07: the Congressional App Challenge is underway and you have until October 16 to get your submissions in! 

More info below ‚¨áÔ∏è https://t.co/MHFABMmv2J",https://twitter.com/RepFletcher/status/1314313381940256768
Wendy Davis,"10/28/2020, 19:06:17","We can win this election if everyone shows up to vote! Once you‚Äôve voted, help us make calls to Texans around the district to make sure they have what they need to vote. We have phone banks every day until Election Day. Sign up for a shift today:
https://t.co/7JvmtPSVGP",https://twitter.com/wendydavis/status/1321528731999985664
Christy Smith,"10/19/2020, 03:54:55",LA Dodgers= NL Champs!üíô‚öæÔ∏è,https://twitter.com/ChristySmithCA/status/1318037887896547329
Jon Hoadley,"10/25/2020, 16:29:59","Healthcare is on the ballot.

Clean air + water are on the ballot.

Strong public schools are on the ballot.

Our vote is our voice. Let's make our voices heard loud &amp; clear at the ballot box.

#VoteEarly, and remind 3 friends to vote too.

Make your plan: https://t.co/gJH92ag2TG",https://twitter.com/JonHoadley/status/1320402234115579904
Sri Preston Kulkarni,"10/20/2020, 23:09:11",How it started                               How it's going https://t.co/P7BAXTjuP1,https://twitter.com/SriPKulkarni/status/1318690760288600067
Jon Hoadley,"11/02/2020, 12:27:45","Election Day is tomorrow - let‚Äôs bring this campaign home strong. #MI06 #DemCastMI

Phone bank: https://t.co/c4rUgfSANW

Donate: https://t.co/SRgQZH8MYt",https://twitter.com/JonHoadley/status/1323240377151823873
Amy Kennedy,"10/30/2020, 15:42:21","Live in Atlantic County &amp; haven't dropped off your ballot yet? Join me for another #VoteWithAmy today at 5:30pm at the Pleasantville Municipal Building - make sure your ballot is filled out and sealed before you arrive, though! See you there! üó≥Ô∏è https://t.co/6KWLLAARVk https://t.co/Xu3mRiZvot",https://twitter.com/AmyKennedy715/status/1322202186932244485
"Axne, Cynthia","10/13/2020, 20:43:48","ICYMI ‚Äì¬†applications for nomination to one of nation's military service academies are open!

The deadline is November 25th, learn how to apply here: https://t.co/hjVz3lGLgq

#IA03 https://t.co/aVJIziSWiX",https://twitter.com/RepCindyAxne/status/1316117454926622720
Dan Feehan,"10/04/2020, 19:24:22","#MN01 deserves leadership that will invest in innovative solutions &amp; will protect those w/ pre-existing conditions. I'll fight to ensure that our rural hospitals &amp; clinics remain open, and that those that need care have the access they need to receive it. https://t.co/oIYAJolbkc",https://twitter.com/danielfeehan/status/1312835973701656576
Christina Finello,"10/14/2020, 19:03:00","ICYMI: This is why it's so important to flip #PA01 blue in November. Our race will help put an end to the Trump agenda. 

Join our team: https://t.co/UXHgoYt4W9 https://t.co/i8vyYOupaB",https://twitter.com/FinelloForPA/status/1316454476182478848
Jackie Gordon,"10/05/2020, 14:48:52","There are only 29 days until #ElectionDay! 
That's: 
29 days to register your friends and family to vote. 
29 days to phone bank. 
29 days to make your plan to #vote.

Go to https://t.co/nrK0KyDz87 to see how you can help!""",https://twitter.com/VoteJackie4NY/status/1313129032410697735
Jon Hoadley,"10/13/2020, 00:56:29","Patty said it - we can flip #MI06 for the first time in over *three decades* but we need the resources to finish this campaign strong.

Help us make history this November: https://t.co/SRgQZH8MYt

#DemCast #DemCastMI https://t.co/UQeO1bDVRV",https://twitter.com/JonHoadley/status/1315818657285656578
Sri Preston Kulkarni,"10/18/2020, 00:49:01","Today, I headed to an early voting event for the Korean-American community of #TX22. It was great to talk to so many excited voters about what's at stake this November.

Our early voting events are just getting started and energy is so high! Looking forward to the next few weeks! https://t.co/Myhvv8QzOW",https://twitter.com/SriPKulkarni/status/1317628716508499970
Carolyn Long,"10/31/2020, 23:24:45","Jaime continues to lie about my policy positions and even resorted to personal attacks because well...her own voting record isn‚Äôt just bad...it‚Äôs abysmal. But the truth is, I want what‚Äôs best for my family and for Southwest Washington.  #FlipThe3rd https://t.co/3Ut53MsPST",https://twitter.com/ElectLong/status/1322680942784249856
Joyce Elliott,"10/17/2020, 16:00:00","These steps are all that's left of my childhood home in Willisville, Arkansas (population 152).

The house may be gone, but the values I learned here have stayed with me: faith, hard work, compassion for the sick.

Help me take those values to Congress: https://t.co/k8plIePANX https://t.co/KSc0792YSu",https://twitter.com/xjelliott/status/1317495588892659714
