Chris Bish,"10/18/2020, 14:42:00","Ballots stolen from mailboxes, discarded on roadsides in Washington town

https://t.co/gTzLOkIGUu Mailing your ballot is asking to have your vote stolen",https://twitter.com/BishForCongress/status/1317838343581831168
Josh Barnett,"10/29/2020, 15:05:48","Opportunity Zones.
‚Ä¢ Create an economic environment that produces more than 2 million new jobs in the Hispanic
American community.
‚Ä¢ Grow the pipeline for minority entrepreneurship through opportunities for Federal contracting.
‚Ä¢ Build upon the historic increases in home",https://twitter.com/BarnettforAZ/status/1321830602291572737
Aja Smith,"10/23/2020, 04:05:31",@EinsSueAnn Is Abraham Lincoln the leader? He was racist to,https://twitter.com/AjaforCongress/status/1319490107867447297
Eric Early,"10/13/2020, 23:05:29",@Joy_Villa @realDonaldTrump You‚Äôre awesome!,https://twitter.com/EricEarly_CA/status/1316153111979814912
Aja Smith,"10/03/2020, 16:08:12",@FFBond4_USA Yes! Send email address to https://t.co/6x4cH8J8W1,https://twitter.com/AjaforCongress/status/1312424220295524353
Joe Collins,"10/25/2020, 17:09:06","Thank you to everyone that helped us yesterday and all the community members that came out to our Halloween Grab and Go. It's time for a change in district 43, but it's going to take all of us getting out and voting!

Go vote today early and avoid the lines on election day! https://t.co/LLhC4mCSYn",https://twitter.com/joeecollins3/status/1320412080193916936
Errol Webber,"10/06/2020, 08:20:29","Governor @GavinNewsom, you are depriving the people of their California dream.

-@MarkMeuser",https://twitter.com/ErrolWebber/status/1313393677528489985
Jim Bognet,"10/09/2020, 21:00:01","Nancy Pelosi and her lapdog, Matt Cartwright, continue to fail the American people. I would NEVER stop working while hard-working Americans suffer through a pandemic.

https://t.co/wv5HCZ39VA",https://twitter.com/Bognet4congress/status/1314671984555569159
Vennia Francois,"11/02/2020, 19:20:03","#FL10 has 14 #OpportunityZones that aim to revitalize economically distressed communities by spurring investment. The freedom they offer businesses and entrepreneurs to expand and create more
jobs is a key part of our economic recovery. 

 #VoteForVennia  #FlaPol https://t.co/kquK6RVPkU",https://twitter.com/Vennia4Congress/status/1323344138339758085
Miriam Berry,"10/03/2020, 11:59:43",@marklevinshow https://t.co/Ya5rSlD8EH,https://twitter.com/MiriamBerry3/status/1312361687798951937
Errol Webber,"10/16/2020, 17:46:48",Joe Biden agreed to meet with Cardi B but refused to meet with Ice Cube.,https://twitter.com/ErrolWebber/status/1317160074847133698
Errol Webber,"10/18/2020, 18:19:50",Errol Webber For Congress CA-37 attends a Trump Car Parade along the 405 Freeway. https://t.co/CtVWSSbaQv,https://twitter.com/ErrolWebber/status/1317893165613895680
Mark Reed,"11/02/2020, 07:42:26","@SpecNews1SoCal  editor questions both CD C30 candidates about solving the problems of of the homeless of our district, population increase. Somehow BS sees this as an opportunity to give a short answer - it's not his responsibility,
1:3 https://t.co/En47dhJZQs",https://twitter.com/MarkReed1776/status/1323168576417619969
Josh Barnett,"10/30/2020, 18:41:59","1/2 Follow up question
People left California, N.J. , New York, and Illinois running from increased taxes, crime in the cities etc then move to ‚ÄúRepublican‚Äù run states&amp;vote the same way. Why?
Don't they understand that this would allow Democrats to take control and implement",https://twitter.com/BarnettforAZ/status/1322247392242982913
Mark Reed,"10/30/2020, 18:43:59",THIS IS THE EXACT formula BS in CD CA30 follows. https://t.co/i5WpTZ8nk8 https://t.co/wYu6UOXINS,https://twitter.com/MarkReed1776/status/1322247895391690753
George Santos,"11/01/2020, 22:55:43",Thank you! üá∫üá∏üí™üèªüíô #USA #TakeBackAmerica https://t.co/aLjj4jles3,https://twitter.com/Santos4Congress/status/1323036024969269248
John Cummings,"10/07/2020, 01:06:43","AOC was AWOL at tonight's debate. No surprise she turned down the invite - she's the party of ""no."" 

#PartyOfNo
#IAmYou
#NY14DeservesBetter
#Cummings2020 https://t.co/Uip9NYSUeQ",https://twitter.com/cummings2020/status/1313646906162188289
Johsie Cruz,"10/23/2020, 10:58:09",@jokesondavid @KatrinaPierson @DarshunKendrick @realDonaldTrump üòØ üòØ not this one ‚òùÔ∏è another reason to vote #JohsieCruz for GA4CD to replace ignorant incumbent and politician. https://t.co/kvOF4w2T45,https://twitter.com/JohsieC/status/1319593952215846913
Josh Barnett,"11/01/2020, 04:58:33",Yes it is üá∫üá∏üá∫üá∏üá∫üá∏ https://t.co/wesq9YGlph,https://twitter.com/BarnettforAZ/status/1322764943662350336
Errol Webber,"10/20/2020, 21:13:00",Why does Gavin Newsom think he's smart enough to fact-check FDA vaccine scientists when he isn't even smart enough to keep kids safe from youthful child molesters?,https://twitter.com/ErrolWebber/status/1318661520285380609
Jenny Sharon,"10/06/2020, 21:27:09",@DiamondandSilk Amen üôè,https://twitter.com/jenny4congress/status/1313591651768635392
Josh Barnett,"10/16/2020, 23:03:06",@RealDLHughley @politico Even though it‚Äôs not true...but what if he did?? What if he worked the president for the betterment of black America? WTH is wrong with that? Smh,https://twitter.com/BarnettforAZ/status/1317239676722319360
Mark Reed,"11/02/2020, 21:33:57","Of the 3 branches of gov't, #Congress is the only one elected directly by the people. Article I‚Äîthe longest ArticleOfTheConstitution‚Äîdescribes congressional powers. Congress has the power to:
Make laws
Declare war
Raise &amp; provide public money
&amp; oversee its proper expenditure
2:3 https://t.co/bk8H6LnazP",https://twitter.com/MarkReed1776/status/1323377833536679936
Chris Bish,"10/20/2020, 06:57:38",Blind former student recalls how Barrett helped her: 'Her brilliance is matched only by her compassion' https://t.co/PBdiJ81GK8 #FoxNews,https://twitter.com/BishForCongress/status/1318446260144070656
Aliscia Andrews,"10/23/2020, 19:11:54",Actually I was at a charity event to support our law enforcement who keep us safe. Nice try though! https://t.co/KyvZXKz1ef,https://twitter.com/alisciaandrews/status/1319718207339614209
Ron Curtis,"10/21/2020, 20:04:15","""Japan set to release Fukushima water into Pacific Ocean.""

""Release to occur after 2022 despite reputational worries from fishing industry.""

https://t.co/VqndPGNh9c",https://twitter.com/rcurtis808/status/1319006604679770112
John Cummings,"10/13/2020, 14:02:36","AOC supports the ""reforms"" that have caused this crime wave. We must bring back cash bail, and stop releasing criminals back onto our streets. https://t.co/z0jazqLK2x",https://twitter.com/cummings2020/status/1316016491863535619
Errol Webber,"10/21/2020, 22:17:13","@cartman975_31 Speech, Press, Religion, Assembly, Redress. Thanks!",https://twitter.com/ErrolWebber/status/1319040068749643776
Scott Taylor,"10/23/2020, 02:07:50","That is not true. I went to the border. Catch and release was not just about family. Border patrol caught and release people, sometimes 2-3 times a day.",https://twitter.com/Scotttaylorva/status/1319460490624618506
Ron Curtis,"10/25/2020, 05:28:15","@itsalwayshot77 @DavidWareHawaii @JoeBiden @RealRLimbaugh My approach is to repeal and replace the Jones Act with a public/private partnership to transform Hawaii into a major shipping hub in the global shipping market to grow the economy, add many high paying union jobs, and lower the cost of living in Hawaii.

https://t.co/Hc9K9eAuF4",https://twitter.com/rcurtis808/status/1320235705776234497
Carla Spalding,"10/17/2020, 13:23:28","2020: Year of the Black GOP Renaissance, Thanks to Trump!! 
    THANK YOU for recognizing Black  Americans running for office who love America... We will always put America first ‚Å¶@PARISDENNARD‚Å© https://t.co/0ZDCTggdfQ",https://twitter.com/carla_spalding/status/1317456194747990017
Robert Lancia,"10/15/2020, 20:43:37",What a great area to visit! Very picturesque! Thanks to Allyn Mccaul for asking for a sign! https://t.co/FOvgBdAvTb,https://twitter.com/BobLancia/status/1316842186231685122
Thomas Kean Jr.,"10/07/2020, 13:21:01","#WarrenCounty be sure to vote #KeanforCongress, complete your ballot according to the instructions, and cast your vote by dropping it at a secure drop box, mailing it, or bringing it to your county Board of Elections or by bringing it to your local polling place on election day. https://t.co/CQFMR8XSpw",https://twitter.com/KeanForCongress/status/1313831697771888642
Josh Barnett,"10/19/2020, 16:39:04",@JoeBiden 47 years in government has been a Lid,https://twitter.com/BarnettforAZ/status/1318230195896135680
Ronda Kennedy,"10/18/2020, 03:05:07",@realTrumpForce I was 1 month old #CA26,https://twitter.com/Ronda4Congress/status/1317662968755015680
Errol Webber,"10/03/2020, 16:46:33","Joy Reid is who I think of when I hear the phrase ‚Äúskinfolk not kinfolk‚Äù. She doesn‚Äôt just fan the flames of racism, she pours gasoline on them!

 @amjoyshow @thereidout",https://twitter.com/ErrolWebber/status/1312433870629986305
Greg Musselwhite,"10/22/2020, 14:24:59",@AkosScott @BillH1059 @OANN You are correct... when I don't go to work I don't get paid...,https://twitter.com/GregMusselwhit3/status/1319283613725192192
Scott Taylor,"10/23/2020, 02:37:01",@realDonaldTrump won.,https://twitter.com/Scotttaylorva/status/1319467837933715456
Kathy Barnette,"10/29/2020, 15:32:24","üëçüèæüëçüèæüëçüèæ

&gt; This year, let's see if the 4th Congressional District is ready to send not only a woman but one of color and accomplishment to Washington. Kathy Barnette is a breath of fresh air and just what we need in Washington.
https://t.co/AIvTrO969g",https://twitter.com/Kathy4Truth/status/1321837294446383104
Nisha Sharma,"11/02/2020, 14:13:49","@SteveGuest @realDonaldTrump üá∫üá∏ @realDonaldTrump really needs to throw a Hail Mary to the west coast today because 2020 is #CaliforniaForTrump, right @GOPLeader? https://t.co/OPSSdrhxz9",https://twitter.com/UsaNisha/status/1323267071048740864
Errol Webber,"10/12/2020, 19:09:01","Both parties have been against the American worker for far too long. That needs to change.

We need pro-American policies when it comes to our workers. We have high unemployment right now due to COVID, let's take care of re-employing our people before we offer out more visas.",https://twitter.com/ErrolWebber/status/1315731215656390656
George Santos,"10/05/2020, 03:41:17",Great evening with @GOPLeader in support of @GarbarinoforNY this evening! #TakeBackTheHouse #USA üá∫üá∏üá∫üá∏üá∫üá∏üá∫üá∏üá∫üá∏ https://t.co/DeFbijYES9,https://twitter.com/Santos4Congress/status/1312961030113370112
Amy Ryan Courser,"10/14/2020, 03:05:31",@kayleighmcenany @FloridaDude297 @realDonaldTrump I am the law and order candidate and I will fight the antifa and lawlessness here in Oregon! https://t.co/Cs9eF8kRMq,https://twitter.com/AmyforOregon/status/1316213516999643137
Lavern Spicer,"10/21/2020, 20:04:43",@KeyuAhnaan Thank you,https://twitter.com/lavern_spicer/status/1319006723278065664
Luke Negron,"10/27/2020, 19:55:53",Both of these images were from Pennsylvania yesterday. Choose wisely. https://t.co/icZzhYVudt,https://twitter.com/LukeEdison20/status/1321178829155635203
Aja Smith,"10/12/2020, 19:01:14",Exactly! https://t.co/bptktKCK9R,https://twitter.com/AjaforCongress/status/1315729256886853632
Johsie Cruz,"10/06/2020, 09:26:04",.@TrumpWarRoom @Scavino45 @DanScavino @WhiteHouse @LatAmFr @MattWolking @_Sbenitez @ErinMPerrine @TeamTrump @TimMurtaugh @BlackVoices4DJT @GaryCoby @KLF @BCFPresident @SteveGuest @JennaEllisEsq @hogangidley45 @AndrewHClark @VP @VPComDir @VPPressSec @hannahmac45 @DarinBMiller üëá https://t.co/zmnnMfbknT,https://twitter.com/JohsieC/status/1313410184597983232
Jesus Solorio,"10/23/2020, 17:13:49",Pritzker must release all the data! https://t.co/PTqdwdOl7j,https://twitter.com/jesussoloriojr/status/1319688492314726401
"Steel, Michelle","10/05/2020, 14:00:01","Election season is in full swing! Do you have a plan to #vote? Find important dates, helpful information, and the location of vote centers/drop boxes at the link below.

https://t.co/bJuuO4GL6a",https://twitter.com/MichelleSteelCA/status/1313116736179204097
Jenny Sharon,"10/28/2020, 02:14:43",@LisaMarieBoothe The intent was never to have him do anything...it has always been about a good old bait &amp; switch!,https://twitter.com/jenny4congress/status/1321274164586708994
Kathy Barnette,"10/07/2020, 10:56:37","@Emaldrien @RepDean @SpeakerPelosi @realDonaldTrump @EricTrump Are you kidding me? FOCUS! Dems put a poison pill üíä  in the Stimulus bill. They KNEW it would go no where, but it gives the illusion they are working for us. Surely, you can see how wrong this is? People need relief and they are being toyed with. Surely, you can see this, RIGHT?",https://twitter.com/Kathy4Truth/status/1313795358137421824
Vennia Francois,"10/07/2020, 19:05:22","‚ÄúAs our nation works to recover from the pandemic-induced shutdown, Vennia Francois‚Äôs commitment to pro-growth policies will help revitalize our economy, putting people back to work and helping businesses keep their doors open.""",https://twitter.com/Vennia4Congress/status/1313918357805166592
Kimberly Klacik,"10/24/2020, 14:30:00",@LesaneCrooks19 ‚Äúthe people struggling in the streets‚Äù and ‚Äúeveryone‚Äù looks the same to you? I‚Äôm talking about just those struggling in this post.,https://twitter.com/kimKBaltimore/status/1320009651379965953
George Santos,"10/27/2020, 04:10:13","It is with great pleasure that I can write #JusticeACB tonight! 

We have given the most qualified individual the right job, congratulations to the senators who made this a swift and clean process.

#SCOTUS #ACBconfirmation #USA #SupremeCourtConfirmation 

https://t.co/RwUf2MY1iJ",https://twitter.com/Santos4Congress/status/1320940844355096578
Aja Smith,"10/13/2020, 03:54:33",@SaberX01 Many people don't and wonder why we have issues. I always tell folks pay attention to Ca.,https://twitter.com/AjaforCongress/status/1315863471611756546
Josh Barnett,"10/03/2020, 00:58:53",@kelliwardaz Exactly!,https://twitter.com/BarnettforAZ/status/1312195385155227649
Aliscia Andrews,"10/16/2020, 17:35:30","Very fitting fortune cookie during our staff lunch‚Äî@JenniferWexton and the Dem‚Äôs 2020 strategy. Let‚Äôs make sure it doesn‚Äôt work out for them! 

#VA10 #Wexit https://t.co/98RYJtcnnC",https://twitter.com/alisciaandrews/status/1317157234640551937
Mark Reed,"10/17/2020, 21:32:13","I could not agree more. Most everyone votes by habit. Well it‚Äôs time To Break The Brad Habit, Vote Mark Reed for a Better Future!! #WeAreCD30 https://t.co/7LaNjY44Nr",https://twitter.com/MarkReed1776/status/1317579192863617024
Monica de la Cruz-Hernandez,"10/09/2020, 19:25:20",@AlleluAmen Thank you for your support! üá∫üá∏,https://twitter.com/monica4congress/status/1314648158509637634
Aja Smith,"10/13/2020, 03:57:56",@SaberX01 Yup!,https://twitter.com/AjaforCongress/status/1315864322250170368
Kendall Qualls,"10/03/2020, 00:32:55","No better way to spend an autumn evening than (socially distanced) door-knocking with the crew! 

We've knocked on over 2,000 doors already this week and have a big weekend ahead! #MN03 https://t.co/t6rhyhbJqm",https://twitter.com/KendallQuallsMN/status/1312188850022674432
Ron Curtis,"10/05/2020, 05:42:40","Hawaii Campaign Trail Live on Facebook Live at 7:40pm with Ron Curtis, Jenny Boyette, and Keone Simon.

https://t.co/8iTf4wbbYX",https://twitter.com/rcurtis808/status/1312991574402297856
Ron Curtis,"10/30/2020, 20:50:02","@bb4bb747 This conspiracy discussion goes far back including with John F Kennedy in a 1961 speech.

Here is the Jim Caviezel video that was in the deleted Tweet.

""Decide for yourself""

https://t.co/gxzjDI1MlI https://t.co/mXPTj4yI19",https://twitter.com/rcurtis808/status/1322279617416335362
Manga Anantatmula,"10/03/2020, 16:07:36","@GerryConnolly this is for you. https://t.co/JjfHKVn7WE @andresoriano design a PJ for Gerry boy to sleep comfy..üòÜüòÜ no more nightmares of having to debate Manga, the tough brown woman. #VoteforMangaforcongress",https://twitter.com/Manga4Congress/status/1312424070688972801
Joe Collins,"10/14/2020, 16:00:43",@jameswoodson3 https://t.co/k75SEyqUi6,https://twitter.com/joeecollins3/status/1316408603071270912
Leon Benjamin,"10/13/2020, 21:30:16","Last weekend while I was knocking doors in Chesapeake, we stopped to eat at McGrath‚Äôs Burger Shack. If you are ever in the area stop by! It‚Äôs a wonderful small business run by wonderful people. Small businesses like these are the backbone of our economy! https://t.co/7KxKIt5gtk",https://twitter.com/Leon4Congress/status/1316129148134457345
Mark Reed,"10/19/2020, 20:57:55","What is important for California is Repeal of AB5, which is not on the ballot, by Kevin Kiley who is on the ballot working to repeal it.  AND 47 Congressional races with a Republican on the ballot.

We know @realDonaldTrump wants to match Washington or Reagan's 96% of the vote. https://t.co/o0jxls2Pf3",https://twitter.com/MarkReed1776/status/1318295336750776320
Josh Barnett,"10/19/2020, 15:34:11","Hey @RubenGallego @RepRubenGallego Will you denounce @biden and Hunter's corruption? Or will you say it's 'fake"" like you said about Antifa?",https://twitter.com/BarnettforAZ/status/1318213865205723136
John Briscoe,"10/29/2020, 00:28:37",Spotted on Ocean Blvd in #LongBeach! #Vote for #JohnBriscoe! #Voting info available at https://t.co/8vwYNLo0Hg https://t.co/TLzKleVhkx,https://twitter.com/johnfbriscoe/status/1321609852339154944
Robert Lancia,"10/24/2020, 17:31:00","Meanwhile, back in my home city... the McGuire family is killing it in Cranston! Thanks for becoming the newest members of Bob‚Äôs ‚ÄúArmy of 500‚Äù! https://t.co/mNg7Kry6Mw",https://twitter.com/BobLancia/status/1320055202351878149
Casper Stockham,"11/01/2020, 02:53:34",Captain America and Patriot! https://t.co/V5fIyFxgnT,https://twitter.com/Casper4Colorado/status/1322733491663081472
Daniel Wood,"10/24/2020, 00:23:50",#Arizona #AZCD3 https://t.co/6fePvZ6kr5,https://twitter.com/DWood4Congress/status/1319796707610116096
Aja Smith,"10/23/2020, 03:10:22","@TruTexan0909 @robjh1 Thank you so much!
https://t.co/6x4cH8J8W1",https://twitter.com/AjaforCongress/status/1319476227611111424
Lisa Scheller,"11/01/2020, 23:25:46","Do you have a plan for Election Day? 

‚úÖ What time do you plan on voting? 

‚úÖ Where is your polling location? 

‚úÖ Did you request a mail in ballot? If so remember to bring both envelopes with you! 

Go to https://t.co/Fcy5cPHQjE to find your polling place. #PA07",https://twitter.com/SchellerforPA/status/1323043583910416384
Ronda Kennedy,"10/10/2020, 00:15:29",.@RepBrownley why are you not social distancing and wearing a mask?  You are all sharing the same mic. Yet you take pot-shots at me. @vcstar you couldn‚Äôt report JB not following ‚ÄúGuidelines‚Äù I thought you were fair and balanced ü§∑üèΩ‚Äç‚ôÄÔ∏è#CA26 #Debateme https://t.co/TSivDs1KRj,https://twitter.com/Ronda4Congress/status/1314721175042359301
Jeff Gorman,"10/27/2020, 13:01:16","Republican Administration reaches ace deals between Israel, UAE, Bahrain and Sudan in the last month: HISTORIC peace not realized by Biden/Obama. I am a leader of the party of peace. @RepJimmyPanetta can‚Äôt even say the word ‚Äúpeace‚Äù.",https://twitter.com/JeffGormanMRY/status/1321074484183355393
Greg Musselwhite,"10/31/2020, 17:30:47",#FL20... record numbers are voting. https://t.co/7OoVpXrBoo,https://twitter.com/GregMusselwhit3/status/1322591865229742082
Nisha Sharma,"10/29/2020, 23:19:18",Sky is the limit with #FourMoreYears of @realDonaldTrump and with @GOPLeader @kevinomccarthy as Speaker of the House. When we #TakeBackTheHouse we will fulfill our #CommitmentToAmerica üá∫üá∏ https://t.co/E52dXoHcaN https://t.co/T1IHWVSPvO,https://twitter.com/UsaNisha/status/1321954793380671488
John Briscoe,"10/15/2020, 16:04:57","@RepLowenthal Thanks to the #Democrat leadership in our state and cities that won't let us open and get back to work! We can and must OPEN safely. 14 days to flatten the curve has turned into a tyrannical quest for power. We need more #CommonSense leaders, not #FearMongering!",https://twitter.com/johnfbriscoe/status/1316772056986337280
Mike Fricilone,"10/07/2020, 02:06:06","As your congressman, I will push forward legislation that lowers taxes, creates better ways of life for families and seniors, and improves the business climate in our district. 

https://t.co/zz3sd10gIf",https://twitter.com/FriciloneMike/status/1313661851633430530
Rob Weber,"10/30/2020, 15:16:40",@RepDougCollins will make a great Senator. https://t.co/1Q1moErVV1,https://twitter.com/WestPointWeber/status/1322195722570182656
Rob Weber,"10/31/2020, 17:32:01","DHS Chad Wolf is DA MAN for sending a letter of censure to Jack Dorsey re: Twitter censorship of government officials. Less talk more action though because this will never stop otherwise!

READ LETTER HERE:
https://t.co/Id12GIJeSN",https://twitter.com/WestPointWeber/status/1322592174693863426
Aja Smith,"10/23/2020, 04:46:21",@SaberX01 https://t.co/0HAwvvjQJC,https://twitter.com/AjaforCongress/status/1319500386076520448
Ron Curtis,"10/27/2020, 03:24:47",@teralynda @DavidWareHawaii @maziehirono @gophawaii @HawaiiDems The media gave her cover fire and buried all coverage of challengers to the US Senate seat.,https://twitter.com/rcurtis808/status/1320929410908782593
Robert Lancia,"10/24/2020, 20:15:09","Car Rally continued through East Greenwich, finishing up at the Veterans Cemetery, located in Exeter, Rhode Island. I thought the words of Abraham Lincoln, on the plaque near the Administration Building, were particularly poignant! https://t.co/pOItbeJZvx",https://twitter.com/BobLancia/status/1320096514459447298
Charlotte Bergmann,"10/21/2020, 23:20:14","@GrossmanToni @realDonaldTrump And thank you, Toni. One thing you can say about me is I am determined!",https://twitter.com/ElectBergmann/status/1319055927228698626
Josh Barnett,"10/03/2020, 01:31:25","Just a reminder 

Amy Barrett will be confirmed by the end of the month 

#HoldMyBeer",https://twitter.com/BarnettforAZ/status/1312203571840999426
Jenny Sharon,"10/17/2020, 04:15:47","@HillaryClinton #Trump2020 
#VoteRedToSaveAmerica",https://twitter.com/jenny4congress/status/1317318364138774529
Elizabeth Joy,"10/20/2020, 02:43:33",Bam. ü§úüèªTrue. https://t.co/lybfhfLguh,https://twitter.com/LizLemeryJoy/status/1318382316683657218
"Steel, Michelle","10/08/2020, 22:03:00","Still no word from @HarleyRouda on why he cut healthcare for his employees. One thing is for sure - we can't trust Harley Rouda to protect our healthcare in Congress.

https://t.co/krLouqKKXT",https://twitter.com/MichelleSteelCA/status/1314325447551799297
Chele Farley,"10/24/2020, 01:11:42","MALONEY DEBATE FACT CHECK

Claim: Ending cash bail is not included in the HEROES Act

Fact: The HEROES Act mandates the release of ‚ÄúAny non-violent pretrial defendants [in federal prisons]‚Äù #Farley4NY #NY18",https://twitter.com/CheleFarley/status/1319808754616012800
Chris Bish,"10/07/2020, 15:47:04",@SimonKelly14 @realDonaldTrump @jackiebroadway_ @MarkMeadows @senatemajldr @kevinomccarthy @SpeakerPelosi @SenSchumer It's the content of the funding package that he won't sign. States like my home of California do not deserve a bail out package for mismanagement of our funds. The country should not have more debt for our mistakes. We need bills the President will sign https://t.co/ldZyhRjPd1,https://twitter.com/BishForCongress/status/1313868454093496322
Jenny Sharon,"10/07/2020, 15:50:57","@JoeBiden Why...because you know you are so bad at it!
#Trump2020
#Trump2020NowMoreThanEver",https://twitter.com/jenny4congress/status/1313869433002242048
Joshua Scott,"10/08/2020, 02:53:09",@michaelbeatty3 This is really something.,https://twitter.com/joshuascottca32/status/1314036080287518720
Douglas Tuman,"10/18/2020, 18:48:38",What a great event! The Ride for Remembrance at #PointLookout #NY04 #SundayFunday üá∫üá∏ https://t.co/dlsJ7lyn9y,https://twitter.com/ElectTuman/status/1317900414961016832
Errol Webber,"10/14/2020, 20:29:51",@realDonaldTrump The President has his GIF game going! Nice!,https://twitter.com/ErrolWebber/status/1316476334055587847
Agnes Gibboney,"10/07/2020, 19:01:00",Guess who I am voting for? Proudly displaying my support for our President next to my sign. @realDonaldTrump @WhiteHouse https://t.co/gRVMpVFz5V,https://twitter.com/agnes_gibboney/status/1313917258498891776
Daniel Wood,"10/19/2020, 17:32:59","I'm honored to announce this ENDORSEMENT from the LD-11 delegation.  Thank you all SO MUCH! #LeadRight 

@AZGOP @kelliwardaz @drewsexton23 https://t.co/IEujaXBWKW",https://twitter.com/DWood4Congress/status/1318243764851200000
Jesus Solorio,"10/12/2020, 12:00:30",El Pueblo Americano eligi√≥ senadores republicanos en el 2018 por esta exacta raz√≥n: para confirmar jueces conservadores. #AmyComeyBarrett #ConfirmAmy https://t.co/AU95TovAa2,https://twitter.com/jesussoloriojr/status/1315623373804900353
Derrick Van Orden,"10/30/2020, 14:41:45",What is that guy‚Äôs last name again? https://t.co/0uCOI2pYL0,https://twitter.com/derrickvanorden/status/1322186938967871491
Ron Curtis,"10/21/2020, 05:57:22","The whole of our government org chart is upside down, they work for us. Remind them of that often.

We need to elect public officials who will prioritize government to serve the people ahead of party, special interests, and self interests.

#WeThePeople 

https://t.co/wnxODUJ2Z1",https://twitter.com/rcurtis808/status/1318793482811498497
Josh Barnett,"10/03/2020, 00:43:13",@DogsAreBetter10 @RodneyGibson604 @Acosta I‚Äôll do more for my People in my first two years than any Democrat has done the last two decades. Guaranteed.,https://twitter.com/BarnettforAZ/status/1312191441725132800
Aja Smith,"10/12/2020, 02:45:22","Biden is silent now on court-packing stance, but in 1983 he called it a 'bonehead' idea

https://t.co/qdxgPm7RWi",https://twitter.com/AjaforCongress/status/1315483673467080704
Mark Richardson,"10/22/2020, 03:40:44","@JoeBiden @BarackObama These two need to be tried for treason. The sold out America. I served with these American Hero's who gave on Operation Eagle Claw. They sold out by giving Iran pallets of cash.  These two are a disgrace to America. RIP shipmates, Never Forget. https://t.co/BkkgWSIrgS",https://twitter.com/RichardsonOH3/status/1319121484166664193
Johsie Cruz,"10/17/2020, 02:29:40",@JoelvinRV @NuadaSword @realDonaldTrump @VP @GOP https://t.co/Lp2o8Wmo4k,https://twitter.com/JohsieC/status/1317291659458117632
Mark Reed,"10/19/2020, 19:19:05","""Unfortunately, it is AdamSchiff who said the intelligence community believes the Hunter Biden laptop &amp; emails on it are part of a Russian disinformation campaign‚Äù

‚ÄúWe know that this whole smear on JoeBiden comes from the Kremlin‚Äù Schiff said on CNN""
2:2

https://t.co/qoSe8qNvLs",https://twitter.com/MarkReed1776/status/1318270463336828928
Aja Smith,"10/30/2020, 05:21:39",@Paula_White Amen üôè üôè,https://twitter.com/AjaforCongress/status/1322045985288122368
Tre Pennie,"10/08/2020, 23:15:37","Just posted a photo @ Dallas, Texas https://t.co/MgoE6SfgZi",https://twitter.com/sgt_pennie/status/1314343721740242944
Chele Farley,"10/05/2020, 21:05:18",Team Chele Farley was out in Monroe this weekend in full support of law enforcement at the Back the Blue rally in Millpond Park. Thank you to all who serve our community each day! #BackTheBlue #NY18 #Farley4NY https://t.co/AuJ0J12bRc,https://twitter.com/CheleFarley/status/1313223763157307392
David Young,"10/21/2020, 15:03:26","I have always fought to protect those with preexisting conditions, and I will continue to do so instead of using those with preexisting conditions as a political prop. https://t.co/ChXLcv1tQF",https://twitter.com/YoungForIowa/status/1318930901246615556
Nisha Sharma,"10/14/2020, 05:57:57","Thank you @TakeFlightJM for supporting me.
I will prioritize redressal of the following issues - 
‚óè Rapid rise in Homelessness
‚óè Ballooning Cost of Living despite Failing Infrastructure
‚óè Continuing migration of Jobs and people out of California
‚óè Growing crime and insecurity https://t.co/OkljMF6FkY",https://twitter.com/UsaNisha/status/1316256911667462144
Jeff Gorman,"10/07/2020, 03:45:53",@StephenMaxner @TrumpStudents @jalenjjohnson Grammie always said #YourSinsWillFindYouOut,https://twitter.com/JeffGormanMRY/status/1313686962834862081
Josh Barnett,"10/07/2020, 16:52:03",@ScottAdamsSays https://t.co/SKwcpMBTbI,https://twitter.com/BarnettforAZ/status/1313884807953215488
"Salazar, Maria Elvira","10/19/2020, 15:34:52",The truth comes out: Donna Shalala admits to being a #Socialist #fl27 #miami #uscongress https://t.co/UdJX6jF9XE,https://twitter.com/MaElviraSalazar/status/1318214037092651008
Johnny Nalbandian,"10/10/2020, 09:39:26",@Harry1T6 https://t.co/KtldQlhuHa https://t.co/P6x1viQysJ,https://twitter.com/Johnny_Congress/status/1314863100403699712
Douglas Tuman,"10/09/2020, 15:10:11",@News12LI We‚Äôre locking down for 15 cases!? Governor Cuomo has gone too far and this is unconstitutional! https://t.co/p8fv75NoBR,https://twitter.com/ElectTuman/status/1314583946018148354
Robert Lancia,"10/29/2020, 01:06:11",Me too! Going ‚Äúdoor to door‚Äù and not stopping for a second either! https://t.co/2DojomOKkh,https://twitter.com/BobLancia/status/1321619304547319809
Gregory Coll,"10/31/2020, 13:43:43",https://t.co/7BLviOkyUJ,https://twitter.com/CollforCongress/status/1322534721490923522
Jeanne Ives,"10/07/2020, 17:39:36",. @USChamber is a friend to #SmallBiz in IL. Honored to have their endorsement. #SmallBiz owners have an incredible work ethic &amp; have shown adaptability &amp; resilience during this pandemic. I'll work to give biz owners a fighting chance in Congress. The Chamber knows that. #twill https://t.co/lyYmHiJaGS,https://twitter.com/JeanneIves/status/1313896774789103616
Christine Quinn,"10/17/2020, 00:17:41","@realDonaldTrump I‚Äôm the elected Candidate in CD 14 against Castor who votes 100% with Pelosi which is a VOTE against you! I stand with you, I never back down yet the cronies in DC say I can‚Äôt win- BIG UPSET coming on Nov 3rd-",https://twitter.com/ElectQuinn/status/1317258446551601152
Thomas Kean Jr.,"10/08/2020, 15:57:27","Proud to join New Providence Councilwoman Nadine Geoffroy and Lisa McKnight going door to door over the weekend, it's always great to hear from folks in person! #NewProvidence #NJ07 #TeamKean https://t.co/fyM9tJOhD3",https://twitter.com/KeanForCongress/status/1314233454649913350
Josh Barnett,"10/09/2020, 16:59:18","Dems want to Stack the S.C., ban fracking, increase taxes, regulate everything, allow late term abortion/infanticide, single payer healthcare, free insurance for Illegals, open borders, sanctuary cities/states, deny Antifa exists...#VoteRed2020 @realDonaldTrump @DonaldJTrumpJr",https://twitter.com/BarnettforAZ/status/1314611406742810624
Josh Barnett,"10/23/2020, 15:46:14","@9thFloorAZ The use of hydroxychloroquine, zinc and azithromycin reduces hospitalization by 84%. Why is it not being widely used? @zev_dr @richardursomd @JamesTodaroMD",https://twitter.com/BarnettforAZ/status/1319666451502919680
Aja Smith,"11/01/2020, 01:41:55",@RealTalkKim Amen üôè üôè,https://twitter.com/AjaforCongress/status/1322715460593315841
Greg Musselwhite,"10/23/2020, 01:44:15","Several Patriots watching our President take Biden out to the woodshed...
Lots of watch parties going on tonight!
 My wife Debra with Antonio and Alex! 
#Trump2020 https://t.co/wvyd8xwHUg",https://twitter.com/GregMusselwhit3/status/1319454556120600576
Kathy Barnette,"10/13/2020, 15:13:30","How old is @charliekirk11? This young man just dropped wisdom that is beyond his age. Such clarity... He just shared wisdom I have yet to see MOST ""leaders"" in our community share. 

""There's a new ideology among us - the ideology of SAFETY-ISM!""
@DavidJHarrisJr  @RyanAFournier",https://twitter.com/Kathy4Truth/status/1316034334630072324
Josh Barnett,"10/22/2020, 16:00:14",@TheJusticeDept Now do Obamagate. Where‚Äôs Durham?,https://twitter.com/BarnettforAZ/status/1319307584747175937
Douglas Tuman,"10/20/2020, 15:27:59",God bless Luis Alvarez and all of the heroes that sacrificed their lives for others #NeverForget https://t.co/REjNqTiSd0,https://twitter.com/ElectTuman/status/1318574694698831872
Greg Musselwhite,"10/23/2020, 22:46:46","@RealJamesWoods Computers are only as accurate as the information used to program them... I have to assume they used flawed data for such an outcome.
However you are correct, take no chances... #VOTEREDTOSAVEAMERICA2020",https://twitter.com/GregMusselwhit3/status/1319772281833480194
David Young,"10/07/2020, 21:09:53","David never missed a vote when he served in Congress. Meanwhile, Cindy Axne has skipped votes and let East Coast Congressman Jamie Raskin vote in her place. #IA03Debate #IA03 https://t.co/OsQQJdGb90",https://twitter.com/YoungForIowa/status/1313949694716973056
Jeanne Ives,"10/10/2020, 01:30:33","That wraps up Debate #2! 
Sean Casten proved - once again - that when he can‚Äôt make an argument he quickly resorts to name-calling. While I demonstrated my command of public policy. #IL06",https://twitter.com/JeanneIves/status/1314740068502958081
Josh Barnett,"10/27/2020, 17:25:40",@icecube Release it for him,https://twitter.com/BarnettforAZ/status/1321141023188283392
Erin Cruz,"10/30/2020, 13:54:50","The open letter from Archbishop Carlo Maria Vigano to @potus 

https://t.co/zMqRxosOTZ https://t.co/tvqjdyLfg9",https://twitter.com/RealErinCruz/status/1322175130278113281
Mark Richardson,"10/24/2020, 02:01:01","@RepBeatty have you seen the latest polls 
 Rasmussen poll says 46% of black voters approve of President Trump https://t.co/dIdzluAk0i",https://twitter.com/RichardsonOH3/status/1319821166777896961
Ron Curtis,"10/09/2020, 05:54:50",@MDLBuilding @myhkm @gophawaii @Joe_Akana @realDonaldTrump Now to figure out how to get a bigger glimpse with the media in Hawaii.,https://twitter.com/rcurtis808/status/1314444187954102273
Errol Webber,"10/17/2020, 16:03:00",I have a feeling Hunter Biden won‚Äôt be running for public office anytime soon.,https://twitter.com/ErrolWebber/status/1317496342214737920
Casper Stockham,"11/01/2020, 02:40:42","We do that so we can be seen and heard over the noise, good and bad! Love you guys! https://t.co/vXFhxc6lis",https://twitter.com/Casper4Colorado/status/1322730252947345409
Nisha Sharma,"10/04/2020, 01:47:27","@SubhamK02760808 @JavaidAkbar3 There are more than 180 jihadists from Pakistan. 
https://t.co/JayBMjGJKF",https://twitter.com/UsaNisha/status/1312569993071071233
Josh Barnett,"10/09/2020, 17:19:24",@limbaugh I am listening and I am livid!,https://twitter.com/BarnettforAZ/status/1314616467216687104
George Santos,"10/27/2020, 19:48:24",@ReisenSette For term limits. I will only serve 3 terms if elected. And will fight to instate that as the norm.,https://twitter.com/Santos4Congress/status/1321176945929891842
Johnny Nalbandian,"11/01/2020, 04:48:58",@Chris1776Not @RepJudyChu https://t.co/ToS8yJS74Q,https://twitter.com/Johnny_Congress/status/1322762534433120256
Josh Barnett,"10/05/2020, 17:16:26",@dbongino @tjb719 They hate America.,https://twitter.com/BarnettforAZ/status/1313166168300023810
Charles Winn,"10/28/2020, 15:48:12",While in the military I saw how over-competitiveness can prevent the accomplishment on the mission. And I have seen how STRONG leadership can prevent this. As a member of Congress I will work with the institutions to develop a sense of common purpose.,https://twitter.com/DrCharlieWinn/status/1321478885800845312
Joe Collins,"10/17/2020, 00:50:24",It‚Äôs tomorrow btw!,https://twitter.com/joeecollins3/status/1317266680246984704
Elizabeth Joy,"10/29/2020, 19:50:03","Republicans, Conservatives, Independents &amp; Moderate Democrats are all voting for true American leadership and change. I‚Äôm an all American woman, that‚Äôs all for America! We the People will flip this seat in Congress on November 3rd! NY‚Äôs Capital Regionüôå #2020Election #NY20 https://t.co/N7VXue8Try",https://twitter.com/LizLemeryJoy/status/1321902133705363457
Chris Bish,"10/07/2020, 03:11:59","@RepAdamSchiff You are the problem, not Trump. https://t.co/FfpJPk7bep",https://twitter.com/BishForCongress/status/1313678429431029760
Greg Musselwhite,"10/22/2020, 15:49:19",@ccpetsitters11 @realDonaldTrump Not too early... get in some good points on other issues first.,https://twitter.com/GregMusselwhit3/status/1319304838384095233
Erin Cruz,"10/27/2020, 02:55:19","Thank you for your support and sharing your photo! 
#VeteransForCruz 
#VeteransForTrump
https://t.co/S08eWpYTZs https://t.co/qrl7fvUSYh",https://twitter.com/RealErinCruz/status/1320921993953202176
Leon Benjamin,"10/23/2020, 16:02:05","We love our volunteers! Text ‚Äúgrassroots‚Äù to 94253 and join today and enter to win a chance to meet Sidney Powell on October 27,¬†¬†2020! https://t.co/CDZ6ptR3jy",https://twitter.com/Leon4Congress/status/1319670438021267456
Rob Weber,"10/04/2020, 12:59:17","If Nancy Pelosi isn't worried about masking or COVID-19 testing on Capitol Hill, why should anybody else be? She's the right age to get it but seemingly has no fear of it. What does that tell us?",https://twitter.com/WestPointWeber/status/1312739067046563840
Rob Weber,"10/14/2020, 14:14:00","ACB is eating the Senate for breakfast, lunch and dinner.",https://twitter.com/WestPointWeber/status/1316381748981358593
John Cummings,"10/31/2020, 20:37:50",@AOC was on the cover of Vanity Fair this week and I was on the cover of my hometown paper @bronxtimes This is the city I love and have served for 30 years. We don‚Äôt need celebrities in Washington.. we need representatives that care about the working class. Vote Nov 3rd! https://t.co/SLUtAH9pKH,https://twitter.com/cummings2020/status/1322638938268299264
Vennia Francois,"10/20/2020, 18:05:03","""She stands in stark contrast to her opponent Val Demings, who sides with Pelosi Democrats &amp; the radical abortion lobby‚Ä¶Vennia is unafraid to speak out about the damage abortion inflicts on families and communities and won‚Äôt hesitate to stand up for Floridians‚Äô pro-life values.""",https://twitter.com/Vennia4Congress/status/1318614218820681728
Dasha Pruett,"10/30/2020, 19:30:19",Support Dasha Pruett for Congress.  https://t.co/90bhsndJ5h God. Family. Country. Jobs and Security.  #vote2020 #Dasha4Congress #walkaway #FlipTheHouse https://t.co/sDs0Rf2196,https://twitter.com/DashaPruett/status/1322259558987956224
Shane Bolling,"10/31/2020, 01:27:29",Worth listening...LOL https://t.co/MdkmvQTUBm,https://twitter.com/Shane4Co/status/1322349443006431233
Johsie Cruz,"10/31/2020, 13:08:57",.@realDonaldTrump @thenightwing01 Johsie Cruz real congresswoman üéº üé∂ üé∂ Jingle for GA4CD @RepHankJohnson and residents listen up. Platinum project will be implement by #JohsieCruz2020 prosperity opportunities and healing on their way! Vote #Trump2020 Vote #JohsieCruz üëá üëá üëá https://t.co/MvjgXHJ8rd,https://twitter.com/JohsieC/status/1322525971547885569
Johnny Nalbandian,"11/02/2020, 07:25:14","On November 3rd, we the people will decide whether we want LIBERTY or TYRANNY. 

We the people will decide whether we want AMERICAN GREATNESS or EVIL MARXISM.

You know my platform, now the power to send me to DC is in your hands. VOTE!

God bless the USA.
https://t.co/GcYKwSdyAM https://t.co/BxmpfYEDJN",https://twitter.com/Johnny_Congress/status/1323164249116471297
Douglas Tuman,"10/29/2020, 00:45:17","Thank you for working so hard to turn out the vote, Bob! üí™üèºüá∫üá∏ https://t.co/pfMAs8pcNh",https://twitter.com/ElectTuman/status/1321614047301804037
Douglas Tuman,"10/28/2020, 10:14:41","Good #wednesdaymorning!

It‚Äôs time to retire our no-show Representative @RepKathleenRice!

She doesn‚Äôt fight for #NY04.

I‚Äôm a fighter and I‚Äôll never give up on us: improve roads, affordable college, getting rid of the SALT cap, protect small business. #WednesdayWisdom https://t.co/Iv08aYHJZS",https://twitter.com/ElectTuman/status/1321394952161628160
Josh Barnett,"10/19/2020, 16:08:37","@RepRubenGallego Top campaigner for the guy who took money from China/Ukraine! The ""big guy"" wants a 10% cut.  Ruben is part of the swamp corruption and he openly supports it. A vote for me is a vote for someone that will fight to bust up the corruption! https://t.co/6Cfcu5js5Y",https://twitter.com/BarnettforAZ/status/1318222529232658434
Johnny Nalbandian,"10/03/2020, 03:33:54","@realDonaldTrump Wishing you a speedy recovery, sir!! Ignore the disgusting comments of the radical left‚Äîthey are HATEFUL, POISONOUS PEOPLE.",https://twitter.com/Johnny_Congress/status/1312234393864294400
Mark Richardson,"10/16/2020, 00:54:56",üò¢ TEAR JERKER: An announcer says  ‚Äúwe won‚Äôt be playing the National Anthem... https://t.co/sbN7cAVhwN via @YouTube,https://twitter.com/RichardsonOH3/status/1316905430426275840
Aja Smith,"11/02/2020, 18:52:10","Thank you so much my friend!!
#AjaforCongress 
https://t.co/6x4cH8J8W1 https://t.co/55bZHQjFJM",https://twitter.com/AjaforCongress/status/1323337119104864256
Charlotte Bergmann,"10/17/2020, 06:20:19",@SGermanaro @leach_deanna @RepCohen Yes he is. I‚Äôm running for his seat. Please back me and let‚Äôs get Cohen out,https://twitter.com/ElectBergmann/status/1317349704246714368
Scott Taylor,"10/12/2020, 17:38:29","Lying Elaine Luria has been absent, ineffective, and unaccountable for two years, which is why she is running the most negative campaign in #Virginia  
#WheresElaine ? https://t.co/ANBCxIwoKb",https://twitter.com/Scotttaylorva/status/1315708431626575872
Derrick Van Orden,"10/30/2020, 20:41:01","Building the bonds we need within our communities starts with being honest. @RepRonKind lied to the sheriffs in our district and that's why 13 of them, including lifelong Democrats, are supporting my campaign.
https://t.co/A92oH5nm8P",https://twitter.com/derrickvanorden/status/1322277348176207875
Douglas Tuman,"10/28/2020, 10:15:38",@DKCappuccino @RepKathleenRice Please provide evidence of me ever supporting conspiracies.,https://twitter.com/ElectTuman/status/1321395192222633984
Brian Maryott,"10/20/2020, 14:45:15",The cruelest thing you can do to an able body is give them just enough to survive.  ‚Å¶@MikeLevin‚Å© vowed support for it and its wrong. It‚Äôs fundamentally at odds with the economic principles of our nation. Please don‚Äôt sell these people short... #CA49 https://t.co/4hc0gWrEXz,https://twitter.com/brianlmaryott/status/1318563940503154691
Erin Cruz,"10/04/2020, 04:22:42",We had such a blast at our event! So many folks came out and enjoyed great entertainment while supporting our bid for Congress. Thank you to those who couldn‚Äôt make it but still supported our outreach! Go #TeamCruz https://t.co/S08eWpYTZs https://t.co/vk3K4O4E8A,https://twitter.com/RealErinCruz/status/1312609062131912704
Josh Barnett,"10/30/2020, 23:28:22",@Mike_Pence @realDonaldTrump Welcome! üá∫üá∏üá∫üá∏,https://twitter.com/BarnettforAZ/status/1322319463174209536
Aja Smith,"10/24/2020, 01:38:30","U.S. Navy T-6B aircraft crashes in Foley, Ala., killing at least 2 crew members on board

A U.S. Navy T-6B Texan II aircraft crashed in Foley, Alabama, the aircrew did not survive.

https://t.co/KAdBBC14sd",https://twitter.com/AjaforCongress/status/1319815498574385152
Kathy Barnette,"10/30/2020, 19:27:28","We've got a big CAR PARADE &amp; RALLY planned tomorrow.  Will I see you on the road with our crew?  Will you make it to our event in Pottstown or Huntingdon Valley?

Event details such as times and locations can all be found here: https://upload...
https://t.co/DOPryyo6fb",https://twitter.com/Kathy4Truth/status/1322258841355116544
Johsie Cruz,"10/31/2020, 07:53:36",".@RepAndyBiggsAZ Looking forward to serve the people of the 4th district of GA4CD and help Gwinnett 
Dekalb Rockdale Newton become great again. 
Help me defeat ultra liberal Trump hater, Hank Johnson the coup instigator.
#Vote
#ElectionDay
#Election2020 https://t.co/auPDS2jYN0",https://twitter.com/JohsieC/status/1322446611436441605
Chele Farley,"10/04/2020, 16:16:48",It was an honor to address the Orange County Federation of Sportsmen‚Äôs Clubs meeting at Black Rock Fish and Game Club outside Cornwall this week. I look forward to representing your principles in Congress. #2a #NY18 #Farley4NY https://t.co/kOhRvA3Xr8,https://twitter.com/CheleFarley/status/1312788772719857666
Dasha Pruett,"10/07/2020, 15:20:10","Endorsement Reminder:  Senator Doug Mastriano, PA State Senator, Endorses Dasha for Congress https://t.co/xVTOmTiNqY #vote2020 @SenMastriano #vote2020 https://t.co/yJ0DyHKbSE https://t.co/ZovXWfGl29",https://twitter.com/DashaPruett/status/1313861685237764096
Amy Ryan Courser,"10/04/2020, 00:01:06",Excellent news!  Thank you for leading and taking care of yourself. You must take the time to be healthy so we can regain the strongest economic comeback ever! #realDonaldTrump #oregongop https://t.co/Y0Hnc3nSdg,https://twitter.com/AmyforOregon/status/1312543227992367104
Mark Reed,"10/24/2020, 19:15:02",@BradSherman Other than dropping off masks BY TWO PRIVATE PARTIES on April 3rd to the nursing home which you had a relative placed - BS had no visible concern for the elderly in his district. PERIOD. https://t.co/KSC3leeDek,https://twitter.com/MarkReed1776/status/1320081384724033536
Erin Cruz,"10/23/2020, 06:35:17","@SaberX01 Yes. Absolutely embarrassing for our country, for GA, for the Democrats, for her parents. Sad. Honestly she‚Äôs hiring new staff to do ‚ÄòALL‚Äô social media so perhaps it‚Äôs not her tweeting? Hmmmmm",https://twitter.com/RealErinCruz/status/1319527797254017024
Kathy Barnette,"10/25/2020, 00:21:21","Visiting Meadowbrook and Jenkintown this evening.  Speaking to Independents, Democrats, and Republicans.
https://t.co/Ez2e8t8jEZ",https://twitter.com/Kathy4Truth/status/1320158472172863488
Agnes Gibboney,"10/03/2020, 00:28:58",@Acosta @realDonaldTrump has always given time &amp; treated reporters with dignity &amp; respect. Please give him space &amp; time to heal.,https://twitter.com/agnes_gibboney/status/1312187856694124544
Lisa Scheller,"10/27/2020, 00:20:12","Congratulations to the newest member of the United States Supreme Court, Amy Coney Barrett! https://t.co/eAacwSIfbF",https://twitter.com/SchellerforPA/status/1320882958656589825
Erin Cruz,"10/27/2020, 23:01:53","Help unseat @SpeakerPelosi puppet, Radical Ruiz ... 
We all stand together...we are unstoppable!
üí• $1
üí• $3
üí• $5 
Or more to help us unseat this man who has lauded cop killers 
üëáüëá
GIVE NOW &amp; RT..  #cruzforcongress

https://t.co/zdBLD3fjwt",https://twitter.com/RealErinCruz/status/1321225636216623104
Jesse Jensen,"10/03/2020, 14:54:51",Not every day you get to go doorbelling with a former #DNI! Thank you @RichardGrenell for helping us retake the #WA08! https://t.co/oKDpOeDOHW,https://twitter.com/JesseJensenWA/status/1312405759691423751
Greg Musselwhite,"10/28/2020, 14:57:29","@CanadaGhostof @FloridaDude297 Also, access and interaction with constituents is a primary responsibility for a representative, my phone number is published on our website and I speak to people on a regular basis about their issues. 
No one can find Alcee Hastings... I am available ...",https://twitter.com/GregMusselwhit3/status/1321466119975325702
Mark Richardson,"10/17/2020, 16:16:23",@RepBeatty has continued to mislead OH03 constituents even CNN agrees https://t.co/l6GvwaPPMA,https://twitter.com/RichardsonOH3/status/1317499708248555520
Tre Pennie,"10/03/2020, 04:03:55","If you are serious about change, let‚Äôs work together to do! #pennieforcongressüá∫üá∏üá∫üá∏ @ Dallas, Texas https://t.co/Ern96LAuMQ",https://twitter.com/sgt_pennie/status/1312241950154686464
Kathy Barnette,"10/25/2020, 18:41:34","Nine days until the election.  My team and I are putting in 18 hour days.

I need you to get involved.  Do you have a yard sign in your yard?  Have you talked to your neighbors about me yet?  Now's the time!
https://t.co/nhOeYDyMCI",https://twitter.com/Kathy4Truth/status/1320435350448283648
Joanna Harbour,"10/16/2020, 18:15:20",My signs are going up in the district.  We still have more.  If you want a sign let us know.  We will be out this afternoon putting up more. https://t.co/9xDdWBYFqT,https://twitter.com/joanna4oregon/status/1317167258464997376
Aliscia Andrews,"10/15/2020, 16:01:41",#VA10 is home to countless service members and government employees. Lacking an understanding of how security clearances work shows just how much @JenniferWexton really cares about the people of our district! #Wexit https://t.co/9kXa4BucqW,https://twitter.com/alisciaandrews/status/1316771233178976257
Manga Anantatmula,"11/02/2020, 18:11:04",Is bunker Biden really in Cleveland or he is faking from his bunker basementü§î. I don‚Äôt hear a peep see a body. Democrat politicians are pathetic liars.,https://twitter.com/Manga4Congress/status/1323326776819490821
Josh Barnett,"10/17/2020, 23:01:30",@nicolepasteur @RecorderFontes Such excitement.,https://twitter.com/BarnettforAZ/status/1317601659350962176
Luke Negron,"10/17/2020, 02:05:29",@DanScavino Looks like freedom!,https://twitter.com/LukeEdison20/status/1317285575460818944
Josh Barnett,"10/20/2020, 16:28:13",@HillaryClinton Lol you said the same about yourself 4 years ago. Didn‚Äôt work out so well for you üòâ,https://twitter.com/BarnettforAZ/status/1318589852804284416
Josh Barnett,"10/14/2020, 18:00:32",@kyrstensinema Trump has said this a million times,https://twitter.com/BarnettforAZ/status/1316438755461402625
Kathy Barnette,"11/01/2020, 13:56:45","We are two days away from the election... Do you have a plan to vote?  How about a plan to talk to your neighbors or work the polls?

Talk to your friends: https://t.co/yLnStb4M68
Work the Polls: https://kathybarnettefo...
https://t.co/gS3IYboW2n https://t.co/GYv0D6UBau",https://twitter.com/Kathy4Truth/status/1322900387481952256
Tamika Hamilton,"10/14/2020, 14:12:48",@trabreee Sometimes you just have to make your own way.,https://twitter.com/TamikaGHamilton/status/1316381447104602112
Casper Stockham,"10/12/2020, 04:17:24",FYI Republican Party. If you help us win you will help save our country! It's a New Day in CD7! Donate NOW for our freedom! https://t.co/mjf79BQEQh,https://twitter.com/Casper4Colorado/status/1315506832308396034
Josh Barnett,"10/27/2020, 16:37:56",@TeamTrump üòÇüòÇüòÇüòÇ,https://twitter.com/BarnettforAZ/status/1321129011632762880
Lavern Spicer,"10/23/2020, 01:53:31",You heard POTUS. We are winning back the House! #Debates2020,https://twitter.com/lavern_spicer/status/1319456889680396288
Kathy Barnette,"10/19/2020, 00:49:28","Brazen and in YOUR face disrespectful. It's time to reconsider Big Tech 230.

Ukrainian corruption and President Trump's conversation about this corruption was the center piece of President Trump's impeachment. 

Shouldn't my opponent, who im...
https://t.co/juqsj84iVe",https://twitter.com/Kathy4Truth/status/1317991220459806727
