Aja Smith,"10/03/2020, 15:27:33",@RossSchumann @TwitterSupport Ignorant! Jared was instrumental with the Abraham Accords.,https://twitter.com/AjaforCongress/status/1312413990148960256
"Steel, Michelle","10/30/2020, 19:54:07",Seen this disclaimer on ads lying about my record? It means it was paid for by the $7.4 million Nancy Pelosi's Super PAC is using to get Harley Rouda elected. She's all in for her lackey @HarleyRouda who has voted with her 100% of the time. https://t.co/EDCUUrT090,https://twitter.com/MichelleSteelCA/status/1322265547472470017
Josh Barnett,"11/02/2020, 13:19:26",@AlexBerenson These polls are off by a ton,https://twitter.com/BarnettforAZ/status/1323253386800635904
Rob Weber,"10/22/2020, 19:47:01",Can anyone explain to me how climate change scientists will make THE EARTH comply with their demands?,https://twitter.com/WestPointWeber/status/1319364655991709697
Errol Webber,"10/14/2020, 21:13:01","Hunter Biden hasn‚Äôt really been out on the campaign trail with his dad. Perhaps if Joe would get a stripper pole installed in the private jet he‚Äôs using he could convince Ole Hunter to join the trail.

In contrast, POTUS‚Äôs kids have worked tirelessly for their Dad‚Äôs re-election.",https://twitter.com/ErrolWebber/status/1316487195197349896
Miriam Berry,"10/27/2020, 08:38:38","@GOP @realDonaldTrump It will hurt Vermont. I have coworkers who have to drive 40 minutes to get to work. They are nurses and nursing assistants. ""Green"" deals will hurt them. We have too few caregivers as it is!
#voteMiriamBerry",https://twitter.com/MiriamBerry3/status/1321008390487842816
Greg Musselwhite,"10/22/2020, 11:45:00",@UsaDevildog @ShutterHoff That must have been a big blow to his ego... lol,https://twitter.com/GregMusselwhit3/status/1319243351535849474
Rob Weber,"10/17/2020, 13:10:14",Hard to believe Joe Biden was ever the fastest sperm.,https://twitter.com/WestPointWeber/status/1317452864986484738
Christine Quinn,"10/30/2020, 14:18:06","TEAM QUINN knocking on doors today! There‚Äôs no turning back- firmly moving forward in God‚Äôs grace, mercy and favor! #votequinn #winquinn2020 @RealOmarNavarro @JoeGruters @GovRonDeSantis https://t.co/5xgz2HOs9I",https://twitter.com/ElectQuinn/status/1322180985337847809
Mark Richardson,"10/21/2020, 10:02:30","@tedcruz Nailed it, sir. Great post, Shirley üòÇ",https://twitter.com/RichardsonOH3/status/1318855172433547265
Robert Lancia,"10/03/2020, 18:03:34","A couple of group photos with today‚Äôs participants in our second of four, ‚ÄúBallin‚Äô with Bob‚Äù basketball clinics, hosted by my dear friend Lamonte Thomas at Neutaconkanut Park in Providence! https://t.co/37t54JvcdX",https://twitter.com/BobLancia/status/1312453254735777792
Aja Smith,"10/31/2020, 15:09:54",@wlctv_ca Thank you so much!,https://twitter.com/AjaforCongress/status/1322556407250513927
Jeanne Ives,"10/03/2020, 18:44:13","Thanks, @DanCrenshawTX ! https://t.co/qCTHhCx835",https://twitter.com/JeanneIves/status/1312463482202152960
Thomas Kean Jr.,"10/05/2020, 12:50:01","Watch today's Gateway Regional Chamber of Commerce Debate at 10AM here: https://t.co/4E71RxkWzR

Support Tom on twitter using the hashtags #TeamKean &amp; #NJ07 - Thank you! 

If you'd like to help our campaign compete financially, please donate here: https://t.co/4ion2r8ODc",https://twitter.com/KeanForCongress/status/1313099121205616643
"Steel, Michelle","10/07/2020, 01:00:00","Con-artist Congressman Harley Rouda failed to pay $222,306 in taxes but that didn‚Äôt stop him from supporting tax hikes on income taxes, property taxes, gas taxes, and 401k taxes. Harley Rouda = Higher Taxes. #CA48 https://t.co/XLLHdEfJ6g",https://twitter.com/MichelleSteelCA/status/1313645217736581120
Mark Reed,"10/10/2020, 02:23:12",https://t.co/KNNRq62r5q,https://twitter.com/MarkReed1776/status/1314753316820152321
Jeanne Ives,"10/24/2020, 01:18:32",One of the coolest things about this race has been earning the support of a patriot like @DanCrenshawTX #IL06 https://t.co/kp9B8Skv26,https://twitter.com/JeanneIves/status/1319810474112962560
Josh Barnett,"10/23/2020, 23:53:16",üá∫üá∏üá∫üá∏üá∫üá∏ https://t.co/gD6EtJlije,https://twitter.com/BarnettforAZ/status/1319789014501650432
Amy Ryan Courser,"10/12/2020, 05:19:09","I am disgusted, angry and ready to fight for our state. Time to prosecute criminals to the fullest extent of the law. I am YOUR law &amp; order candidate. My opponent will not stand up for what‚Äôs right. He is complacent and hiding. Fire him  and help me take back our state! #voteAmy https://t.co/CoQei4BkKP",https://twitter.com/AmyforOregon/status/1315522373915799553
Kimberly Klacik,"10/27/2020, 22:38:51","Since @Mfume4Congress peeps have been pulling our yard signs out &amp; tossing them, we are now installing bigger signs you can‚Äôt pull.

Terrible idea. We raised $7.3M bruh. Don‚Äôt mess with me üò° https://t.co/98KVfwKVK5",https://twitter.com/kimKBaltimore/status/1321219838744940546
Dave Giles,"10/08/2020, 20:31:37",@JudicialWatch @realDonaldTrump @TomFitton Vote now,https://twitter.com/VoteGiles/status/1314302452003348480
Chele Farley,"10/27/2020, 11:59:27","This election, bail reform is on the ticket. Democrats, like my opponent Sean Maloney, want to keep releasing dangerous criminals back onto our streets. Vote Republican down the line to keep our communities safe. #BringBackBail #NY18 #Farley4NY https://t.co/BUKSsO3JOs",https://twitter.com/CheleFarley/status/1321058927895871488
Tamika Hamilton,"10/23/2020, 02:27:37",AOC + 3...I‚Äôm dead.,https://twitter.com/TamikaGHamilton/status/1319465472539066368
Errol Webber,"10/23/2020, 07:06:38",Americans are starting to social distance from @TheDemocrats.,https://twitter.com/ErrolWebber/status/1319535687926870016
Kimberly Klacik,"10/08/2020, 01:56:51","‚ÄúI love talking to Joe!‚Äù

üòÇüò≠

How many months ago was he a racist loving segregation? This is hilarious.

#VPDebate",https://twitter.com/kimKBaltimore/status/1314021912427851776
Errol Webber,"10/12/2020, 12:01:32","Today is October 12, 2020. 

There are 22 days until President Trump is re-elected.

Liberals, what are you offended by today?",https://twitter.com/ErrolWebber/status/1315623636821254144
Chris Bish,"10/09/2020, 23:42:50",https://t.co/HVKyXcfXfL I  would vote for this Judge. It is time to take our lives back,https://twitter.com/BishForCongress/status/1314712959935893506
Mary Fay,"10/28/2020, 15:38:45","Agree 100%. Plus unsustainable state salaries, pension, and benefits, creating unfounded liabilities. Would you start a business in this high tax state?  Not related to Covid at all. Been a laggard for decades. https://t.co/8a8S98NZBv",https://twitter.com/Fay4Congress/status/1321476506070224899
Mark Reed,"10/31/2020, 15:11:29",@realDonaldTrump @CliffBentz These are all great recommendations however how about CALIFORNIA Mark Reed for Congress 30th District running against Sherman who was the first to try and impeach you sir?,https://twitter.com/MarkReed1776/status/1322556807802281984
"Fischbach, Michelle","10/27/2020, 00:03:40","Just over a week until the election, and we need your help to get across the finish line and retire @collinpeterson once and for all. Donate here today: https://t.co/Z7CXOVFry5  #mn07",https://twitter.com/FischbachMN7/status/1320878796959059968
Scott Taylor,"10/09/2020, 12:27:23","Do you support packing the U.S. Supreme Court, @ElaineLuriaVA ?",https://twitter.com/Scotttaylorva/status/1314542977331724288
Josh Barnett,"10/30/2020, 21:37:35",Fantastic news https://t.co/TBB9Tn6ASm,https://twitter.com/BarnettforAZ/status/1322291583945830400
Leon Benjamin,"10/13/2020, 23:42:54","We need to bridge the divide between our communities and our police. That is the most important step we can take, a united community is a safe community.",https://twitter.com/Leon4Congress/status/1316162529484304385
Vennia Francois,"11/02/2020, 18:02:15","We left Romania the happiest family on Earth with $100 &amp; two suitcases among the 3 of us. My dad now holds 8 US patents  &amp; both my parents are small business owners. I am a single mother of four beautiful children, hold a degree in chemistry, wrote a novel &amp; own a small business.",https://twitter.com/Vennia4Congress/status/1323324556233347073
Douglas Tuman,"10/28/2020, 18:37:55",Jack Dorsey is a partisan hypocrite and his latest blackout of the Hunter Biden story is another example of his long history of censorship and suppression.,https://twitter.com/ElectTuman/status/1321521595463159811
Josh Barnett,"10/11/2020, 21:58:48",@RepRubenGallego @AliciaMenendez @AliciaOnMSNBC The same guy who threatens to shut down businesses and fine them if they don‚Äôt listen to him now acts like he‚Äôs fighting for the People. What a joke! @DavidJoseCares,https://twitter.com/BarnettforAZ/status/1315411553038921728
Mark Reed,"10/11/2020, 08:05:01","#BreakTheBradHabit  #FliptheHouse 
https://t.co/f1OH55zVCV https://t.co/Pbu8zCO0e1",https://twitter.com/MarkReed1776/status/1315201727587467264
Gregory Coll,"10/23/2020, 21:29:10",NASA‚Äôs OSIRIS-REx Spacecraft Collects Significant Amount of Asteroid via NASA https://t.co/xatFsskDmr,https://twitter.com/CollforCongress/status/1319752753296584707
Tyler Kistner,"10/16/2020, 15:53:12",Thank you @AngieCraigMN! https://t.co/cpOp1XOJy2,https://twitter.com/KistnerCongress/status/1317131486768803842
Dasha Pruett,"11/02/2020, 16:15:15","Steamfitters' Local 420 Endorse Dasha for Congress over incumbent Mary Gay Scanlon.  https://t.co/l3IaEjQgKf @420Steamfitters
#vote2020 #votefordasha #delco #pa5 https://t.co/evFBF7A3VM",https://twitter.com/DashaPruett/status/1323297631389569025
Errol Webber,"10/27/2020, 22:29:20",Is Joe Biden going to claim it‚Äôs not Hunter‚Äôs voice on the tape?,https://twitter.com/ErrolWebber/status/1321217444082524160
Johsie Cruz,"10/20/2020, 09:57:45",.@DarinBMiller @_WilliamsonBen @w_terrence @Alyssafarah @SebGorka @NicoleFrazier45 @JuddPDeere45 @JHorstman45 @AshleyBell45 @ScottTurner45 @JaRonSmith45 @RussVought45 @fletcher_torres @kenmcclenton @EquipoTrump @OANN @SarahHuckabee @FrancisBrennan @thehannahjane @Cernovich üëáüëáüëá https://t.co/mvhtFSVFDU,https://twitter.com/JohsieC/status/1318491585890406401
Lavern Spicer,"10/19/2020, 15:13:01","30,000 Cubans, Venezuelans, and others just last weekend here in Florida threw a TRUMP boat parade and the excitement was off the scale!

There is NO WAY Trump loses in an honest election. Get out and vote, it's the cheat by mail we MUST beat.",https://twitter.com/lavern_spicer/status/1318208538817212417
Aja Smith,"10/07/2020, 07:07:48",Is .@AOC making the drinks? https://t.co/4Rvlx4tbRI,https://twitter.com/AjaforCongress/status/1313737773895970816
Casper Stockham,"10/12/2020, 16:30:00",@imatrumpster1,https://twitter.com/Casper4Colorado/status/1315691198443655170
Aja Smith,"10/16/2020, 02:29:21","@WTP2020Freedom Thank you!
https://t.co/6x4cH8ry4t",https://twitter.com/AjaforCongress/status/1316929193633026050
Tyler Kistner,"10/24/2020, 00:44:36",".@AngieCraigMN, why are the major police organizations in MN supporting me instead of you? 

Both the MPPOA and the MNPLS Union have endorsed me. Law enforcement knows who they can trust, and it's not Angie Craig. #MN02 #SendInTheMarine",https://twitter.com/KistnerCongress/status/1319801935587926017
Miriam Berry,"10/03/2020, 15:28:33","Hi friends, when you see my short spot on PBS next week, there's a story behind it. I wrote the song as an encouragement. Please receive it as a gift from me. Whatever the election results, there is still goodness in the world. 
https://t.co/0fOC1OAZvF
#miriamberry",https://twitter.com/MiriamBerry3/status/1312414242361028609
Josh Barnett,"10/22/2020, 17:34:49",Where‚Äôs Durham?,https://twitter.com/BarnettforAZ/status/1319331386315083778
Kathy Barnette,"10/05/2020, 00:45:50","@ScottPresler @beckmatt714 Can we convince you to come down here, Scott, at another time?",https://twitter.com/Kathy4Truth/status/1312916873030311942
Greg Musselwhite,"10/13/2020, 23:16:09",@MMZen11 After hearing one representative claim Guam could sink (Johnson D-GA) I would have to agree with testing prior to election...,https://twitter.com/GregMusselwhit3/status/1316155794493145088
Scott Taylor,"10/27/2020, 01:29:10","Should be hearing a lot about female empowerment in this country.  Indeed, a brilliant working mother has just ascended to the highest court of the land. üá∫üá∏",https://twitter.com/Scotttaylorva/status/1320900311662370816
Steve Negron,"10/13/2020, 13:45:23",Good to know that @AnnMcLaneKuster supports her own legislation that has never made it to the House floor. I wonder why it never made it ü§î #NHPolitics #NH02,https://twitter.com/SteveNegronNH/status/1316012158170275844
Jim DeBello,"11/02/2020, 15:22:49","Voted yesterday! If you haven‚Äôt done it yet, make sure you do! Use https://t.co/mQ61buXnYV if you need to know where to go. Vote DeBello! https://t.co/Q4ya7YUYDf",https://twitter.com/DeBelloCongress/status/1323284436507455490
Douglas Tuman,"10/16/2020, 14:45:33",TikTok? That‚Äôs the app that Communist China uses to spy on Americans. Not surprising they would want their errand boy Biden to win the election. #BidenCrimeFamily #CrookedJoeBiden https://t.co/zmW0Sa9nKw,https://twitter.com/ElectTuman/status/1317114465301782537
Erin Cruz,"10/24/2020, 16:38:44",#VoteYourValues,https://twitter.com/RealErinCruz/status/1320042049874227200
Scott Taylor,"10/15/2020, 20:57:03","Congress has worked less than 25-30 in person days in 6 months. I was way busier when in, on the Appropriations comm and I would have scheduled a sit down, just like I did for the ‚Äúresistance‚Äù, Mom‚Äôs demand action, etc.  because, that is what representatives do. #WheresElaine? https://t.co/kYYAnXB1kC",https://twitter.com/Scotttaylorva/status/1316845568027693060
Ronda Kennedy,"10/15/2020, 01:10:28",@icecube #Cube Thank God you are in this now! Black America has been putting all our eggs in one basket for decades! @realDonaldTrump has given us a seat at the table I‚Äôm so glad you acted on it. I was at @BlackVoices4DJT‚Äôs reveal of the #CWBA we need generational wealth! #CA26 yeah yeah,https://twitter.com/Ronda4Congress/status/1316546951614087168
Luke Negron,"10/20/2020, 18:30:04","@DKaplanWTAE @AntiSensor2nd Fair enough, David. It just seemed  like a one-dimensional correction to comment with. 

After mistakingly sending tens of thousands of ballots in one county, there are real questions to be raised about election integrity state and nation wide. To ignore this seems odd.",https://twitter.com/LukeEdison20/status/1318620516463292417
Christine Quinn,"10/04/2020, 23:02:28","Just posted a video @ Hillsborough County, Florida https://t.co/Vc05gp8XiD",https://twitter.com/ElectQuinn/status/1312890863023001600
Daniel Wood,"10/20/2020, 17:08:16",@VoteRed53 Nice!,https://twitter.com/DWood4Congress/status/1318599929145667584
Johsie Cruz,"10/08/2020, 14:18:02",@MikhaelVE @caferotjes @enadepacheco Es y era una copia de la constituci√≥n de EEUU y √©sta es la que ha hecho grande a los Estados Unidos de norte America! Aqu√≠ el que no la a le√≠do eres t√∫! L√©ela y deja de pasar pena! Back to you!!! üòÇ üòÇ üòÇ,https://twitter.com/JohsieC/status/1314208434162593795
Josh Barnett,"10/29/2020, 14:53:51",@JoeBiden telling people to vote on character is laughable. He‚Äôs the most corrupt politician we have had that sold out our country for personal/family gain! Wake up America! He‚Äôs not only corrupt but cognitively challenged. Let‚Äôs be honest,https://twitter.com/BarnettforAZ/status/1321827594342338561
Johnny Nalbandian,"10/30/2020, 18:44:11","As your party nominee often says, COME ON, MAN! You plan to raise taxes on the middle class the first chance you get. 

The only thing we should be demanding is LOWER TAXES...PERIOD.  If you cannot deliver, I WILL! https://t.co/NXZ9G1pAgJ https://t.co/pjz5HWmErp",https://twitter.com/Johnny_Congress/status/1322247946990047233
Greg Musselwhite,"11/01/2020, 19:54:34",I see Hastings didn't show for the event... Has anyone seen him lately? https://t.co/zDBPdfnlVE,https://twitter.com/GregMusselwhit3/status/1322990434168262657
Douglas Tuman,"10/28/2020, 10:14:41","Good #wednesdaymorning!

It‚Äôs time to retire our no-show Representative @RepKathleenRice!

She doesn‚Äôt fight for #NY04.

I‚Äôm a fighter and I‚Äôll never give up on us: improve roads, affordable college, getting rid of the SALT cap, protect small business. #WednesdayWisdom https://t.co/Iv08aYHJZS",https://twitter.com/ElectTuman/status/1321394952161628160
Dasha Pruett,"11/01/2020, 18:25:03","Gun Owners of America give Dasha Pruett an A on 2nd Amendment:  https://t.co/FDc0NObpWe @GunOwners  @DrFinnell
 #gunvote #2A #delco #vote2020
 #flipthehouse #vote2020 https://t.co/06RgrUSRwK",https://twitter.com/DashaPruett/status/1322967907014479883
Wendell Champion,"10/17/2020, 00:18:30","Volunteers Adrienne and Joshua Wright were at the West Gray polling site today. Thank you for standing strong for Team Champion!! #togetherwewin! 

Sign-up for a 2-hour shift here: https://t.co/fPX4CJfpJW https://t.co/IbSUxfGTEZ",https://twitter.com/ChampionTx2020/status/1317258650453528578
Errol Webber,"10/13/2020, 21:21:37",Looks like we have a superspreader! https://t.co/FTUhUR0giH,https://twitter.com/ErrolWebber/status/1316126973081640961
Chris Bish,"10/07/2020, 03:26:55",@freethinkposse @MontgomerRose https://t.co/SQh0vZqu2E,https://twitter.com/BishForCongress/status/1313682187024125954
George Santos,"10/05/2020, 03:41:17",Great evening with @GOPLeader in support of @GarbarinoforNY this evening! #TakeBackTheHouse #USA üá∫üá∏üá∫üá∏üá∫üá∏üá∫üá∏üá∫üá∏ https://t.co/DeFbijYES9,https://twitter.com/Santos4Congress/status/1312961030113370112
Miriam Berry,"11/02/2020, 21:01:33","@woman3290 @shellynoname https://t.co/KFML3zVcDk #voteMiriamBerry
Count me in!",https://twitter.com/MiriamBerry3/status/1323369681718312960
Aliscia Andrews,"10/15/2020, 12:50:25",The Chamber and I support the rule of law. The Democrats do not. Democrats will destroy the constitutional system of checks and balances by packing the Supreme Court through the Senate and eliminating the Electoral College. #VA10Debate #Wexit #LCCCPolicy,https://twitter.com/alisciaandrews/status/1316723102047522818
Kathy Barnette,"10/07/2020, 14:18:15","I am BLESSED to have received an endorsement from Americans4Hindus, a group whose beliefs strongly overlap with my own.

Thank you!!
https://t.co/4OxUimd4Sa https://t.co/2iS0Q0EgL9",https://twitter.com/Kathy4Truth/status/1313846103104778241
Jeanne Ives,"10/23/2020, 13:54:31",Reveille is a wake up call. What is my first priority as a Congresswoman? Watch to find out! #IL06 #twill https://t.co/G9ZcXoEOHx,https://twitter.com/JeanneIves/status/1319638333262303235
Kimberly Klacik,"11/01/2020, 15:47:19","Even in terrible weather, we remain focused. Mind over matter. 

Vote Kim Klacik üó≥
https://t.co/sDJbWLtWbr üá∫üá∏ https://t.co/qAIVcaNhSq",https://twitter.com/kimKBaltimore/status/1322928211563565056
Joe Collins,"10/04/2020, 17:41:56",Yes ma'am! We have some at our office. https://t.co/i5GoH8aTIJ,https://twitter.com/joeecollins3/status/1312810195261636608
Kathy Barnette,"10/25/2020, 17:05:09","Join Kathy Barnette and other speakers in Flourtown!
https://t.co/9fyjtUiA0z",https://twitter.com/Kathy4Truth/status/1320411086340980739
Tyler Kistner,"10/23/2020, 23:36:28","Tonight I‚Äôll be showing the contrast between @AngieCraigMN and myself.

I stand for country over party, while Angie always puts the party bosses over the people of #MN02.

Tune in @tptAlmanac at 7! #SendInTheMarine https://t.co/FXQb7m9P4C",https://twitter.com/KistnerCongress/status/1319784786941124610
Errol Webber,"11/02/2020, 18:11:30",@realDonaldTrump He‚Äôs a pathetic laughing stock in general.,https://twitter.com/ErrolWebber/status/1323326886785724425
Aja Smith,"10/23/2020, 04:05:31",@EinsSueAnn Is Abraham Lincoln the leader? He was racist to,https://twitter.com/AjaforCongress/status/1319490107867447297
Josh Barnett,"10/30/2020, 16:29:18",@Will_P0wr @JohnJHarwood They should not of changed the rule to a simple majority,https://twitter.com/BarnettforAZ/status/1322214004723347456
George Santos,"10/08/2020, 12:28:23","@NYCMayor is targeting Jewish areas of #NYC and calling them #COVID19 hot spots. The amount of #antisemetic actions taken is abhorrent! 

@NYGovCuomo Fire Big bird now!",https://twitter.com/Santos4Congress/status/1314180840436490240
Douglas Tuman,"10/03/2020, 20:57:56",The media need a hard-reset in this country.,https://twitter.com/ElectTuman/status/1312497132432048128
Andy Caldwell,"10/05/2020, 23:22:58",https://t.co/NpHAmXB1x5,https://twitter.com/Caldwell_CA24/status/1313258408997351426
Erin Cruz,"10/07/2020, 21:11:23","More closures, just as communities are opening. Never forget that politicians like Ruiz pushed and continue to push for high regulations or fines and closures for already struggling businesses!

A Vote Cruz is a vote for liberty and pursuit of happiness

https://t.co/NdfsnHeNG4 https://t.co/8RgUxfuDEd",https://twitter.com/RealErinCruz/status/1313950070702698496
Elizabeth Joy,"10/05/2020, 18:53:38","...Says the man that clapped, cheered and lit up a NY building in lights when he signed the Legislation killing viable babies up to the time of delivery; and also the man that forced Covid-19 elderly into nursing homes. None of them are alive to be angry... https://t.co/0LeSpKUkJw",https://twitter.com/LizLemeryJoy/status/1313190627220258829
Josh Barnett,"10/06/2020, 23:24:47",Where‚Äôs Hillary‚Äôs emails?,https://twitter.com/BarnettforAZ/status/1313621254532812800
Ron Curtis,"11/01/2020, 21:24:13",@IsraelR68177630 Mahalo!!!üëçü§ô,https://twitter.com/rcurtis808/status/1323012996847685632
Chris Bish,"10/20/2020, 23:29:56","@SarcasticDave74 it is a lot of work and time. Be sure you are up to the fight, jump in with both feet and hang on.",https://twitter.com/BishForCongress/status/1318695980946972672
Jeanne Ives,"10/10/2020, 00:26:30","You heard it. @RepCasten: ""We have to get to a Universal Healthcare."" @WGNNews #IL06",https://twitter.com/JeanneIves/status/1314723948047761409
Agnes Gibboney,"11/02/2020, 18:13:08",@CHIZMAGA https://t.co/E9LvybQ2Gr,https://twitter.com/agnes_gibboney/status/1323327296388751360
Scott Taylor,"10/05/2020, 23:25:19",This is also the difference between @ElaineLuriaVA and myself. #vote https://t.co/erFNxEAXNC,https://twitter.com/Scotttaylorva/status/1313259001648427008
Josh Barnett,"10/28/2020, 20:12:48",@TomiLahren EVERYTHING!,https://twitter.com/BarnettforAZ/status/1321545472784302081
George Santos,"10/25/2020, 02:04:35",@MambaOut Thank you! üá∫üá∏üí™üèªüíô,https://twitter.com/Santos4Congress/status/1320184450056130561
Scott Taylor,"10/25/2020, 23:15:52","There will be a strong, highly credentialed, and brilliant woman as our next Supreme Court Justice. 
#FillTheSeat https://t.co/heZcIB8XQz",https://twitter.com/Scotttaylorva/status/1320504379804450837
Errol Webber,"10/24/2020, 17:33:01","Newsom closed Hollywood. 

Newsom closed Theatres. 

Newsom closed Disneyland. 

All these out-of-work entertainers shilling for Biden might want to think about their futures because DEMOCRATS are the reason they're out of work in the first place.",https://twitter.com/ErrolWebber/status/1320055708998684673
Rob Weber,"10/31/2020, 14:14:01",Where does Joe Biden get off using Covid to scare us into voting for him? What kind of guy would be so low?,https://twitter.com/WestPointWeber/status/1322542345695494145
Rob Weber,"10/06/2020, 15:00:47","Chris Cuomo and the rest of leftist MSM need to be made to understand that ADULT AMERICANS have the right to assume their own risk when it comes to Covid, and no one more so than the President of the United States!",https://twitter.com/WestPointWeber/status/1313494418213793793
Luke Negron,"10/04/2020, 20:12:48","@Synchronsa @AutistLvsMatter Seems to play a role. As the hours and intensity of sunlight dwindle with the onset of winter, consumption of vitamin D rich foods/supplementation should be encouraged.",https://twitter.com/LukeEdison20/status/1312848163716452354
Joanna Harbour,"10/21/2020, 19:12:10",https://t.co/WGymiNH2DX,https://twitter.com/joanna4oregon/status/1318993500008972288
Errol Webber,"10/09/2020, 10:11:16",@DeAnna4Congress Democrats.,https://twitter.com/ErrolWebber/status/1314508720571781122
Philanise White,"11/02/2020, 00:27:08",#TeamPhilanise had a GREAT time at the South Side @realDonaldTrump Rally co-sponsored by @Devio @18thWardGOP It's time for a #NewChoiceBetterWay for #IL01 #KAG #PhilaniseForCongress2020 Let's WIN on November 3rd! https://t.co/PvD4Sb8Ref,https://twitter.com/Philaniseforco1/status/1323059030059868161
Josh Barnett,"10/30/2020, 17:19:19",@icecube Utilizing the opportunity zones with the private sector is a good way to approach it,https://twitter.com/BarnettforAZ/status/1322226590936297472
Derrick Van Orden,"10/22/2020, 23:29:03",Got to join the Women for @realDonaldTrump rally in Platteville this afternoon. Momentum is high for Republicans in Wisconsin! https://t.co/3kTRxoLPge,https://twitter.com/derrickvanorden/status/1319420532035670018
Josh Barnett,"10/22/2020, 00:26:13",@annvandersteel this is what I get lol,https://twitter.com/BarnettforAZ/status/1319072531450482689
"Kim, Young","10/12/2020, 21:00:00","Through this time of uncertainty, many families are experiencing food insecurity and struggling to put food on the table. Call 211 or text 898-211 for support in #OC.

https://t.co/ZyoneCK7n1",https://twitter.com/YoungKimCA/status/1315759146503860224
Aja Smith,"10/23/2020, 15:52:29",https://t.co/CQdfCj7GSz,https://twitter.com/AjaforCongress/status/1319668021443506176
Steve Negron,"10/14/2020, 14:49:00","Reason #19 why NH cannot vote for @AnnMcLaneKuster:
#nh02 #nhpolitics #vote #negron4congress https://t.co/YJsdzEnXkn",https://twitter.com/SteveNegronNH/status/1316390555723522048
Dasha Pruett,"10/06/2020, 21:24:44","@AsonofLiberty3 @HeloProcurement Thank you, it was a lot fun. Great conversation. Don is so easy to talk to.",https://twitter.com/DashaPruett/status/1313591041950461953
Luke Negron,"10/29/2020, 03:17:42","Gov. Wolf &amp; his friends acted unconstitutionally, closed businesses, &amp; hurt families for what they call ""political theater""

Wearing masks is an act to them. They say this quote is out of context but never offer the correct ""context"". Judge for yourself. 
https://t.co/9InEIetEHa",https://twitter.com/LukeEdison20/status/1321652404006408198
Josh Barnett,"10/10/2020, 01:49:05","Hey @DavidJoseCares 
What‚Äôs this mean? üòâ another big win for a PMA. The people are taking back control from tyrannical politicians and they‚Äôll be punished for infringing on the People‚Äôs rights! https://t.co/zzYtRxKvzh",https://twitter.com/BarnettforAZ/status/1314744731729977344
Monica de la Cruz-Hernandez,"10/08/2020, 03:36:17",@PrincipiosPAC Muchas gracias por su apoyo! Unidos vamos a ganar! üôèüèΩüá∫üá∏,https://twitter.com/monica4congress/status/1314046932654977024
Chris Bish,"11/01/2020, 22:22:47","@Investigator_51 @RudyGiuliani @DavedaGruber @GOPChairwoman @annvandersteel @OANN @TheSheilaG2020 @AnaJuliaG8 @ana_hunsicker @LeoDube @altogether4CH @mspdcali @Harleyluv @matosortho @CruzNewsLive No, no, no! I cannot have those images in my head.",https://twitter.com/BishForCongress/status/1323027734868623361
Kathy Barnette,"10/28/2020, 13:50:42","*****************6 DAY MISSION*********************

With 6 days left we have a mission for you. Will you step up and help me win this!
Your mission, Facebook Friends, should you choose to accept it, is to complete this challenge. If you get ...
https://t.co/0LCFNj1glw https://t.co/AUYEtYp2lW",https://twitter.com/Kathy4Truth/status/1321449313088786432
Aja Smith,"10/14/2020, 04:46:01","@larryelder Thank you so much for having me on your show! Greatly appreciated!

https://t.co/6x4cH8J8W1",https://twitter.com/AjaforCongress/status/1316238808380182528
Thomas Kean Jr.,"10/18/2020, 18:47:09",I'll be on Fox Report with @JonScottFNC tonight at 6:25pm on @FoxNews - be sure to tune in!¬†#TeamKean #NJ07 https://t.co/SDimJOl7Yf,https://twitter.com/KeanForCongress/status/1317900039163990018
"Steel, Michelle","10/20/2020, 14:00:00","We are 2 weeks out from Election Day and I need to know I have your support! Can I count on you to #StandWithSteel?
 
Join thousands and add your name to our growing list of grassroots endorsements ‚û°Ô∏è  https://t.co/W0q5RZ3riC",https://twitter.com/MichelleSteelCA/status/1318552553039286276
Kimberly Klacik,"10/05/2020, 10:51:16","Me stepping into Monday knowing it‚Äôs going to be a great week for everyone ‚ò∫Ô∏èüá∫üá∏

#MondayMotivation #PositiveVibes https://t.co/yhzxWKrFmq",https://twitter.com/kimKBaltimore/status/1313069238207352836
Chris Bish,"10/12/2020, 14:34:15",@realDonaldTrump @BishForCongress https://t.co/rxUuoJo6I4,https://twitter.com/BishForCongress/status/1315662067882319872
Erin Cruz,"10/20/2020, 23:38:12",@RollerCoaster81 Thank you!,https://twitter.com/RealErinCruz/status/1318698060210343936
Wesley Hunt,"10/14/2020, 19:00:15","I have the most amazing volunteer team. Over 180 young conservatives fighting for our values in #TX07. 

70,000 doors in 1 month! https://t.co/1v81gFUBbF",https://twitter.com/WesleyHuntTX/status/1316453786412634112
Aja Smith,"10/23/2020, 03:42:28",@SaberX01 Joe will have us living like the soylent green movie.,https://twitter.com/AjaforCongress/status/1319484309963563008
Kimberly Klacik,"10/14/2020, 16:17:44","URGENT üö®

We are popping up at 601 Cumberland St. Baltimore, MD 21217 at 4pm! Meet us there üò±

Come hungry üòã 
https://t.co/sDJbWLtWbr https://t.co/RO4KQ9tnj5",https://twitter.com/kimKBaltimore/status/1316412886655397890
Lacy Johnson,"10/18/2020, 19:58:01","16 days until the election. 

Thank you to my amazing volunteers who are out there everyday knocking doors.

This is what it takes to win.

#TimeForChange https://t.co/yU53yRfwVE",https://twitter.com/LacyJohnsonMN/status/1317917872354713600
Gregory Coll,"10/25/2020, 02:23:16","Thank you #Maryland  Congressional District 8, and everyone else that has supported our campaign.  Americans deserve representation that will put the people first and deliver results.  We are done with the do nothing attitude and want to Unite Maryland to Unite America. #Vote2020",https://twitter.com/CollforCongress/status/1320189150289678336
Erin Cruz,"10/23/2020, 06:51:36",@1cdn1beaver1 We are working on this,https://twitter.com/RealErinCruz/status/1319531905289650177
Chris Palombi,"10/26/2020, 23:04:44","@Prometheus19782 Many thanks, @Prometheus19782!  How long did you have to wait to vote?  I was there early this morning and it was packed.",https://twitter.com/ChrisPalombi/status/1320863966244020224
Tiffany Shedd,"10/17/2020, 07:09:24","Amazing from top to bottom -  #AZ01. Glen Canyon Dam, the Colorado River and Lake Powell. https://t.co/NNRxJemLCh",https://twitter.com/Tiffany_Shedd/status/1317362057402937344
Errol Webber,"10/08/2020, 16:58:55","Pence is the perfect complement to President Trump. Calm, collected, and smooth. He's able to say so much with so little. He's really the perfect complement.",https://twitter.com/ErrolWebber/status/1314248924451008512
Johsie Cruz,"10/08/2020, 13:33:14",@caferotjes @enadepacheco EEUU nunca ser√° socialista porque la CONSTITUCION AMERICANA es el enemigo n√∫mero uno del socialismo y del comunismos. Y pensar que la primera constituci√≥n de Venezuela 1811 era una copia de la EEUU. Sim√≥n Bolivar jorob√≥ a Venezuela desde el principio. Vota #Trump vota #JohsieCruz,https://twitter.com/JohsieC/status/1314197161400303616
Vennia Francois,"10/22/2020, 21:36:41","I'm honored and proud to announce the endorsement of the Vietnamese Community of Central Florida. It's always a joy to be with them, and I look forward to representing them and all the communities of #FL10.
#FlaPol #peopleoverpolitics #voteforvennia #voteearly https://t.co/0DnIgyNxXX",https://twitter.com/Vennia4Congress/status/1319392254373613570
Kendall Qualls,"10/07/2020, 01:33:41","I had a wonderful Zoom Meet &amp; Greet with some @EdinaMN residents tonight! We had a great conversation, including on what we need to do to help clean up our local lakes &amp; waterways. 

Please email us if you want to host a Zoom call of your own! info@kendallforcongress.com 
#MN03 https://t.co/ituj0vckMi",https://twitter.com/KendallQuallsMN/status/1313653693473054723
Charlotte Bergmann,"10/17/2020, 01:25:31",@GatesRobin @shannoneffects1 @Jim_Jordan Isn‚Äôt it beautiful?,https://twitter.com/ElectBergmann/status/1317275515015802882
Ron Curtis,"11/01/2020, 03:29:37","There is no separation of God and state. The Declaration of Independence binds them together.

The colonists were impelled by the Laws of Nature and Nature's God to rebel against the tyrannical infringements on their unalienable Rights endowed by the Creator.

#OneNationUnderGod https://t.co/XKWcegVeGK",https://twitter.com/rcurtis808/status/1322742563036491776
Mark Reed,"10/10/2020, 22:52:55","The full context of this quote, from url you cited, INCLUDes this statement EIGHT YEARS AGO - 

""the ethnic-cleansing of the Armenians from Azerbaijan must not be forgotten..."" 
Had enough? Elect https://t.co/f1OH55zVCV

See remaining statement below 2:2

https://t.co/CLwOOImiyw https://t.co/oVyjG8nGYL https://t.co/NimyD1ZXEX",https://twitter.com/MarkReed1776/status/1315062786309804032
Margaret Streicker,"10/14/2020, 11:44:16",https://t.co/vaxcArXxk1,https://twitter.com/ForStreicker/status/1316344066959970305
Douglas Tuman,"10/05/2020, 00:59:19","I loved meeting and talking with the constituents of #NY04 at the car show and swap meet in #baldwin!

They want a representative that will show up for them. Most of them didn‚Äôt know who @RepKathleenRice is because she‚Äôs an absentee Congressperson. https://t.co/1laHS5jM92",https://twitter.com/ElectTuman/status/1312920266553556992
Josh Barnett,"10/25/2020, 21:38:14",@Secede4America They are scared of what‚Äôs coming.  They know what‚Äôs coming.,https://twitter.com/BarnettforAZ/status/1320479811085627392
Derrick Van Orden,"10/17/2020, 18:46:03",Thanks to all our door knockers out in force spreading the word to Vote Van O on November 3rd! https://t.co/rqCC66Qrkf,https://twitter.com/derrickvanorden/status/1317537376579833857
Aja Smith,"10/14/2020, 16:08:21",".@SpeakerPelosi
actually said that she has more empathy for those poor people who elected her? That must come from eating 50 dollar a pint designer ice cream from her 12K refrigerator.

üëá
https://t.co/m8sMuG0Cwt",https://twitter.com/AjaforCongress/status/1316410523374690304
Eric Early,"10/14/2020, 20:01:48",Thank you for your support @realDonaldTrump https://t.co/2D8Y6ozvdT,https://twitter.com/EricEarly_CA/status/1316469272617480192
Susan Marie Smith,"10/30/2020, 16:26:30",Absolutely! https://t.co/bvUIrv8d5y,https://twitter.com/susanfor7th/status/1322213298637545473
Mike Fricilone,"10/07/2020, 15:51:13","Our community deserves a leader that will be an independent voice, not another ‚Äòjustice democrat‚Äô who protects criminals instead of our families.",https://twitter.com/FriciloneMike/status/1313869497145622529
Errol Webber,"10/03/2020, 16:46:33","Joy Reid is who I think of when I hear the phrase ‚Äúskinfolk not kinfolk‚Äù. She doesn‚Äôt just fan the flames of racism, she pours gasoline on them!

 @amjoyshow @thereidout",https://twitter.com/ErrolWebber/status/1312433870629986305
Greg Musselwhite,"10/27/2020, 21:00:37",@tijn2001 @mikeallensongs @FloridaDude297 @remindmetweets Current situation... https://t.co/lhR02z5jIf,https://twitter.com/GregMusselwhit3/status/1321195120398651399
Mark Richardson,"10/11/2020, 16:16:25","@senatemajldr Great post, thanks for sharing",https://twitter.com/RichardsonOH3/status/1315325390542471169
Luke Negron,"11/02/2020, 19:41:10","Honestly, imagine if Trump did this. It would be national news on every network. https://t.co/Dq1tzxtsTu",https://twitter.com/LukeEdison20/status/1323349451851862022
Tyler Kistner,"11/02/2020, 22:09:24","Over the next few hours we will be highlighting some of our endorsements. The first comes from House Republican Whip @SteveScaliseGOP! 

I am honored to have the Whip‚Äôs support, and I look forward to working with him to build a stronger America. #MN02 #SendInTheMarine https://t.co/dzEESJm13b",https://twitter.com/KistnerCongress/status/1323386754607534081
Josh Barnett,"10/06/2020, 01:18:54","This policy is insane! 

https://t.co/UID7MbjXzL",https://twitter.com/BarnettforAZ/status/1313287585486139392
Scott Taylor,"10/12/2020, 20:42:30",https://t.co/CAurVhZ6Dv,https://twitter.com/Scotttaylorva/status/1315754739376807936
Leon Benjamin,"11/01/2020, 23:00:08",Enjoyed the roasted clams and the great conversations with all the other patriots I met at the event! Great to see my friend Senator Dunnavant! She is not only a great legislator but also the only practicing doctor serving in the state senate! We need more leaders like her! https://t.co/bvDhSZhypa,https://twitter.com/Leon4Congress/status/1323037134257856513
Josh Barnett,"10/14/2020, 02:28:38",LD 27 meeting üá∫üá∏üá∫üá∏üá∫üá∏ https://t.co/XFJG6I9tP1,https://twitter.com/BarnettforAZ/status/1316204237374672897
Charlotte Bergmann,"10/29/2020, 22:17:25",@Memphis_Grit So awesome!!!,https://twitter.com/ElectBergmann/status/1321939222555746304
Mark Reed,"10/20/2020, 00:21:16",Convinced?  #FlipTheHouse  There are 47 Republicans on the ballot in California.   #WeAreCd30 &amp; will elect https://t.co/f1OH55zVCV CD CA30  https://t.co/0MiM9ZYvoe https://t.co/OThzW7wH8t,https://twitter.com/MarkReed1776/status/1318346509016969216
Jeff Jordan,"10/06/2020, 03:12:47","Welcome to the club Mark. FB has removed my campaign page twice this year, without reason or notice. https://t.co/ISGljxQvZl https://t.co/eVvlEJr1lt",https://twitter.com/JeffJordan2020/status/1313316242145640448
Frank Pallotta,"10/11/2020, 22:03:53",To unravel this complete non-answer: @RepJoshG will support packing the courts ‚Äúall options are on the table‚Äù. He doesn‚Äôt like the rules so he will change them. Once again Josh is playing partisan games with the state of our nation. https://t.co/OHfcfXQSuo,https://twitter.com/FrankPallottaNJ/status/1315412833044135938
Chris Bish,"10/28/2020, 16:51:17","""We are forcing our senior law enforcement into retirement and leaving the least experienced officers on the streets.""

Ask Bish series in getting to know your Congress candidate. In the comments below ask your questions and we might get a chance to create https://t.co/QsVtt8RvUs",https://twitter.com/BishForCongress/status/1321494760549425152
Ron Curtis,"10/26/2020, 21:30:20","@miichan808 I saw a max of 89 viewers, but I started watching late.",https://twitter.com/rcurtis808/status/1320840207231401984
Kathy Barnette,"10/04/2020, 22:15:18","The debate is back up

https://t.co/4W99lvpkbl
https://t.co/mfRE3EMEkE",https://twitter.com/Kathy4Truth/status/1312878992916086785
Charlotte Bergmann,"10/25/2020, 06:50:34","@JoJoFromJerz Joe needs a little help from his friends, to help create a crowd. SAD!",https://twitter.com/ElectBergmann/status/1320256421678751744
Johnny Ray Salling,"11/02/2020, 17:19:05","Tomorrow is Election Day! If you haven't voted already, make a plan to vote tomorrow and vote Johnny Salling for Congress! https://t.co/Bu8ggsrzXr",https://twitter.com/J_R_Salling/status/1323313695234138118
Josh Barnett,"10/23/2020, 16:19:53",Peace deal between Israel and Sudan,https://twitter.com/BarnettforAZ/status/1319674916178780160
Mark Richardson,"10/21/2020, 20:07:30",@Amanda97070665 Which one was it?,https://twitter.com/RichardsonOH3/status/1319007422946660359
"Fischbach, Michelle","10/13/2020, 23:27:42","Pelosi is spending millions to bring @collinpeterson back to Washington so he can vote for her ""leadership"" as he always does. #mn07 doesn't support Pelosi, and they don't want a representative who does either! https://t.co/vOMuZD419h",https://twitter.com/FischbachMN7/status/1316158702391635968
Luke Negron,"10/29/2020, 19:26:55","@JebBushDemocrat @Squale_D737 @MActionProject You obviously don't understand the American expression, ""I won't lose any sleep."" Meaning your opinion will not change my life. 

Yes. I am on twitter - I respond to people on twitter occasionally. Your comment doesn't make sense. Handle your own country, which is falling apart!",https://twitter.com/LukeEdison20/status/1321896314817445889
Ron Curtis,"10/23/2020, 04:26:01",@itsalwayshot77 @gophawaii I read somewhere that they do have an option to change your vote here in Hawaii. Now you are going to make me go find that reference.,https://twitter.com/rcurtis808/status/1319495265770852353
Manga Anantatmula,"10/18/2020, 00:07:44",Have a great read! Research and prove Manga wrong. Or rest your case https://t.co/ZFG1auKpjN https://t.co/6Nyvx8etQX,https://twitter.com/Manga4Congress/status/1317618329071325184
Dave Giles,"10/23/2020, 14:12:49",@trish_regan @realDonaldTrump Biden lies,https://twitter.com/VoteGiles/status/1319642938608025601
Douglas Tuman,"10/23/2020, 19:08:55","Voting begins tomorrow, #NY04! 

It would be the honor of a lifetime to represent YOU! #earlyvoting https://t.co/CDRdaxpG7h",https://twitter.com/ElectTuman/status/1319717458777985025
Josh Barnett,"10/19/2020, 16:33:13",@HerschelWalker @POTUS @SpeakerPelosi @FoxNews @CNN @DonaldJTrumpJr @seanhannity @kayleighmcenany @TuckerCarlson @LouDobbs @ChrisCuomo https://t.co/0us8lC0LDA,https://twitter.com/BarnettforAZ/status/1318228720159608838
Aja Smith,"10/14/2020, 16:09:43",How does this look good even if you are a hardcore Democrat. Asking seriously.,https://twitter.com/AjaforCongress/status/1316410869618675713
Charlotte Bergmann,"10/30/2020, 19:15:56","@MemphoNewsLady @RepCohen has had a thirteen year rein over the city of Memphis. Tell me, what has he done lately?",https://twitter.com/ElectBergmann/status/1322255938498289664
Douglas Tuman,"11/02/2020, 01:47:14",See my full interview with @RichBarrabi here on @News12LI! https://t.co/2P015gAGbu,https://twitter.com/ElectTuman/status/1323079185674444800
Lavern Spicer,"10/14/2020, 18:48:00",I would pay to see Trump debate Kamala.,https://twitter.com/lavern_spicer/status/1316450702760333313
Kathy Barnette,"10/29/2020, 23:52:54","Indian (Hindu) voices for Kathy Barnette.

I LOVE my supporters!  Thank you for hosting us!!
https://t.co/b3c9L2LqVt",https://twitter.com/Kathy4Truth/status/1321963251484315650
Aja Smith,"10/23/2020, 03:48:18",@SaberX01 Need to get out and vote and not just presidential election season either. Primary and midterms is how we get into this mess and not voting local and state.,https://twitter.com/AjaforCongress/status/1319485777890344960
Joe Collins,"10/12/2020, 16:11:46",@MeganPSW @RepMaxineWaters Thank you!,https://twitter.com/joeecollins3/status/1315686608528650241
Jenny Sharon,"10/20/2020, 16:37:53",@JackPosobiec Love it!! https://t.co/1ohyBvcttB,https://twitter.com/jenny4congress/status/1318592283982389249
Vennia Francois,"10/06/2020, 18:24:48","#WorldTeacherDay was yesterday, but it's never too late to say thanks to the educators who make such a difference in our lives. Teachers have a hard job under the best of circumstances, but teaching during #COVID reminds us what heroes they truly are. Thank you, Teachers!
#FL10 https://t.co/sLXJTjyq6e",https://twitter.com/Vennia4Congress/status/1313545762345824262
Becky Hites,"10/25/2020, 01:05:24",Candidate Access 2020: Becky Hites GOP GA-13 https://t.co/Jz9o2ef2ZM,https://twitter.com/Hites4Congress/status/1320169554862133249
"Fischbach, Michelle","10/09/2020, 16:04:19",Looks like Nancy Pelosi is still obsessed with trying to remove the President instead of creating a Congress that works for the American people! Time to #FirePelosi! #mn07 https://t.co/hCrM1C3sqR,https://twitter.com/FischbachMN7/status/1314597570094792710
Dasha Pruett,"10/25/2020, 21:15:04",Vote for Dasha!  Socialism is NOT an Option:  https://t.co/67gNzJjHvW #vote2020 #socialismslayer #votefordasha #FlipTheHouse #delco https://t.co/MhSY9UuxCk,https://twitter.com/DashaPruett/status/1320473980067786752
Lacy Johnson,"10/20/2020, 21:29:38","Congresswoman @IlhanMN will make time to play video games with streamers, but not to debate.

My opponent never fails to prioritize her celebrity status over her duties as a public servant to and representative of #MN05. https://t.co/moRh9hytka",https://twitter.com/LacyJohnsonMN/status/1318665707358457858
Josh Barnett,"11/02/2020, 17:34:12",Michigan! Is this really want you want?? #VoteRedToSaveAmerica #voteredtosavemichigan https://t.co/9aFzq7Iwsw,https://twitter.com/BarnettforAZ/status/1323317498507272192
Josh Barnett,"10/11/2020, 02:01:27",@paulsperry_ This is exactly happened! I‚Äôve known this for years yet our @TheJusticeDept doesn‚Äôt know this?! Of course they know! It‚Äôs impossible they don‚Äôt know. They know exactly what happened and have chosen not to pursue charges. It‚Äôs disgusting to me that no one has been held accountable,https://twitter.com/BarnettforAZ/status/1315110232142405632
Johnny Nalbandian,"10/10/2020, 22:08:28",@FLSwampBoy @Mike_Pence @realDonaldTrump https://t.co/v2bYCh9MO4,https://twitter.com/Johnny_Congress/status/1315051600965107712
Dave Giles,"10/12/2020, 23:17:52","CD9 DEBATE - Giles vs Stanton 
Tuesday, Oct. 13 ‚Äì Congressional District 9 
Length of debate: 30 minutes 
Airs on Arizona PBS at‚ÄØ5 p.m. and 10 p.m. 
@realDonaldTrump
@GOPChairwoman
@AZGOP
@AzFRW
@foxnews

https://t.co/JD3np6l0HS https://t.co/qSuz1h5C27",https://twitter.com/VoteGiles/status/1315793838712082432
Tyler Kistner,"10/26/2020, 19:32:06","I am honored to have the endorsement of @MNPoliceAssn! In Congress, I will always have the back of our law enforcement community, and I will ensure they have the resources needed to keep us safe. #MN02 #SendInTheMarine https://t.co/NRaUrpHfzp",https://twitter.com/KistnerCongress/status/1320810454437007363
Vennia Francois,"10/30/2020, 18:47:36","I'm proud of all the endorsements we've earned, including from #FL10 leaders like Larry Ruffin! Thank you!

Have you voted yet?
#FL10 #voteforvennia #peopleoverpolitics #earlyvote #FlaPol https://t.co/ZOIVMKq5EO",https://twitter.com/Vennia4Congress/status/1322248805664890880
Josh Barnett,"10/07/2020, 16:52:03",@ScottAdamsSays https://t.co/SKwcpMBTbI,https://twitter.com/BarnettforAZ/status/1313884807953215488
Manga Anantatmula,"10/29/2020, 20:54:07",New Planned Parenthood for zeroTax$s (1/n-n/n) @nrlc @LatinoNational @BlackVoices4DJT @VA_GOP @FairfaxGOP @VirginiaGOP11 @PWCGOP @TimParrishVA @VinsonPalathing @PurnimaNath @ahinducoalition @TuckerCarlson @IngrahamAngle @greggutfeld @JesseBWatters @DanaPerino @DelRichAnderson https://t.co/eyfD9Zf84l,https://twitter.com/Manga4Congress/status/1321918256735727616
Nisha Sharma,"10/21/2020, 20:41:03","On this #22octoberBlackDay, I stand with the people in India, especially those of #JammuAndKashmir in honoring the sacrifices they made fighting #Pakistan sponsored terrorism. Democracies world-over, must join hands in this fight against Islamic extremism https://t.co/g0ODBgjMOX",https://twitter.com/UsaNisha/status/1319015868966277120
Josh Barnett,"10/09/2020, 23:05:54",I‚Äôll take an F bomb about Iran over Obama/Biden sending them $150 Billion,https://twitter.com/BarnettforAZ/status/1314703665748344833
Tamika Hamilton,"10/14/2020, 13:59:09",@trabreee So happy you know what‚Äôs up.,https://twitter.com/TamikaGHamilton/status/1316378010887491587
Casper Stockham,"10/25/2020, 23:57:32",Happening NOW! https://t.co/1mWDI3S9cy,https://twitter.com/Casper4Colorado/status/1320514864482340865
Kendall Qualls,"11/02/2020, 01:44:26","Great weekend around #MN03! Yesterday, I connected  with @MyersVote and @tomemmer to go door-knocking and meet supporters at Surfside. 

Today, volunteers door-knocked across #MN03 and hit another 1,000+ doors!

I am humbled &amp; honored by all the support! https://t.co/6s8godeH5M",https://twitter.com/KendallQuallsMN/status/1323078484411981824
Josh Barnett,"10/24/2020, 00:14:22",Facts based on ‚Äúscience‚Äù https://t.co/nGT6xKqb8k,https://twitter.com/BarnettforAZ/status/1319794325409021952
Jesus Solorio,"10/22/2020, 18:34:09","Another blow to small businesses. There‚Äôs no way Chicago will recover from this wave of strict guidelines. 

https://t.co/z8Fa0yda47",https://twitter.com/jesussoloriojr/status/1319346318796521472
Chris Bish,"10/31/2020, 15:47:19",@Jay89752066 @BuzzPatterson Thanks,https://twitter.com/BishForCongress/status/1322565826835226626
