"Fischbach, Michelle","10/07/2020, 17:47:30",I like those odds! Donate today to help us #retirePeterson in #MN07 on November 3rd --&gt; https://t.co/tFt409BCKv https://t.co/4OGqFlw779,https://twitter.com/FischbachMN7/status/1313898762608300032
"Nehls, Troy","10/30/2020, 21:33:51","Sri Kulkarni continues to spread lies and negative attacks on my decades of service because he‚Äôs losing. He‚Äôs unfit to serve in Congress. Elect true, honest service. Early voting ends today! Get out and vote Nehls for Congress and say hi to our hardworking volunteers! https://t.co/A7V0WXN5Jb",https://twitter.com/SheriffTNehls/status/1322290645646659584
David Young,"10/20/2020, 14:01:07",Only TWO WEEKS until Election Day! RT if you're voting for David Young for Congress! https://t.co/EvuJmXDtJv,https://twitter.com/YoungForIowa/status/1318552831012589569
"Boebert, Lauren","10/13/2020, 17:25:07","Our mid-day crowds beat Joe Biden on his best day!

We are winning this race &amp; keeping Colorado's 3rd solidly Republican!

Donate today so we can turn all this incredible momentum into a resounding victory: https://t.co/9mwZIIrH3x https://t.co/X5KyC9RGie",https://twitter.com/laurenboebert/status/1316067456331534338
"Gonzales, Tony","10/14/2020, 17:35:10",I proudly support the men and women in the oil and gas industry. Thank you @ValeroEnergy for the opportunity to share the stage with @DanCrenshawTX as we fight back against the radical left focused on destroying Texas jobs with their Green New Deal. #TX23 https://t.co/S61fnGc2Ju,https://twitter.com/TonyGonzales4TX/status/1316432373492469760
"Hill, French","10/10/2020, 16:00:02","Excellent news for central Arkansas veterans. The @VHALITPAO is beginning to reestablish in-person benefits.
¬†
Currently, the Little Rock Regional Office has a tentative reopen date of Monday, October 19, 2020.
¬†
https://t.co/mS4N2c0yQf",https://twitter.com/RepFrenchHill/status/1314958882486222850
Scott Taylor,"10/10/2020, 14:44:48",No way any serious journalist should allow him to get away with not answering such a serious question. https://t.co/RBAKQYrS7H,https://twitter.com/Scotttaylorva/status/1314939948911472640
Wesley Hunt,"10/23/2020, 23:01:06","Don't miss our Get Out The Vote/GOTV Super Saturday tomorrow! 

10am: Team Hunt block walk &amp; phone bank
12pm: GOTV Rally w/ @JimMurphy133 
2pm: GOTV Rally w/ @LaceyHullTx 

Join #TeamHunt as we energize voters in #TX07 and encourage them to head to the polls! https://t.co/bHJc8fNBr8",https://twitter.com/WesleyHuntTX/status/1319775889635368961
Scott Taylor,"10/27/2020, 01:48:15","Thoughts , @ElaineLuriaVA ? https://t.co/YXtG69uRBi",https://twitter.com/Scotttaylorva/status/1320905113972736001
"Hagedorn, Jim","10/13/2020, 20:50:24","üö® NEWS ALERT üö® Beginning October 19th, Le Sueur County nonprofits will be able to apply for #CARESAct grants meant to aid nonprofits in the recovery from the #COVID19 pandemic. Learn more about eligibility below:  https://t.co/8UcA8WSy53",https://twitter.com/RepHagedorn/status/1316119116844068869
"Owens, Burgess","10/29/2020, 17:38:10","So, @BenMcAdams has falsely claimed I would ""drop a nuclear bomb in Utah"", that I am involved with a group that believes ""pedophiles are running the country"", that I ""plagiarized my book"", raised illegal donations but he's upset I pointed out he was investigated by the FBI?",https://twitter.com/BurgessOwens/status/1321868944857206784
"Kim, Young","10/16/2020, 15:00:01","18 days to go. Let‚Äôs win this.

Join #TeamYoung to üè† Request a yard sign, üìû Phone bank,üìçVolunteer, and help us finish strong.

Join the team here ‚Üí https://t.co/2ykOIYTjkX",https://twitter.com/YoungKimCA/status/1317118105064230912
Wesley Hunt,"10/30/2020, 19:11:15",It‚Äôs time to go vote #TX07! https://t.co/GSicn6cR4h,https://twitter.com/WesleyHuntTX/status/1322254760863555586
"Gonzales, Tony","11/02/2020, 01:14:22",#TeamTony #TX23 #BuiltToWin https://t.co/FLE3NyJekM,https://twitter.com/TonyGonzales4TX/status/1323070914192412681
Scott Taylor,"10/07/2020, 00:00:34","If we didn‚Äôt pressure her, @ElaineLuriaVA would have never debated. She declined non-partisan HR Black caucus debate &amp; will decline this one, because she assumes she will get black vote w/ ‚ÄúD‚Äù by her name. All pander, with zero accomplishments on equity/equality #WheresElaine ? https://t.co/2PjGYGuOes",https://twitter.com/Scotttaylorva/status/1313630259867246592
"Zeldin, Lee","10/08/2020, 02:15:32","It‚Äôs a very simple question that Biden and Harris keep dodging: 

If elected, would you pack the Supreme Court? Yes or no?

Just answer the question!",https://twitter.com/RepLeeZeldin/status/1314026612053114881
Scott Taylor,"10/23/2020, 01:51:03","‚ÄúThey did not lose their insurance under Obamacare‚Äù.  Yes many did, Joe",https://twitter.com/Scotttaylorva/status/1319456267446841344
Scott Taylor,"10/23/2020, 02:07:50","That is not true. I went to the border. Catch and release was not just about family. Border patrol caught and release people, sometimes 2-3 times a day.",https://twitter.com/Scotttaylorva/status/1319460490624618506
"Meijer, Peter","10/26/2020, 18:45:13","This is great to see- kudos to @mayorbliss &amp; @EPAAWheeler on this important initiative. While drinking water in Grand Rapids is safe and has consistently tested well below 'advisory' levels, this is a welcome investment to ensure our drinking water stays safe for decades to come. https://t.co/4ad7jAEnIx",https://twitter.com/VoteMeijer/status/1320798657055215616
Scott Taylor,"10/13/2020, 15:45:34",Amazing https://t.co/iSLTmGuGu0,https://twitter.com/Scotttaylorva/status/1316042403749474310
"Fischbach, Michelle","11/01/2020, 18:17:44","Make your plan to vote by Tuesday, go to https://t.co/5nfxrV2c1M for details. #mn07 https://t.co/zJir0o6sx5",https://twitter.com/FischbachMN7/status/1322966065853464576
"Boebert, Lauren","10/08/2020, 02:05:23","I can't wait until we don't have to be lied to by Joe Biden &amp; Kamala Harris anymore.

27 more days.

#VPDebate",https://twitter.com/laurenboebert/status/1314024058573524993
"Schweikert, David","10/08/2020, 17:19:26","üö®Alert: Be cautious of fraudulent unemployment insurance debit cards being disguised as COVID-19 relief sent to your home. If you receive one, you can take the card to @ArizonaDES as soon as possible. For more information, read below: https://t.co/V0iMhf6lk5",https://twitter.com/RepDavid/status/1314254086238240770
Alek Skarlatos,"10/19/2020, 05:31:43",@1Ronin5 @registerguard Thanks .@1ronin5 !,https://twitter.com/alekskarlatos/status/1318062250020667392
"Owens, Burgess","10/17/2020, 21:49:01",I appreciate the support from Utah State Senator @LincolnFillmore and look forward to fighting for Utahns across the state. https://t.co/VhwCJ3KP4O,https://twitter.com/BurgessOwens/status/1317583421389049856
Scott Taylor,"10/26/2020, 18:42:10","Doesn‚Äôt give one much confidence in him leading, with the stressors of being leader of the free world. https://t.co/sDjqqPvsFr",https://twitter.com/Scotttaylorva/status/1320797888511942662
Scott Taylor,"10/26/2020, 23:23:47",We know @ElaineLuriaVA was tweeting about gun control while their was blood on the floor during our tragedy in VB. Does she support Biden‚Äôs radical gun plan here üëá? https://t.co/Lz47mnJVlS,https://twitter.com/Scotttaylorva/status/1320868758173396994
David Young,"10/15/2020, 23:50:40","Cindy Axne doesn‚Äôt show up for work, and instead gives our vote away to far-left East Coast Congressman Jamie Raskin. Tell Cindy Axne Iowans didn‚Äôt elect Jamie Raskin to represent them in Congress!

‚¨áÔ∏è  SIGN THE PETITION ‚¨áÔ∏è
https://t.co/ZAvN1k2Mlh",https://twitter.com/YoungForIowa/status/1316889258670555140
Wesley Hunt,"10/16/2020, 00:26:40",Thanks for supporting #TeamHunt! #VOTE https://t.co/GHPWnAP4FQ,https://twitter.com/WesleyHuntTX/status/1316898316307804161
Scott Taylor,"10/12/2020, 13:20:11","Virginia:
Registration deadlines
Online: Oct. 13
By mail: Postmarked by Oct. 13
In person: Oct. 13

Let‚Äôs go! üá∫üá∏",https://twitter.com/Scotttaylorva/status/1315643428059914241
Wesley Hunt,"10/15/2020, 22:54:24",Thanks for supporting #TeamHunt! #VOTE https://t.co/KnbnZaFn37,https://twitter.com/WesleyHuntTX/status/1316875097760825346
"Hill, French","10/29/2020, 03:46:56","Today I toured @WestrockCoffee's facility, where they roast, package, and distribute their coffee with @JohnBoozman, CEO Scott Ford, Senior VP Clay Parker, and VP Will Ford. 
 
Even during #COVID19, they continue to grow their company and production facility in North Little Rock. https://t.co/jrOtsJCHmW",https://twitter.com/RepFrenchHill/status/1321659757623738374
"Fischbach, Michelle","10/17/2020, 17:39:01",Thank you for your friendship and support @DebKiel! I will always work with you to protect our values and our rural way of life. #mn07 https://t.co/njIHNE9reL,https://twitter.com/FischbachMN7/status/1317520506837491716
David Young,"10/25/2020, 15:22:01",üôè https://t.co/qlXgdJevXg,https://twitter.com/YoungForIowa/status/1320385131509616640
"Schweikert, David","10/04/2020, 20:56:05","The #COVID19 pandemic has brought upon unprecedented times, leaving many feeling down. This #MentalIllnessAwarenessWeek, reach out to somebody you know who may be struggling and let them know that they are #NotAlone.",https://twitter.com/RepDavid/status/1312859056877588482
Scott Taylor,"11/01/2020, 13:28:22",üá∫üá∏üí™ https://t.co/FSBcu5GuqM,https://twitter.com/Scotttaylorva/status/1322893247052718080
"Hudson, Richard","10/26/2020, 15:34:49","God bless all our service members who are deployed and have been deployed. Thank you for your sacrifice!

#NationalDayoftheDeployed https://t.co/u3AorXNggZ",https://twitter.com/RepRichHudson/status/1320750740785299461
Alek Skarlatos,"10/03/2020, 00:50:38",@Proletariot1 @LouDobbs @FoxNews @FoxBusiness You can donate at the link above or by visiting my website https://t.co/3JSg2tIdDV thank you so much for your support!,https://twitter.com/alekskarlatos/status/1312193305346670592
"Bacon, Don","10/15/2020, 00:50:12",I co-led H.R. 7155 with fellow vet @RepAnthonyBrown to rename bases named after Confederate leaders. It‚Äôs now part of the House #FY21NDAA and on track to become law! Our bases should bear the names of heroes who represent the best of America. https://t.co/PdMzwRHIIT,https://twitter.com/RepDonBacon/status/1316541853823631367
"Mace, Nancy","10/15/2020, 23:18:18","WOW! In this final stretch, your support for #TeamMace means the world. From the bottom of my heart, thank you. ‚ù§Ô∏è #SC01 #LowcountryFirst #SCPol #SCNews https://t.co/mMrJe5iMT2",https://twitter.com/NancyMace/status/1316881111495012352
"Owens, Burgess","10/13/2020, 02:56:14",@KathleenforUtah Thank you for all your support Kathleen.,https://twitter.com/BurgessOwens/status/1315848796136370176
"Fischbach, Michelle","10/05/2020, 21:24:00",It's @4H week! Learn more about @MN4H and get involved here : https://t.co/brssKAlnhi,https://twitter.com/FischbachMN7/status/1313228468830732293
"Steel, Michelle","10/23/2020, 01:08:42",Live look a Harley's bipartisan record: https://t.co/da7xT8oWfi https://t.co/TsdpwA28Ig,https://twitter.com/MichelleSteelCA/status/1319445609640873984
"Herrera Beutler, Jaime","11/02/2020, 17:55:42","I‚Äôm honored to be named a #smallbizguardian, and will continue fighting in Congress for our Main Street job creators, and to provide them the necessary resources to keep their doors open and their employees paid throughout this public health crisis. https://t.co/yNuQ7oVvk5",https://twitter.com/HerreraBeutler/status/1323322908844982272
"Davis, Rodney","10/03/2020, 15:00:02",I‚Äôm here to serve you. This #IL13 #ConstituentServiceSpotlight is another example of how my office and I can help. Reach out if we can ever be of assistance: https://t.co/UwfjLHml8t https://t.co/SqFmDann2A,https://twitter.com/RodneyDavis/status/1312407066083033088
Scott Taylor,"10/12/2020, 12:38:43","Article about Hugo Chavez packing the court in 2004 and its threat to democracy. Look at Venezuela now. 

Elaine Luria, Joe Biden, and Kamala Harris won‚Äôt tell you if they support packing the court, despite many in their party calling for it. 

https://t.co/AwdDNtMLLz",https://twitter.com/Scotttaylorva/status/1315632993759891456
"Owens, Burgess","11/02/2020, 15:53:58",@kilmeade @foxandfriends Thank you for having me on my friend,https://twitter.com/BurgessOwens/status/1323292272847249408
"Davis, Rodney","10/06/2020, 15:58:02",Yesterday while in Decatur I met with Ret. Colonel Dr. Robert Tyler who is a member of the local chapter of @MilitaryOfficer. We had a good discussion on preserving military medical capacity and recruitment/retention issues. Thanks for your service and continued advocacy! https://t.co/FPC1PVLdEs,https://twitter.com/RodneyDavis/status/1313508826688225280
Thomas Kean Jr.,"10/27/2020, 14:00:18",Only 7 days to go until #ElectionDay and I need your help! Sign up below to help us Get Out The Vote! #TeamKean #NJ07 #GOTV Sign up here: https://t.co/hUeELF1IcZ https://t.co/sRncRP8sMG,https://twitter.com/KeanForCongress/status/1321089342727692290
"Hill, French","10/28/2020, 01:30:09","Recently, I recognized the patriotic contributions of Darrell Wood during the COVID-19 pandemic for putting up American flags all around Benton, Arkansas.

Darrell's actions have served as a bright light in these trying times, and I thank him for his selfless service to his city. https://t.co/3UEwg6c1us",https://twitter.com/RepFrenchHill/status/1321262950515118081
David Young,"10/31/2020, 20:38:01","""Let‚Äôs send someone to Washington who won‚Äôt follow Nancy Pelosi‚Äôs corrupt agenda but instead will take Iowa values and concerns with them. Elect David Young to Congress."" Read the full letter to the editor at the link. https://t.co/a3hONMny1c",https://twitter.com/YoungForIowa/status/1322638983118151680
"Boebert, Lauren","10/14/2020, 20:44:40","So @NYPost had their Twitter account locked down &amp; were forced to delete the story on Twitter because they ‚Äúspread hacked materials‚Äù, but when President Trump‚Äôs tax returns were fraudulently leaked to the public via the @NYTimes it was all good? https://t.co/5BpbKSBRYQ",https://twitter.com/laurenboebert/status/1316480060543635457
"Gonzales, Tony","11/01/2020, 23:56:04",I am proud to support our brave men and women in uniform. Today‚Äôs #BackTheBlue press conference led by @JohnCornyn is a reminder everything is at stake in this #TX23 election. #TeamTony #BuiltToWin https://t.co/bbLloTzQvl,https://twitter.com/TonyGonzales4TX/status/1323051212242079746
"Chabot, Steve","10/29/2020, 14:19:53","Remember, we are #InThisTogetherOhio: https://t.co/ibFdS0ojHs",https://twitter.com/RepSteveChabot/status/1321819046975803392
"Bacon, Don","10/05/2020, 15:05:05","As we continue to combat the #coronavirus, we must ensure every family, child, and veteran in Nebraska and across the U.S. is protected and cared for. That is why I joined @GOPLeader in this fight to renew and preserve our country.
Learn more at https://t.co/YA5S6exCE6. https://t.co/zzjY6R1npJ",https://twitter.com/RepDonBacon/status/1313133114298953728
"Boebert, Lauren","10/17/2020, 14:38:47","Small business is constantly attacked by the heavy hand of government and it has got to end.

I know the plight of small business owners because I am one myself.

My opponent is a liberal college professor.

I‚Äôd take my real-life experience over her textbooks any day.",https://twitter.com/laurenboebert/status/1317475147222220801
"Owens, Burgess","10/13/2020, 01:15:52","‚ÄúThe choice was clear tonight, Burgess Owens is the genuine voice that would represent Utah values in D.C. Burgess is a fighter, someone who‚Äôs story and experiences reflect our great state. Utahns deserve a Congressman that will vote for them and with them and that is Burgess.‚Äù",https://twitter.com/BurgessOwens/status/1315823536255102979
"Boebert, Lauren","10/06/2020, 17:19:00","If we can‚Äôt, at the very least, have honesty from our political nominees, how can we expect an honest election?

My opponent is running ads claiming she‚Äôs an Independent even though she‚Äôs actually running as the Democrat nominee &amp; was an elected Democrat in CO for over a decade.",https://twitter.com/laurenboebert/status/1313529201807568896
David Young,"10/23/2020, 16:16:01","This is the most important election of our lifetimes, so don't sit on the sidelines this election. Make a plan and make your voice heard by casting your vote! Voting information is available at the link. https://t.co/HVLiFXXcv4",https://twitter.com/YoungForIowa/status/1319673946556551169
"Fischbach, Michelle","10/27/2020, 00:10:14","Congratulations to our nation's newest Supreme Court Justice Amy Coney Barrett!
¬†
Barrett is a well-respected judge, professor &amp; mother of seven &amp; will be an incredible addition to the highest court of the land. #mn07",https://twitter.com/FischbachMN7/status/1320880450122952708
"Boebert, Lauren","10/04/2020, 00:13:35","The WH Chief of Staff is on the record in the AP article - not what I‚Äôm discussing.

All the tabloid style gossip about medical details being reported is highly irresponsible and matters of critical national security should not be ‚Äúanonymous‚Äù.

No need to twist my statement. https://t.co/z6ggoQ4ULT",https://twitter.com/laurenboebert/status/1312546372344786944
"Hill, French","10/29/2020, 14:51:02","GOOD NEWS! America‚Äôs GDP increased at the highest rate EVER in the last three months. An astounding 33.1%, higher than economists predicted.
¬†
These are positive signs that our economy is recovering. üá∫üá∏üá∫üá∏üá∫üá∏
¬†
https://t.co/v5QFjMBLd4",https://twitter.com/RepFrenchHill/status/1321826884494176256
"Bacon, Don","10/20/2020, 18:02:06","ICYMI: The 2017 Tax Cuts and Jobs Act has been instrumental in creating these opportunity zones that I fought for and supported. They are stimulating investment in new and local businesses and strengthening our #NE02 community for years to come.
https://t.co/Kyl6m5ndcu",https://twitter.com/RepDonBacon/status/1318613476483485698
Thomas Kean Jr.,"10/11/2020, 22:00:01",Morris County Sheriff Jim Gannon explains how you can vote using your vote by mail ballot this year -  It's important you complete and return your ballot right away! #TeamKean #NJ07 https://t.co/82PC2Seq1b,https://twitter.com/KeanForCongress/status/1315411860607426560
"Steel, Michelle","10/30/2020, 19:54:07",Seen this disclaimer on ads lying about my record? It means it was paid for by the $7.4 million Nancy Pelosi's Super PAC is using to get Harley Rouda elected. She's all in for her lackey @HarleyRouda who has voted with her 100% of the time. https://t.co/EDCUUrT090,https://twitter.com/MichelleSteelCA/status/1322265547472470017
"Chabot, Steve","10/31/2020, 20:48:14","I visited Optimized Senior Living, a family-owned, and operated assisted living home for senior citizens. https://t.co/T1DZ4h42fR",https://twitter.com/RepSteveChabot/status/1322641552989147138
"Chabot, Steve","10/09/2020, 19:09:14","These workers and their families are in jeopardy through no fault of their own.

Small businesses need our help.
 
Right now, there is over $130 billion dedicated to #PPP.  All it would take is congressional action to get this funding into the hands of small businesses.",https://twitter.com/RepSteveChabot/status/1314644104748371972
"Bice, Stephanie","10/24/2020, 14:00:00","I recently received an endorsement from¬†Countywide News, who noted that compared to Rep. Horn, I am ""more in step with the average voter"" and ""can do a better job as time goes by.""¬†I need your help to ensure that Horn's 2018 upset win doesn't happen again.https://t.co/KlvVKtVSHk",https://twitter.com/stephaniebice/status/1320002103750709250
"Boebert, Lauren","10/18/2020, 18:04:08","Here's Diane Mitsch Bush calling herself Machiavellian (""cunning, scheming, and unscrupulous, especially in politics"") when it comes to Colorado water. https://t.co/qHNnE4vRkS",https://twitter.com/laurenboebert/status/1317889213388492802
"Schweikert, David","10/15/2020, 18:00:17","#Telehealth has been a valuable asset over the course of the #COVID19 pandemic. I am pleased to see veterans utilizing such a great tool for their own health and wellness appointments. Read more on how this technology is helping over 900,00 veterans here:
https://t.co/v4c9RHiaqQ",https://twitter.com/RepDavid/status/1316801080148267009
"Cawthorn, Madison","10/05/2020, 22:48:32","America's health care system is out of date. We need to decouple health care from employment and lower prices across the board ‚Äî including prescription drugs. 

We can, and must, do better. 
https://t.co/DbPb7MewB1 https://t.co/wQQfUzDuWW",https://twitter.com/CawthornforNC/status/1313249743456423940
Scott Taylor,"10/06/2020, 00:42:53","I am thankful that the leader of the free world, our president @realDonaldTrump , has been released from the hospital. Let us continue to hope and pray for his health, the health of those around him, and for all Americans.
üá∫üá∏Ôøº",https://twitter.com/Scotttaylorva/status/1313278519548444672
"Kim, Young","10/18/2020, 15:00:02","In the California State Assembly, I reached across the aisle to fight for our veterans, children and to protect victims of domestic abuse. In Washington, I‚Äôll do the same to ensure every family can live their own American Dream. https://t.co/ZIDfQHGC2e",https://twitter.com/YoungKimCA/status/1317842882628358144
Rich McCormick,"10/13/2020, 16:39:33","There have been reports of long voting lines in Gwinnett for the first days of early voting. Remember, you can vote early from now until 10/30 &amp; you can also check the status of voting wait times below. #gapol

FORSYTH - https://t.co/vyNb1m0XdX

GWINNETT - https://t.co/Ic150yPrfB",https://twitter.com/RichforGA/status/1316055987317600258
"Owens, Burgess","10/28/2020, 18:41:50","Does the NY Times classify bogus hit pieces as an ""in-kind"" donation to Democrat candidates?",https://twitter.com/BurgessOwens/status/1321522582370185217
David Young,"10/07/2020, 14:46:07","Cindy Axne has voted with Nancy Pelosi 95% of the time, when she bothers to show up for work. IOWANS DESERVE BETTER. #FireAxne #IA03 https://t.co/4tFhn1JeY0",https://twitter.com/YoungForIowa/status/1313853115091890176
"Boebert, Lauren","10/20/2020, 04:34:07",Bringing it BIG time in Montrose!  Tell everyone you know it's time to get those ballots turned back in! https://t.co/uFMQnC6zBW,https://twitter.com/laurenboebert/status/1318410144418582529
Wesley Hunt,"10/12/2020, 22:09:28","Congresswoman, I contacted you over a month ago asking you to engage in this process. You ignored me &amp; refused to work with us in any capacity to give #TX07 voters a chance to hear from us directly.

This is beyond disappointing &amp; denies the voters the transparency they deserve https://t.co/dyBHBH0bam",https://twitter.com/WesleyHuntTX/status/1315776625523343361
"Good, Bob","10/06/2020, 17:49:18","Just to let you know, I‚Äôll be a guest on the @marklevinshow tonight at 8:30pm ET. 

You can listen live on WFIR (960AM/94.5FM/107.3FM) or online at https://t.co/xWNjKzM3wa by clicking the red ‚ÄúLISTEN LIVE‚Äù box at the top of the page.",https://twitter.com/GoodForCongress/status/1313536826620153857
David Young,"10/27/2020, 00:20:15",Cindy Axne will cost Iowa families thousands. We can't afford another term with Cindy Axne calling the shots! #IA03 https://t.co/SqZOxKVURG,https://twitter.com/YoungForIowa/status/1320882967963684866
"Hill, French","10/04/2020, 16:08:25","Good victory for the Razorbacks!

The defense was tired, but promising in their game against Georgia. Last night against the Mississippi State Bulldogs, they delivered! https://t.co/YCXcRtR4DE",https://twitter.com/RepFrenchHill/status/1312786663131799555
"Gonzales, Tony","10/19/2020, 13:04:06",#TeamTony feelin‚Äô good...like we should. Never stressed...only blessed. üòé https://t.co/bYcifDQLjj,https://twitter.com/TonyGonzales4TX/status/1318176096324448258
"Bice, Stephanie","10/03/2020, 15:30:00","The Veterans of Foreign Wars Department of Oklahoma collected disaster relief supplies last month to aid those affected by Hurricane Laura. I thank our state's veterans for their endless service and commitment to this great nation.
https://t.co/CNBe9PAhzQ",https://twitter.com/stephaniebice/status/1312414607164805122
David Young,"10/28/2020, 18:26:40",Thanks to Rev. Rob Johnson and Terrence Thames for having me on the @UrbanImpactShow this morning where we talked issues important to the African-American community! I enjoyed our conversation! #IA03 https://t.co/Tx8YTxFKHA,https://twitter.com/YoungForIowa/status/1321518765293641729
Wesley Hunt,"10/30/2020, 13:56:09",Today is the last day of early voting. Make your voice heard and go #VOTE ! https://t.co/IFXy05kQL7,https://twitter.com/WesleyHuntTX/status/1322175461338861571
"Bice, Stephanie","10/21/2020, 17:00:02","With less than 2 weeks until Election Day in CD-5, it‚Äôs important to know the issues and what I stand for. As an OK State Senator, I have always put Oklahomans first, and I will do the same in Congress by always being a voice for you. #TeamBice #OK05
https://t.co/aStacztPND",https://twitter.com/stephaniebice/status/1318960244639338503
"Bacon, Don","10/10/2020, 17:30:06","I introduced H.R. 5738 with @RepSpeier to empower survivors of sexual assault to report these incidents and to ensure that they will not face punishment for certain collateral misconduct. Sexual assault should never be tolerated, and we must always protect those who protect us. https://t.co/xvy7ZVqcoV",https://twitter.com/RepDonBacon/status/1314981547410366464
"Bice, Stephanie","10/20/2020, 22:17:35","I have stood up for our teachers and our students by working to give teachers the pay raise they deserve. No matter what Kendra Horn claims, I always have and will continue to support Oklahoma teachers and families. #OK05debate https://t.co/Af9kQDJR1m",https://twitter.com/stephaniebice/status/1318677773041414145
"Owens, Burgess","10/28/2020, 03:00:31",https://t.co/2ULcOT2pgK https://t.co/Qq0rSRN0t0,https://twitter.com/BurgessOwens/status/1321285689930141696
"Good, Bob","10/23/2020, 02:37:20","Just leaving this here.....
https://t.co/GkCM6CvXzi",https://twitter.com/GoodForCongress/status/1319467917096964096
"Mace, Nancy","10/26/2020, 00:03:36","What a great turn out today at the GOTV Tailgate in Beaufort! We are 9 days from the election of our lifetime and race couldn‚Äôt be tighter. Make sure you have a plan to vote!üó≥‚ù§Ô∏èüá∫üá∏üá∫üá∏üá∫üá∏

#LowcountryFirst #Election2020 #SC01 https://t.co/pW8CxlJ4tn",https://twitter.com/NancyMace/status/1320516392546959365
David Young,"10/29/2020, 18:58:01","Welcome back to Des Moines, @VP @Mike_Pence! It was nice to run into @joniernst and @hinsonashley before the program started. #IA03 https://t.co/grYUtGfDGL",https://twitter.com/YoungForIowa/status/1321889042317889536
Scott Taylor,"10/11/2020, 18:37:36","Good work, @jaketapper .  A poll or a talking point is not the same thing as the Constitution. https://t.co/lPN3cCEtFD",https://twitter.com/Scotttaylorva/status/1315360921880010754
Thomas Kean Jr.,"10/25/2020, 16:19:24","Rhonda and I met up with Chairman @DSteinhardtEsq,  @phoebeslac and the energized @WCGOPNJ team in Phillipsburg to lift off our get out the vote effort. 9 days to go! #TeamKean #NJ07 #GOTV #Phillipsburg https://t.co/6fnA5dcNTm",https://twitter.com/KeanForCongress/status/1320399571965587456
David Young,"10/13/2020, 21:44:24",Did you see this from the debate last night? Whose district does Cindy Axne think it is? Check this out... https://t.co/0wtEsLHjXy,https://twitter.com/YoungForIowa/status/1316132707303383040
David Young,"10/06/2020, 19:21:41",Here's the list of votes for which Cindy Axne failed to show up and vote on behalf of #IA03. https://t.co/dO0F5dHLvZ,https://twitter.com/YoungForIowa/status/1313560076574175233
"Boebert, Lauren","10/16/2020, 14:40:28","All of you are amazing, but these two are definitely my biggest supporters! https://t.co/dnDwc5CPlZ",https://twitter.com/laurenboebert/status/1317113182679371782
"Mace, Nancy","10/06/2020, 23:29:10","Watching the debate tonight? https://t.co/1QW0Rvsxtd

Hope you enjoy our #TeamMace BINGO card and watch along with us. #LowcountryFirst #SC01 #SCPol #NewNancy https://t.co/NhbTSXNNwF",https://twitter.com/NancyMace/status/1313622355613188097
"Gonzales, Tony","10/07/2020, 21:43:41","‚ÄúWard County is recognized statewide for being #1 in fiscal responsibility. We know Tony Gonzales is like-minded and will fight for transparency and accountability in every tax dollar!‚Äù 
‚Äî Mayor David Cutbirth, Monahans, TX https://t.co/GLbqPsd2sT",https://twitter.com/TonyGonzales4TX/status/1313958200459309058
"Fitzpatrick, Brady","10/19/2020, 15:48:37","Once a year, Medicare beneficiaries across the country have a chance to look at their health insurance coverage, shop around, and switch to another plan if they choose. (1/2)

https://t.co/HsISAPaLJG",https://twitter.com/RepBrianFitz/status/1318217496860807170
"Owens, Burgess","10/26/2020, 23:06:05",".@realDonaldTrump has done more FOR minorities. 
@JoeBiden has done more TO minorities... important distinction",https://twitter.com/BurgessOwens/status/1320864307198922753
"Boebert, Lauren","10/05/2020, 15:33:35","In Colorado, ballots go out THIS WEEK!

We have to win this race. 

Let‚Äôs make sure that we‚Äôve got the resources to defeat the radical socialist running against me.

Donate today! https://t.co/AzCr1EXv8S",https://twitter.com/laurenboebert/status/1313140284918820869
Scott Taylor,"11/02/2020, 14:18:43","""I think your second amendment is on the line, your first amendment is on the line with cancel culture. I think how much taxes you pay are on the line. We passed the Ashanti Alert Act, which will save lives across the country.‚Äù

https://t.co/NkEHTGoB62",https://twitter.com/Scotttaylorva/status/1323268302576193537
"Mace, Nancy","10/14/2020, 14:39:47","Democrat Joe Cunningham doesn‚Äôt care about your job ‚Äî he‚Äôs made that crystal clear during his time in Washington. He‚Äôs put Washington first and the Lowcountry last every step of the way.
Watch our new ad below and donate to help us keep it on the air üì∫ üì∫
https://t.co/PEQne6HFcR https://t.co/R0fGfKIlH8",https://twitter.com/NancyMace/status/1316388234537177088
"Gonzales, Tony","10/24/2020, 18:07:20","Meet Mr. Antonio Hernandez, a staunch straight ticket Democrat. This year he voted Democrat on every race except #TX23. #TeamTony #BuiltToWin #WhereIsGina https://t.co/0k0A2rmr4U",https://twitter.com/TonyGonzales4TX/status/1320064345016049665
David Young,"11/02/2020, 14:16:15","Thanks to everyone who came out to door knock yesterday, including my sister and my mayor! There‚Äôs still 1 MORE DAY to get involved! #IA03 https://t.co/z923i42pEy",https://twitter.com/YoungForIowa/status/1323267684876898308
"Owens, Burgess","10/15/2020, 18:30:13","Ben McAdams has told so many lies, so it's time to set the record straight. Learn the FACTS at the link below: https://t.co/v7QCwAUmje",https://twitter.com/BurgessOwens/status/1316808615794274305
"Van Duyne, Beth","10/30/2020, 14:12:04",Today is the last day to vote early! Go to https://t.co/SdMAxvlIq6 to find your nearest polling location. Have you voted yet? https://t.co/lgRCNWTveD,https://twitter.com/Bethvanduyne/status/1322179466496528385
"Salazar, Maria Elvira","10/16/2020, 20:26:04",Thank you @NFIB ! https://t.co/cmD0K8aPlL,https://twitter.com/MaElviraSalazar/status/1317200158388637696
"Boebert, Lauren","10/27/2020, 11:54:10",@realDonaldTrump It‚Äôs going to be a red wave! https://t.co/AzCr1EXv8S,https://twitter.com/laurenboebert/status/1321057601501745152
Thomas Kean Jr.,"10/10/2020, 13:11:33","#SomersetCounty be sure to vote #KeanForCongress, complete your ballot according to the instructions, &amp; cast your vote by dropping it at a secure drop box, mailing it, or bringing it to your county Board of Elections or by bringing it to your local polling place on election day. https://t.co/tMFFTHYnvg",https://twitter.com/KeanForCongress/status/1314916481340235777
"Boebert, Lauren","10/12/2020, 13:47:36",Are we relitigating the Affordable Care Act or are we confirming a SCOTUS justice?,https://twitter.com/laurenboebert/status/1315650326314311688
"Bice, Stephanie","10/30/2020, 19:30:00","VP Joe Biden will destroy OK‚Äôs oil and gas industry &amp; put 90,000 Oklahomans at risk. Kendra Horn claims she disagrees with Biden, but with a 0% rating from the @AEA, we just can‚Äôt trust her. Choose #TeamBice on November 3rd.
https://t.co/ygxtnxA8NI",https://twitter.com/stephaniebice/status/1322259479052910592
Scott Taylor,"11/01/2020, 21:56:13","Despite the rain, a great rally today in #VirginiaBeach! 
Red wave üåä coming Tuesday. 
Let‚Äôs go! üá∫üá∏ https://t.co/UxEIWm25Ml",https://twitter.com/Scotttaylorva/status/1323021047831138307
"Roy, Chip","10/13/2020, 14:13:32",Happy 245th birthday to the @USNavy! https://t.co/f6m2ArEsKx,https://twitter.com/RepChipRoy/status/1316019240650981379
"Cawthorn, Madison","10/31/2020, 20:45:09","What won‚Äôt my opponent lie about? 

He claims he stood up against waterboarding, but the fact check debunked that. He claims to support the second amendment but that was a lie. 

No wonder his commanding officer said his service ‚Äúhas not been honorable.‚Äù

https://t.co/K5JpbWkJC8 https://t.co/5h1Z7yXAqj",https://twitter.com/CawthornforNC/status/1322640775847546880
"Hagedorn, Jim","10/26/2020, 14:55:43",Pleased to join my MN colleagues in urging @usairforce to maintain the C-130 fleet that is essential to the success of the Minnesota Air National Guard. Reducing the fleet's size would be detrimental to the great work the Guard does to aid humanitarian missions. https://t.co/IkN137cdCC,https://twitter.com/RepHagedorn/status/1320740901057138695
"Chabot, Steve","10/06/2020, 13:24:29",I was glad to have the opportunity to drop by the Evendale Fire Department in September.  Thank you for all you do to serve our community. https://t.co/SXHADJbyLg,https://twitter.com/RepSteveChabot/status/1313470183831416842
"Boebert, Lauren","10/11/2020, 18:35:33",@john_d_miles üòÜ,https://twitter.com/laurenboebert/status/1315360405305393152
David Young,"11/02/2020, 21:13:56",Thanks Shannon! #IA03 https://t.co/3T45DkEzhr,https://twitter.com/YoungForIowa/status/1323372798048284672
Wesley Hunt,"10/23/2020, 20:30:16","Democrats have made it clear: they want to end the oil &amp; gas industry, despite the cost to millions of Texas families. 

And @lizzie4congress says nothing.

This isn't about politics. It's about protecting the families, workers, &amp; businesses that fuel our state and our country. https://t.co/uHGfBgPgzD",https://twitter.com/WesleyHuntTX/status/1319737930970181635
"Mace, Nancy","10/03/2020, 22:57:55","I‚Äôm stunned by the support for our campaign! 

We crushed our goal and outdid Democrat incumbent @JoeCunninghamSC! I simply can‚Äôt thank you enough. #SC01 #NewNancy #LowcountryFirst

ü§© $2.3M raised in Q3
ü§© 25,000+ donors
ü§© &lt;$100 avg. contribution
https://t.co/F4ZBRjNH1B",https://twitter.com/NancyMace/status/1312527330355499010
"Herrera Beutler, Jaime","10/29/2020, 22:39:00",I was honored to successfully partner with the Port of Camas-Washougal to help deliver a $3M grant‚Äì targeted in a Tax Cuts &amp; Jobs Act Opportunity Zone ‚Äì that will boost Southwest Washington‚Äôs infrastructure &amp; help create 130 new jobs for folks in the area. https://t.co/JI7I028Fzu,https://twitter.com/HerreraBeutler/status/1321944652069568514
"Kim, Young","10/31/2020, 15:00:01","Hey, #CA39 voters in #SanBernardinoCounty! Polling places are OPEN from now until Election Day for in-person voting! Get out and #VoteYoungKim

Find your polling place here ‚Üí https://t.co/Zp09bWUaJx",https://twitter.com/YoungKimCA/status/1322553921756405761
David Young,"10/28/2020, 23:32:01","David Young has served Iowans well before, and he's ready to get back to work for us. Cast your vote for David Young for Congress! #IA03 https://t.co/6kRkO9X66m",https://twitter.com/YoungForIowa/status/1321595607140761601
"Salazar, Maria Elvira","10/09/2020, 20:40:15",This week I met with a group of local business owners to find solutions to the problems they are facing. Their businesses are struggling and they need someone who will be their voice and fight for them. We need solutions that work. #fl27 https://t.co/TbInMXntKC,https://twitter.com/MaElviraSalazar/status/1314667011247669249
Alek Skarlatos,"10/27/2020, 15:53:23","With a week to go until the election, it is best to drop off your ballot at an official drop box instead of sending it by mail. To find the drop box closest to you, visit the Oregon Secretary of State‚Äôs website:

https://t.co/I84eHvB7aw
#ElectionsMatter #vote #VoteEarly #Alek2020",https://twitter.com/alekskarlatos/status/1321117802544070657
"Boebert, Lauren","10/26/2020, 13:30:32","Kamala Harris made a point to say that she likes hip-hop on 60 Minutes last night.

Did Tupac advise her to say that so she can win back 50 Cent and Lil Pump? https://t.co/2fLLhr5yVE",https://twitter.com/laurenboebert/status/1320719465282215936
"Schweikert, David","10/06/2020, 19:01:12","I am closely monitoring the escalation in violence in Nagorno-Karabakh between #Armenia and #Azerbaijan. I echo President Trump‚Äôs call for a cease-fire, and for the opposing sides to work towards de-escalation under the OSCE‚Äôs Minsk Group framework.",https://twitter.com/RepDavid/status/1313554922122752003
"Cawthorn, Madison","10/24/2020, 14:02:16","My opponent would:
- Vote for Pelosi as Speaker
- Raise your taxes 
- Erode your 2A rights 
- Put govt in charge of health care
- End Medicare as we know it
- Take away your private health insurance 
- Support AOC‚Äôs GND

*Picture Hendersonville Lightning https://t.co/cBbJpNYqzU",https://twitter.com/CawthornforNC/status/1320002673173811200
"Steel, Michelle","10/16/2020, 23:00:01",".@HarleyRouda's latest move? Launching partisan attacks on voting options while running his own secretive ballot scheme. 
Add it to the list:
-Raising your taxes
-Eliminating his employees' healthcare
-Terminating his employees' 401ks",https://twitter.com/MichelleSteelCA/status/1317238900025425921
Wesley Hunt,"10/24/2020, 15:20:03","Last night I was honored to participate in an open, non-partisan candidate forum, giving #TX07 voters the transparency they deserve.

I‚Äôm disappointed that Congresswoman Fletcher declined to participate and answer the pressing questions facing our district. https://t.co/DYilvKipLL",https://twitter.com/WesleyHuntTX/status/1320022247629795329
"Boebert, Lauren","10/16/2020, 21:54:03",Research all the nonsensical stuff Pelosi wants to achieve with her COVID Bill. The vast majority of it has nothing to do with relief for the people or businesses that need it. The pain many Americans are feeling is mere leverage to Speaker Pelosi.,https://twitter.com/laurenboebert/status/1317222299662209025
Wesley Hunt,"10/17/2020, 23:15:51","And since we‚Äôre on the topic, I‚Äôd encourage any of my fellow COVID survivors to join me in donating plasma for COVID patients. 
You can find more info here: https://t.co/BeBoDLrDzQ",https://twitter.com/WesleyHuntTX/status/1317605271108308994
David Young,"10/03/2020, 16:08:02",Early voting starts next Monday! Are you ready? Find helpful voting information below: https://t.co/HVLiFXXcv4,https://twitter.com/YoungForIowa/status/1312424180307103745
"Davis, Rodney","10/30/2020, 19:59:39",It wouldn‚Äôt be a visit to Calhoun County without a stop at one of its tremendous produce stores - Odelehr's in Brussels. I couldn‚Äôt pass up the opportunity to stock up on locally-produced products! https://t.co/wrSl65X83L,https://twitter.com/RodneyDavis/status/1322266939729784835
"Spartz, Victoria","10/30/2020, 15:57:00","""State Senator Victoria Spartz is being accused of passing legislation that would drain all wetlands and was for the benefit of her family, the legislation that was passed earlier this year does neither of the two."" 

https://t.co/ap9kK1vjjB",https://twitter.com/Victoria_Spartz/status/1322205873255702532
"Owens, Burgess","10/23/2020, 03:22:52",Another quick reminder for @JoeBiden that I'm still black.,https://twitter.com/BurgessOwens/status/1319479374211547136
"Hill, French","10/03/2020, 23:30:21","To hold the #ChineseCommunistParty #CCP accountable for their actions, we must end our dependence on China &amp; enhance our economic security. 

.@HouseGOP is leading efforts to move our supply chain out of China, increase U.S. manufacturing, and enact more free &amp; fair trade deals. https://t.co/9kcfpirRGG",https://twitter.com/RepFrenchHill/status/1312535491477032961
"Bice, Stephanie","10/06/2020, 15:00:00","üéôÔ∏è  ICYMI: I spoke with the @kfor Flashpoint team about how I will protect oil and gas jobs, find solutions for better healthcare for Oklahomans, and make sure your voice and CD-5 is best represented in Congress. #TeamBice
https://t.co/plw6DOqGIv",https://twitter.com/stephaniebice/status/1313494222981476354
"Fitzpatrick, Brady","10/07/2020, 16:51:08","Despite the steps towards peace that have been made, there are still plenty of entities that wish to harm Israel. It is so important that we support Israel and help to preserve its QME, to ensure the safety of the Israeli people and maintain stability in the region. (2/2) https://t.co/gFq0egHWkq https://t.co/LV99XJhMhb",https://twitter.com/RepBrianFitz/status/1313884577245655043
David Young,"10/07/2020, 22:23:44","From our senior senator, Chuck Grassley, who was in the room during the talks on the biodiesel tax credit. Doesn't sound like Cindy Axne was responsible for it as she claims she was. #IA03 #GrassleyWorks https://t.co/nsLDEHr5S9",https://twitter.com/YoungForIowa/status/1313968278730047490
"Fitzpatrick, Brady","10/28/2020, 17:22:37",I had the honor of joining the @PennridgeSD Board in honoring 6 heroes who are responsible for saving the life of a young student who went into cardiac arrest during marching band practice. https://t.co/0rAYEokYDV,https://twitter.com/RepBrianFitz/status/1321502646705049600
"Owens, Burgess","10/25/2020, 01:25:09",@MeghanMcCain happy birthday!,https://twitter.com/BurgessOwens/status/1320174525007319042
"Owens, Burgess","10/21/2020, 19:12:46",. @SenMikeLee is a brave defender of the Constitution and a fighter for the American Dream. I'm very proud to have his support. https://t.co/SGGeesMeGB,https://twitter.com/BurgessOwens/status/1318993648722259978
"Bacon, Don","10/27/2020, 02:51:24",@no_pdx @CB34sGolfSwing I signed on to the K2 Bill.,https://twitter.com/RepDonBacon/status/1320921008400961536
"Boebert, Lauren","10/29/2020, 12:48:52",Good Morning! Busy day ahead! I wonder if my opponent will be leaving the basement today.,https://twitter.com/laurenboebert/status/1321796141512577024
"Salazar, Maria Elvira","10/15/2020, 19:07:03","As a journalist, I‚Äôve spent my life seeking the truth, holding the powerful &amp; corrupt accountable &amp; fighting for justice.  Now I want to head to Washington to clean up #Congress &amp; fight for #TermLimits

It‚Äôs time our elected officials get back to working #ForThePeople 

#fl27 https://t.co/6M4IjScWKS",https://twitter.com/MaElviraSalazar/status/1316817883926757377
"Boebert, Lauren","10/26/2020, 14:51:21","Happy Birthday Hillary Clinton! For your birthday present, America gives you Justice Amy Coney Barrett! Hope it‚Äôs a fun one!",https://twitter.com/laurenboebert/status/1320739803453919237
"Owens, Burgess","10/27/2020, 05:16:28",The idea of Joe Biden packing the court should worry every American even slightly concerned about liberty.,https://twitter.com/BurgessOwens/status/1320957516356833280
"Steel, Michelle","10/09/2020, 15:35:00","Apparently cutting healthcare access for his employees wasn't enough -  @HarleyRouda also eliminated their retirement accounts. Orange County deserves better than a Congressman who doesn't believe in providing basic benefits to employees. 

https://t.co/LJimx60UYm",https://twitter.com/MichelleSteelCA/status/1314590191764398081
"Boebert, Lauren","10/26/2020, 20:36:26","Looks like I‚Äôm running against The Queen of Corporate Interests!

Well, she should enjoy that title because she‚Äôll won‚Äôt be called a Congresswoman anytime soon! https://t.co/ZN33qNNH0M",https://twitter.com/laurenboebert/status/1320826644777607173
"Davis, Rodney","10/26/2020, 14:56:03","I'm happy to share a virtual tour of the U.S. Capitol for my constituents to enjoy as in-person tours have been cancelled due to COVID-19 restrictions. I hope you find it interesting and informational!

https://t.co/8ECAAqwTEW",https://twitter.com/RodneyDavis/status/1320740985144516608
Jim Marchant,"10/15/2020, 15:01:56",I'm proud to have the endorsement of the Las Vegas Peace Officers Supervisors Association. https://t.co/Y98zeWsFTz,https://twitter.com/VoteJimMarchant/status/1316756199166087169
"Good, Bob","10/17/2020, 23:47:45","I am unequivocal in my support for our local law enforcement, and their support for me speaks volumes to voters concerned about public safety. I'm humbled to be endorsed by Rappahannock County Sheriff Connie Compton in this race. #VA05 https://t.co/jhi5gE08KB",https://twitter.com/GoodForCongress/status/1317613298813177857
"Fischbach, Michelle","10/16/2020, 19:17:33","I'm pleased to announce I've been endorsed by @FRCAction. Please donate today so I can fight for faith, family and freedom in Congress. #MN07 https://t.co/tFt409BCKv https://t.co/4jsuG3rAFC",https://twitter.com/FischbachMN7/status/1317182914388516865
Thomas Kean Jr.,"10/21/2020, 15:38:13","#WeVoted! Rhonda, Elizabeth and I dropped our ballots at our local secure ballot drop box last night, and with less than two weeks until #ElectionDay, make sure you vote soon too! #TeamKean #NJ07 #GOTV https://t.co/ltbpGydRIx",https://twitter.com/KeanForCongress/status/1318939655572758530
"Steel, Michelle","10/26/2020, 14:00:01","Despite Californians already paying some of the highest taxes in the nation, Harley Rouda:

Supports a 20% increase to payroll taxes for workers
Condones increasing property taxes
Wants to increase taxes on 401K retirement plans

Get the facts ‚Üí https://t.co/E2UzaWxDBf https://t.co/CqO38T9haD",https://twitter.com/MichelleSteelCA/status/1320726882581696513
Scott Taylor,"10/20/2020, 22:36:52",#debate. Let‚Äôs go üá∫üá∏! https://t.co/vI5oyGVs2k,https://twitter.com/Scotttaylorva/status/1318682625649922049
"Steel, Michelle","10/31/2020, 21:00:00","3 days left! We need all hands on deck to FLIP this TOP-TARGETED, TOSS-UP seat. Volunteer at the link below to help us WIN ‚¨áÔ∏è‚¨áÔ∏è‚¨áÔ∏è

https://t.co/kV84VQpUVt",https://twitter.com/MichelleSteelCA/status/1322644514142650369
Wesley Hunt,"10/16/2020, 15:13:01","Emily and I are praying for the family of Investigator Lemuel Bruce, who was killed in the line of duty this morning.

Our first responders risk their lives to protect our communities and we will always stand by them. 

https://t.co/L1mA8XjjhZ",https://twitter.com/WesleyHuntTX/status/1317121377384697858
"Mace, Nancy","10/08/2020, 19:05:55","1/ This is what you get with Nancy Pelosi running a Democrat Congress. Now, she's threatening to use the 25th Amendment to take out the President with just 26 days to go until the election.

This isn‚Äôt just outrageous, it's despicable.  

#LowcountryFirst

https://t.co/EHUekIU6I5",https://twitter.com/NancyMace/status/1314280885743693825
"Bacon, Don","10/06/2020, 21:35:02","It's a shame to see the talks fail. Certain parts of our economy need help now, no fault of their own. I worked with 25 Dems &amp; 25 GOP to build a compromise that worked and POTUS supported. Gridlock in DC hurts our nation and we proved this can be solved.
https://t.co/xcLEchP863",https://twitter.com/RepDonBacon/status/1313593633422147587
"Van Duyne, Beth","10/17/2020, 14:17:59","#AmyConeyBarrett's #SCOTUS confirmation should be swift because she is impeccably qualified and will serve¬†as an outstanding jurist, even if it makes Democrats angry that she refuses to live by their rules.¬†https://t.co/5Ed2x6rSKl",https://twitter.com/Bethvanduyne/status/1317469914073096192
"Van Duyne, Beth","10/13/2020, 17:49:50",Thank you so much for the help! Remember Early Voting started today and you can find a polling location near you at https://t.co/SdMAxvlIq6 https://t.co/PTZUhBm7tw,https://twitter.com/Bethvanduyne/status/1316073675704205315
"Mace, Nancy","10/27/2020, 23:43:34","Today I joined the Charleston Rotary Club for their Candidate Forum! 

With #ElectionDay just a week away, I‚Äôm glad we met one last time to talk about what Lowcountry folks truly care about - lower taxes, better healthcare, and clean water.

Thank you for inviting us both! ‚ù§Ô∏èüá∫üá∏üá∫üá∏ https://t.co/QEG6ZYhGv2",https://twitter.com/NancyMace/status/1321236126925991936
Scott Taylor,"10/21/2020, 15:33:07",Our oysters are the best in the world. #ESVA. #virginia https://t.co/BwJyoxQhVz,https://twitter.com/Scotttaylorva/status/1318938374061936642
"Bice, Stephanie","10/21/2020, 23:06:15","If you need copies of your ID made, or a notary signature, each of these churches is open tonight to assist you. Drive by and they will meet you at your car to assist you! https://t.co/ZCvHvz43av",https://twitter.com/stephaniebice/status/1319052408861970433
David Young,"10/24/2020, 15:51:02","ONLY 10 DAYS until Election Day! Make sure to make your voice heard this election, and VOTE DAVID YOUNG for Iowa's Third District! #IA03 https://t.co/5WuGgkrRrH",https://twitter.com/YoungForIowa/status/1320030045587542017
"Fischbach, Michelle","10/22/2020, 18:25:44","Yesterday, I joined Steve Hallstrom (@FlagPrez ) on¬†@theflagwzfg to discuss the top issues for Minnesota voters ahead¬†of the November 3 election: the economy and law and order. Listen here:¬†https://t.co/AmEGKKS45z¬†#mn07",https://twitter.com/FischbachMN7/status/1319344201574875142
"Roy, Chip","10/27/2020, 14:18:50","a strong understanding of the Constitution, and an unflappable demeanor that will serve the Court well.

Not only is Barrett a fantastic judge and legal mind, she‚Äôs also an individual dedicated to her family and her faith. For that, @SenateDems spent weeks trying to ...",https://twitter.com/RepChipRoy/status/1321094005422252033
David Young,"10/04/2020, 18:42:01",Wishing everyone across Iowa a safe and blessed Sunday! https://t.co/dA4euvx7Ay,https://twitter.com/YoungForIowa/status/1312825318852497409
Scott Taylor,"10/28/2020, 12:32:17","""Aspirational"" @ElaineLuriaVA on the Green New Deal. https://t.co/Y6IA7XyZXm",https://twitter.com/Scotttaylorva/status/1321429578473185280
"Boebert, Lauren","10/11/2020, 19:14:05",How can some liberal in Silicon Valley determine the President‚Äôs health is fake news? https://t.co/gbBoe6ICin,https://twitter.com/laurenboebert/status/1315370104314568705
"Boebert, Lauren","10/08/2020, 21:44:29","Ballots go out TOMORROW in my district!

I‚Äôm under massive attack from the socialist left &amp; their media allies.

I need your help today to get this  campaign for freedom across the finish line.

Donate today! It‚Äôs go time!
https://t.co/AzCr1EXv8S",https://twitter.com/laurenboebert/status/1314320790230360066
"Fitzpatrick, Brady","10/21/2020, 13:46:57","I joined Experience Yardley for the unveiling of the ‚ÄúGreetings from Yardley‚Äù mural. 

I am proud to have local artists like Toni Napoli heading up the mural along with several other local painters from our community. https://t.co/WdwipvdmPE",https://twitter.com/RepBrianFitz/status/1318911653661057024
David Young,"10/30/2020, 19:54:13",Election Day is just a few days away! Have you voted yet? Make sure to make your voice heard this election - our state and nation are depending on it! #IA03 https://t.co/HVLiFXXcv4 https://t.co/lAXJFLfouq,https://twitter.com/YoungForIowa/status/1322265571476594688
"Fitzpatrick, Brady","10/22/2020, 20:28:36","Thank you to everyone who participated in this roundtable. 

I am glad that you have provided me an opportunity to hear your concerns and learn how we can best assist. https://t.co/UdOYb2TcEE",https://twitter.com/RepBrianFitz/status/1319375123804246017
"Mace, Nancy","10/04/2020, 22:30:00","Are you ready for Round 2? ü•ä 

ABC4 is hosting our second Congressional debate TUESDAY, OCTOBER 6th at 7 PM!

STAY TUNED for more information on where to watch üì∫

#LowcountryFirst #NewNancy #SC01 #TeamMace #SCPol https://t.co/maZVBkLFIa",https://twitter.com/NancyMace/status/1312882691101151232
"Hagedorn, Jim","10/09/2020, 15:20:26","READ my op-ed in @FboNews about the long overdue infrastructure win (50 years in the making) we secured for #MN01 through approval of the @USDOT grant that will help us complete the #Highway14 Corridor from Nicollet to New Ulm.
https://t.co/b3ch600T31",https://twitter.com/RepHagedorn/status/1314586526727188482
Scott Taylor,"10/26/2020, 22:22:07",Truth https://t.co/PlrP5S4dcD,https://twitter.com/Scotttaylorva/status/1320853238791442432
"Chabot, Steve","10/13/2020, 17:50:02",Be sure to tune in to @GovMikeDeWine's #COVID19 press conference on the https://t.co/KDHeS6ytJE at 2 p.m. for updates and information.,https://twitter.com/RepSteveChabot/status/1316073726673391619
"Hagedorn, Jim","10/13/2020, 17:00:54",Happy 245th birthday to our fantastic @USNavy! Thanks to all who have served over the years to protect and promote freedom in America and throughout the world. üá∫üá∏ https://t.co/JIwpp7jElD,https://twitter.com/RepHagedorn/status/1316061361806495744
"Mace, Nancy","10/07/2020, 23:09:52",Video credit: @ABCNews4,https://twitter.com/NancyMace/status/1313979888806883330
Alek Skarlatos,"10/14/2020, 20:35:04",@AdamFreeman45 Thank you so much @AdamFreeman45!,https://twitter.com/alekskarlatos/status/1316477647392706560
"Bice, Stephanie","10/22/2020, 14:30:00","Recently I had the chance to share my views and ideas for Oklahoma‚Äôs 5th District. As a lifelong Oklahoman, I am committed to serving #OK05 and being a conservative voice for you in Congress. Check out my goals for legislation and vision for this district!
https://t.co/OkYmIKMGHZ",https://twitter.com/stephaniebice/status/1319284875992719360
"Van Duyne, Beth","10/20/2020, 17:51:01","2004 to 2020. So much has changed, but my dedication to working every day to make our community better hasn‚Äôt. #tx24 #howitstartedvshowitsgoing https://t.co/1rGOgghT2s",https://twitter.com/Bethvanduyne/status/1318610687371993088
"Upton, Fred","10/20/2020, 23:42:26","We are 14 days away from the election, after which the prospect of moving COVID-19 relief is very dim until February. Every day that passes is a missed opportunity to deliver relief for those in need. The @ProbSolveCaucus &amp; I are encouraging negotiators to STAY AT THE TABLE. https://t.co/UMtibMLBJZ",https://twitter.com/RepFredUpton/status/1318699124590579718
"Hagedorn, Jim","10/05/2020, 15:50:43","Be sure to register for the @MnmeUs virtual Stand Down for Veterans event on October 29. This is a great event that helps American heroes in their transition back to everyday life. Learn more: 

https://t.co/joPIZaYg9A",https://twitter.com/RepHagedorn/status/1313144595216248832
Jim Marchant,"10/26/2020, 21:59:06","‚ÄúI endorsed Jim because he fought for Nevada and will fight for YOU in Congress. He will protect 2A, Back the Blue, and fight to keep our Liberties.‚Äù - Leo Blundo Nye County Commissioner https://t.co/ExehXQsyw1",https://twitter.com/VoteJimMarchant/status/1320847449460793355
Alek Skarlatos,"10/14/2020, 17:42:54","Today I will be on KQEN in Roseburg at 12:30 PM 
Listen live here üëâ (https://t.co/rTDZaDroe4)

And will join Lars Larson in the one o'clock hour
Listen live here üëâ (https://t.co/r5PBPFV2bZ)

#FlipThe4th #OR04 #Alek2020 #DumpDeFazio #BEATPETE",https://twitter.com/alekskarlatos/status/1316434318932148224
"Boebert, Lauren","11/02/2020, 12:38:30","Word of the Day: Socialism¬†¬†¬†¬†¬†¬†¬†

Definition: the equal sharing of misery.",https://twitter.com/laurenboebert/status/1323243082729611265
"Boebert, Lauren","10/28/2020, 16:22:40",I‚Äôm ready to turn on the TV and hear nothing but ‚ÄúHUNTER! HUNTER! HUNTER!‚Äù the same way we heard ‚ÄúRUSSIA! RUSSIA! RUSSIA!‚Äù for three years.,https://twitter.com/laurenboebert/status/1321487556916219905
"Steel, Michelle","10/10/2020, 21:30:00",#PSA: Harley Rouda raised your taxes (even when he didn‚Äôt pay his) #PayYourTaxesRouda #CA48 https://t.co/E2UzaWg2cF https://t.co/0X1Bch5815,https://twitter.com/MichelleSteelCA/status/1315041919236407296
"Boebert, Lauren","10/05/2020, 21:26:33","I agreed to debate Diane at Club 20.

She refused.

The debate moderator is disappointed.

Her own supporters are too. 

The people of CO-03 deserve better.  https://t.co/rTUqpJ7aSn",https://twitter.com/laurenboebert/status/1313229110018277376
"Steel, Michelle","10/15/2020, 13:29:24","Harley Rouda spent the week spreading lies and suppressing the vote of churchgoers and minorities. Meanwhile, he has been setting up his own secretive ballot drop off operation.

It's all hypocrisy and lies from @HarleyRouda. 

https://t.co/h9JbQRmfeu",https://twitter.com/MichelleSteelCA/status/1316732910683258880
"Good, Bob","10/27/2020, 22:49:34","Thanks, @RudyGiuliani, America's Mayor! https://t.co/8uXLBwJ4sq",https://twitter.com/GoodForCongress/status/1321222536970096642
Wesley Hunt,"10/10/2020, 22:07:01","From voting to overturn Texas' Right to Work Law to regulating our businesses into bankruptcy, Lizzie Fletcher has failed our small businesses. https://t.co/4eUHOIGcOy",https://twitter.com/WesleyHuntTX/status/1315051236379561985
"Fitzpatrick, Brady","10/29/2020, 20:41:05","The final @USFWS gray wolf #ESA delisting rule is a step in the wrong direction.

#EndangeredSpeciesAct protections are still essential to help #wolves recover and return to more of the areas where they once lived. 

I urge @Interior and @USFWS to reverse course immediately.",https://twitter.com/RepBrianFitz/status/1321914978379665409
"Bice, Stephanie","10/15/2020, 18:37:26","@sloan_alex @RepKendraHorn @CountywideSun Thank you, Alex!",https://twitter.com/stephaniebice/status/1316810431919513600
