Christine Olivo,"10/19/2020, 23:16:17",It‚Äôs really concerning that most members of the left aren‚Äôt speaking out in support of dropping all charges against Julian Assange. I for one will not stay silent #FreeAssange,https://twitter.com/Christinefor24/status/1318330158189772802
Andrew Olding,"10/23/2020, 02:17:46",Yup. https://t.co/EYbdZ5VlGN,https://twitter.com/AndrewOlding/status/1319462991625060352
Michael Rufo,"10/31/2020, 00:30:21",https://t.co/3UAI2Vrx3A https://t.co/U5Il2tfyUI,https://twitter.com/rufo4congress/status/1322335065171517441
Rae Hart Anderson,"10/19/2020, 16:25:05",Left out lefties are getting provoked when truth is SPOKEN? https://t.co/VYcag8mun3,https://twitter.com/GodisHere2day4U/status/1318226673310027776
Robin Dominick,"10/23/2020, 07:01:46",@TheMongoose0861 It's not even sharp,https://twitter.com/RobinRD4MO/status/1319534461873131520
Robin Dominick,"10/10/2020, 18:09:29","@gfyFEMAr1 @skich @AncoreAggarwal I still back slide at times. 

Well maybe if....

No. 
It's not gonna work.
It's ALL gotta go",https://twitter.com/RobinRD4MO/status/1314991459339317248
Ada Norah Henriquez,"10/12/2020, 14:58:31",Watch Live: Confirmation Hearing for Amy Coney Barrett - The New York Times https://t.co/XTa5uAPwIe,https://twitter.com/AdaHenriquez1/status/1315668176961667072
Robin Dominick,"10/07/2020, 07:46:45",@PocketSandThrwr Took me way too long to find this meme. I need to sort things and put them in folders https://t.co/xeYRZjDV8J,https://twitter.com/RobinRD4MO/status/1313747576974454787
Robin Dominick,"10/16/2020, 20:07:02",@Unironic_AnCap @JoshuaAtLarge @LibertariansJoe @fightgovernment They were a good group til dude got obsessed with DS and the LPMC,https://twitter.com/RobinRD4MO/status/1317195366190678017
Kenneth Tucker,"10/09/2020, 00:59:59",@RepJimBanks @washingtonpost @CNN I can‚Äôt believe you‚Äôre an elected official,https://twitter.com/aguyfromindiana/status/1314369989034545152
Joel Anabilah-Azumah,"10/23/2020, 05:52:10",@lauraneckstein @jacobkornbluh I am waiting on the Washington Post's article on the 3 million people inside China's concentration camp system. Will I be a skeleton before I see it?,https://twitter.com/JoelAzumah/status/1319516947827073024
Robin Dominick,"10/04/2020, 02:25:20","@joshland Yup
The cop who ""accidentally"" went into the wrong apartment in Dallas.",https://twitter.com/RobinRD4MO/status/1312579526795419650
Robin Dominick,"10/06/2020, 21:08:58",@HonestAbeLunt @NineCato @PocketSandThrwr Accurate,https://twitter.com/RobinRD4MO/status/1313587075522932737
Victoria Alexander,"10/23/2020, 23:47:34",Have you ever considered that you may be on the wrong side? https://t.co/zc5Xeshy0z,https://twitter.com/Alexander4Cong1/status/1319787581341462528
Michael Rufo,"10/07/2020, 22:29:35","If you‚Äôve ever thought about running for office or want to start volunteering on campaigns, if you think @GovMurphy and his tyrant cronies have to go and you want to learn how we can do it:

I, HIGHLY, recommend going to the Newark or Philly @YALiberty Liberty Candidate Academy!! https://t.co/VpJeKzYu27",https://twitter.com/rufo4congress/status/1313969751148965888
Harry Burger,"10/31/2020, 16:13:38","Can verify, was one of those people.
""Keep the pen, I just need you to fill out the signature spot yourself, everything else has to match the BoE record exactly &amp; I have that."" https://t.co/coZtFDXrzZ",https://twitter.com/HarryRBurger/status/1322572446713712640
Kenneth Cody,"10/12/2020, 14:24:02",Please share and help our candidacy!  We are a grassroutes campaign that does not accept contributions or PAC money. Spread our message and let's get big money out of politics. https://t.co/X9MS3WQiQI,https://twitter.com/Cody4CongressNJ/status/1315659496333758464
Christine Olivo,"10/03/2020, 03:18:09","@LittlestForce thank you for following me! By any chance would you be willing to donate $4 or even $1 to my campaign? I‚Äôm fighting for Medicare for all, UBI, a $15 minimum wage and much more! https://t.co/EutMQChl1n",https://twitter.com/Christinefor24/status/1312230430800777217
Christine Olivo,"10/18/2020, 23:22:12","@Doctor_Doolittl Thank you for following me! By any chance would you be willing to donate $5 or even $1 to my campaign? I‚Äôm fighting for Medicare for all, UBI, legalizing marijuana, the freedom of Julian Assange and much more! https://t.co/EutMQChl1n",https://twitter.com/Christinefor24/status/1317969257490243585
Christine Olivo,"10/03/2020, 15:22:41",@BernieSanders The rich must pay their fair share!,https://twitter.com/Christinefor24/status/1312412767874420736
Harry Burger,"10/21/2020, 04:12:39","@ewsrnb @ClintSmithIII I'm running for Congress to, among other things, put a stop to these atrocities. This, plus forced sterilization, these are war crimes, yet there's this: https://t.co/CcUIGk2mGc",https://twitter.com/HarryRBurger/status/1318767128946892801
Bekah Congdon,"10/16/2020, 20:10:01",He must. &lt;3 https://t.co/0yCNb4YzAK,https://twitter.com/LibertyBeks/status/1317196116165861376
Harry Burger,"10/21/2020, 05:07:21","@kthibs @ClimateHuman Because the Establishment is in the pocket of Big Oil. Especially since Citizens United, they buy their way to power, Blue &amp; Red both. What you're taking about is exactly our #GreenNewDeal plan.",https://twitter.com/HarryRBurger/status/1318780894933635072
Phil Kurtz,"10/14/2020, 17:45:00",Can you help me in the final days of my campaign? Even a few dollars will help me bring my Liberty message to the voters of TX CD29. Please Retweet and Like and Follow me. https://t.co/oySUdQYiKj https://t.co/vbLuxbVx3H,https://twitter.com/PhilKurtz3/status/1316434846651215872
Christine Olivo,"10/17/2020, 17:09:11","Do you want another representative who will fight for Julian Assange‚Äôs freedom while in office? If so, please donate $2 today using the link in my bio.

#FreeAssange",https://twitter.com/Christinefor24/status/1317512997321965568
Tim Kelly,"10/22/2020, 13:19:16",Congratulations to Amy Coney Barrett on being unanimously advanced to the full Senate for her confirmation as our next Associate Justice.,https://twitter.com/timothykelly/status/1319267077925015559
Robin Dominick,"10/14/2020, 02:23:29","https://t.co/mMyt2Ej50W

Love both @PeterRQuinones &amp; @scotthortonshow 

Honestly I try to avoid thinking about how we were lied into these wars bc I might be the next Dorner or Kaczynski if I do. 
I lost friends in war and to suicide bc of these lies. 
Fuck ALL of the presidents",https://twitter.com/RobinRD4MO/status/1316202941309612033
Jon Dillard,"10/20/2020, 16:32:14",@JohnCornyn That's the exact same number Hillary beat Trump with in 2016.,https://twitter.com/JonDillard_TN8/status/1318590863384186891
Robin Dominick,"10/18/2020, 23:17:55","@wooknponub @ElusiveFred Buffet

And evening snacks and 3 free drinks per adult",https://twitter.com/RobinRD4MO/status/1317968180996984833
Albert Oram,"10/29/2020, 23:14:50","And while an average of 1,000 people die each day, at his rallies Trump just bemoans that a virus interrupted his show, saying nothing about its devastating impact on Americans.

Whether he wins the election or not, in history Trump is a LOSER.

https://t.co/UZkF2cLhVR",https://twitter.com/RealMaverickUSA/status/1321953671169609728
Wacey Alpha Cody,"10/06/2020, 00:46:22","@txprolake @jonmarkhogg @AugustPfluger @ShelbySlawson @DrBuckinghamTX @TuckerforTexas Free market, supply and demand.
Say gas is $2.50/gal. I use 1 gal both ways to work. $100 per month is freed up to spend on internet, if I no longer commute to work. It becomes very valuable for service providers to compete for my business.",https://twitter.com/WaceyCody/status/1313279396783026176
Rae Hart Anderson,"10/30/2020, 17:48:32","Prayer is admitting we need help. . . often right now!! Pray before you quiet down, or quit or plan our own demise.  You have a heart beat!  You have a future! Expect more life and ASK FOR  WISDOM TO APPRECIATE YOUR OWN HEART BEAT.  There is more peace, hope and joy. . . #EXPECT!",https://twitter.com/GodisHere2day4U/status/1322233941751812096
Andrew Olding,"10/13/2020, 15:47:30",@kylegriffin1 How does it imply that? I have never once in my life took sexual preference to mean anything other than it's literal definition.,https://twitter.com/AndrewOlding/status/1316042889470894081
Michael Madrid,"10/21/2020, 22:22:20","@joshdr83 @JesseJenkins yes. I really wasn't meaning to stir up quite the firestorm which resulted, though certainly a spirited discussion.

Out of curiosity, do you think labor cost has had any effect on the Texas renewables story or mainly other factors like tech and the infrastructure you mentioned?",https://twitter.com/madrid4nyc/status/1319041354077507585
Charleston Malkemus,"10/08/2020, 23:58:31",@BocaCann Our Platform has three major Agendas. Here is quick summary of Agenda one: https://t.co/KxVeeVgIPE and getting us out of these crises.,https://twitter.com/VoteCharleston/status/1314354517891338241
Robin Dominick,"10/19/2020, 09:57:10","@judiannrocks When you don't have time for self care, you can't spread your light to others.
Make sure to recharge your own battery.",https://twitter.com/RobinRD4MO/status/1318129052386021376
Andrew Olding,"10/11/2020, 01:30:34",@ToddHagopian should come to @PorcFest next year.,https://twitter.com/AndrewOlding/status/1315102460046958592
Mark Bauer,"10/13/2020, 03:00:27","@asymmetricinfo I experienced this. And have over the last few years actively worked to combat it -- now, I'm always on the lookout for new music (or art in general).",https://twitter.com/MarkBauer/status/1315849856762740738
Alyse Galvin,"10/22/2020, 20:31:17","Watch me debate Don Young TONIGHT! 

Tune in at 8pm to learn about the ideas and experience I will bring to the table as our first Congresswoman. 

You can submit your questions for us by replying to the tweet below ‚¨áÔ∏è‚¨áÔ∏è https://t.co/sRejNeV14c",https://twitter.com/AlyseGalvin/status/1319375797166112768
Robin Dominick,"10/22/2020, 09:42:52","@istacksilver If it had been wrapped to the pallet like it's supposed to be, it wouldn't matter.

I had something similar happen, but with explosives. 
Had to hand unload 3/4 of it. 
Some asshole on the PA turnpike jumped in front of me while I was already braking to avoid a wreck",https://twitter.com/RobinRD4MO/status/1319212617076858880
Michael Rufo,"11/02/2020, 19:22:56",Here goes twitter and @jack trying to tell everybody how to think again...smh... https://t.co/62JNuvFJSP,https://twitter.com/rufo4congress/status/1323344861047697409
Jon Dillard,"10/12/2020, 20:35:35",@TNAgriculture @USDA @FarmersGov @usdafsa @USDA_AMS https://t.co/LDEXBVOV7x,https://twitter.com/JonDillard_TN8/status/1315752998635737089
Albert Oram,"10/05/2020, 13:40:25","@realDonaldTrump's inept leadership is undermining the U.S.'s reputation and endangering the country.

And @mattgaetz is his enabler.

https://t.co/UknfwTeO2w",https://twitter.com/RealMaverickUSA/status/1313111805938499587
Zayira JordÔæÉÔΩ°n Conde,"10/16/2020, 12:28:15","Ahora m√°s que nunca, el gob tiene que hacer sus plataformas digitales accesibles para personas con discapacidades. Las personas con disc visuales usan lectores en sus dispositivos q necesitan que el contenido cumpla con las gu√≠as WCAG. Es la ley. https://t.co/3OfSVV9X7f",https://twitter.com/drajordanconde/status/1317079911446753280
Andrew Olding,"10/13/2020, 12:38:04","@Tappy_1995 I mean, do you wanna keep up the lizard person persona? I think @HillaryClinton and her people can tell it's not real, so who is it for?",https://twitter.com/AndrewOlding/status/1315995219037429765
Tim Kelly,"10/14/2020, 20:24:47","I‚Äôve been retweeting several items related to Twitter and FB‚Äôs suppression of Hunter Biden news. Seems his father, Joe Biden, has indeed discussed foreign business with his son. Joe has repeatedly told the American people the opposite. Big tech is interfering with the election!",https://twitter.com/timothykelly/status/1316475057003257856
Andrew Olding,"10/04/2020, 22:01:19",@Sitchrea @LPNH @RichardManzoNH @nsarwark @ODonnell4NH We were outside. We socially distanced.,https://twitter.com/AndrewOlding/status/1312875472959795200
Robin Dominick,"10/31/2020, 21:29:13","Ok now there's 15, but I'm almost done.",https://twitter.com/RobinRD4MO/status/1322651868196229120
Steve Greenfield,"10/24/2020, 11:38:01","@WMHTPubMedia @gpny @badler @JimmyVielkind @Alexander4Cong1 Dan Clark &lt;Dclark@wmht.org&gt;
Fri, Jul 31, 1:31 PM
to GreenfieldForCongress@gmail.com
Hello, I'm reaching out because WMHT/PBS is organizing a debate for New York's 19th Congressional District. We'd like to extend an invitation for Mr. Greenfield to participate in the debate as the",https://twitter.com/Greenfield4NY19/status/1319966372932222976
Harry Burger,"10/19/2020, 06:00:50","Funny, my whole idea is ""People &amp; Planet over Profit.""
Judge a nation not by the wealth of its elite, but by how it cares for the poor. https://t.co/VNehVv7ok7",https://twitter.com/HarryRBurger/status/1318069576408719367
Justin Paglino,"10/28/2020, 01:49:14","@lackboys3 Yes I agree with you. I‚Äôm not your enemy. I‚Äôm just ambitious in wanting to end all forms of prejudice.  Just thinking big.  Hope you are with me. This is a noble goal, not in any way a negation of the fact that antisemitism is horrific. All lives matter IS a negation of BLM.",https://twitter.com/justin4all2/status/1321267752020172811
Robin Dominick,"11/02/2020, 11:13:55",Has everyone gotten their last minute shopping done?,https://twitter.com/RobinRD4MO/status/1323221796372520965
Christine Olivo,"10/14/2020, 21:03:55",@HeatherWaetzig Thank you so much üíï,https://twitter.com/Christinefor24/status/1316484904721543174
Robin Dominick,"11/02/2020, 08:06:59","@PoSt0nerDegen @Sgt_Skillcraft I'm not a fan of how wolf spiders carry 200 babies on their back, but we keep a few in the basement and garage to keep other bugs out. 
We feed them crickets and moths til they get big.",https://twitter.com/RobinRD4MO/status/1323174754443005952
Jonia Broderick,"10/15/2020, 01:39:58",@AGruwell I‚Äôm so happy you‚Äôve taken on this campaign. Utah really needs you!,https://twitter.com/teamjonia2020/status/1316554374856937472
Robin Dominick,"10/10/2020, 22:15:34","@unrealAnnaAdams @TheMongoose0861 F
Fuck",https://twitter.com/RobinRD4MO/status/1315053387780624393
Steve Greenfield,"10/31/2020, 12:45:47","I keep telling liberals ""your argument only works for other liberals, to non-liberals, you just sound Pavlovian, and in safe states, you sound like a nut."" https://t.co/uob0XPoBkz",https://twitter.com/Greenfield4NY19/status/1322520142698434560
Robin Dominick,"10/09/2020, 19:44:55","Had another drunk friend try to turn on a ""speaker"" by pressing the button..
It was one of those Glade timer things. 
Got some lavender mist to the face.
üòÇ",https://twitter.com/RobinRD4MO/status/1314653086682681345
Michael Rufo,"10/21/2020, 16:47:40",@Sara_Razi29 @YALiberty Alright!!!  Congrats Sara!,https://twitter.com/rufo4congress/status/1318957136295186433
Tommy Wakely,"10/27/2020, 14:19:15","The ocean plays a crucial role in regulating earth's climate since it absorbs an estimated 90% of the planet's heat. But as it absorbs more heat &amp; gradually warms, the water molecules expand, leading to rising sea levels &amp; more intense hurricanes #TX21  https://t.co/N8d5f227lu",https://twitter.com/Wakely2020/status/1321094112821600258
Albert Oram,"10/30/2020, 00:15:14","""The only thing worse than a liar is a liar that's also a hypocrite! ‚Äì Tennessee Williams

Trading on the family name hypocrisy:

""Ivanka Trump and Jared Kushner work in the White House along with Giuliani‚Äôs son and Barr‚Äôs son-in-law.",https://twitter.com/RealMaverickUSA/status/1321968872061308928
Kevin David Kahn,"10/17/2020, 20:29:50","2 1/2 hours until the candidate round table.  Looking forward to taking questions tonight and discussing to reach a world set free in our lifetime.
#Kahngress2020 https://t.co/QIKQhxZPnK",https://twitter.com/Kahn4C/status/1317563493399302147
Christine Olivo,"10/18/2020, 20:47:20",It‚Äôs almost game time! https://t.co/tEOXLM3hnu,https://twitter.com/Christinefor24/status/1317930285103640576
Tommy Wakely,"10/25/2020, 21:55:53","Given that my Dad &amp; his sister were born &amp; grew up in Santiago, Chile this vote is of particular interest to me #TX21. How will ‚Å¶@wendydavis‚Å© treat our southern neighbors is pretty clear. She will treat them with indifference ‚Å¶@indivisibleATX‚Å©  https://t.co/QvHyn1Zdao",https://twitter.com/Wakely2020/status/1320484250324471809
Jon Dillard,"10/12/2020, 19:48:47",@VoteMarsha Anti China rhetoric is putting American jobs in jeopardy. https://t.co/j5yZjwPt1W,https://twitter.com/JonDillard_TN8/status/1315741224498851847
Robin Dominick,"10/17/2020, 18:55:26",@RareCamellia I have fleece leggings üòÑ,https://twitter.com/RobinRD4MO/status/1317539738396418049
John Molnar,"10/13/2020, 03:09:05",@mjboroski Revan,https://twitter.com/Gear6A/status/1315852028334108672
Phil Kurtz,"11/02/2020, 18:42:36",ELECTION DAY IS UPON US! https://t.co/oySUdQYiKj https://t.co/JHRovHYldb,https://twitter.com/PhilKurtz3/status/1323334713998716928
Andrew Olding,"10/19/2020, 04:21:07",@HollisGOP @SteveNegronNH You guys at least want to get a beer after we lose?,https://twitter.com/AndrewOlding/status/1318044481468366848
Harry Burger,"10/03/2020, 00:39:49","@Fiorella_im @wrkinclass4evr Oligarchy.
Duopoly ignores the fact they're both puppets with the same corporations &amp; megadonors pulling their strings https://t.co/QwAW7HYrw5",https://twitter.com/HarryRBurger/status/1312190583356579840
Christine Olivo,"10/20/2020, 04:25:47","@ricardolyfe Thank you so much, I truly appreciate it üå∫ü•≥",https://twitter.com/Christinefor24/status/1318408045337153536
Robin Dominick,"10/07/2020, 10:45:31","@BullshidoPol üò≠ 
Just @ me",https://twitter.com/RobinRD4MO/status/1313792567348260865
Kevin Wilson,"10/14/2020, 13:55:17","How about, why won't George and Joe do a debate where I'm included? Why did they opt out of the @WXXINews debate? Voters deserve hear a policy discussion with everyone on the ballot. Many are looking for options outside Reps and Dems. https://t.co/9wIdKISoW9",https://twitter.com/KevinWilsonROC/status/1316377036219445248
AnÔæÉÔΩ≠bal Acevedo VilÔæÉÔΩ°,"10/15/2020, 12:00:43","Podcast de An√≠bal - Jueves, 14 de octubre de 2020 ¬°Dale Retweet! https://t.co/TDUfjkjfM2",https://twitter.com/anibalacevedo/status/1316710592204337155
"Joseph LeBlanc, Jr.","10/19/2020, 23:48:56",The electoral college is the sum of US Reps+2(the number of senators for each state) this was a compromise to ensure small pop states still got a voice for pres. and to ensure 1 party domination of the presidency wouldn't occur. Each state decides how they vote for their EC votes,https://twitter.com/PieRatKing/status/1318338375586402304
David Krucoff,"10/26/2020, 13:30:58","The Ward 1 Early Voting Centers are:

Columbia Heights Community Center, 1480 Girard St. NW
Prince Hall Center, Masonic Temple, 1000 U. St. NW
Marie Reed Elementary School, 2201 18th St. NW

Vote David Krucoff for DC Delegate. Thank you.",https://twitter.com/dkrucoff/status/1320719572899635200
Harry Burger,"10/31/2020, 18:31:48",@goldbrg Why indeed... @NYC_SocialistRA I'm pretty sure is on board.,https://twitter.com/HarryRBurger/status/1322607218739552256
George Gluck,"10/13/2020, 17:40:06","For those of you who enjoyed hearing Michael Moore ‚Äútell the truth and the whole truth‚Äù on MSNBC, please listen to him ‚Äútell the whole truth‚Äù (or about as close as we can get, without asking more questions) on his latest podcast! https://t.co/HaFBE4CVcz",https://twitter.com/Gluck4Congress/status/1316071227186917381
Michael Rufo,"10/24/2020, 20:00:06","Imagine being a Libertarian &amp; still defending @GovBillWeld as a solid choice &amp; a Libertarian.

Imagine trying to compare him to @RonPaul!

Imagine saying 2 hours spent fundraising THOUSANDS of dollars at the LP national convention is an unproductive waste of time.

@LPMisesCaucus",https://twitter.com/rufo4congress/status/1320092727267233795
Catherine Purcell,"10/18/2020, 04:08:04",@noapologies42 @JoyceRegan4 @HillaryClinton The trolls are out in full force.,https://twitter.com/Catheri45538542/status/1317678810435911690
Michael Rufo,"10/11/2020, 15:00:20","Unless your a female hockey player and @GovMurphy ignores the science on the safety of playing hockey.

Then he believes he owns you and can dictate your life to you. 

#LetThemPlay 

Dictating is not leading. Mandates are not support. 

#AuthoritarianPhil https://t.co/oqGK46ClC5 https://t.co/NvwN0PdZBb",https://twitter.com/rufo4congress/status/1315306245646147584
Dennis Grace,"10/20/2020, 18:06:55",@katejbolz @OWHnews Funny how that happens when they actively leave your competition off the official Election Guide.,https://twitter.com/thedennisgrace/status/1318614689790779398
Mark Bauer,"10/07/2020, 04:58:04",Texas‚Äô 38 electoral votes going to Biden in November. Count it üó≥ https://t.co/hyuv2PIEZ6,https://twitter.com/MarkBauer/status/1313705125387669506
Michael Rufo,"10/31/2020, 01:44:31","I can name all but half the town council. 

I need to be better at home. Time to start going to council meetings. So you there Jackson GOP. üòâ

How about you? How many can you name? https://t.co/58Kk04xMXC",https://twitter.com/rufo4congress/status/1322353726905028608
Tommy Wakely,"10/08/2020, 01:31:33","This is the home @wendydavis plans to buy when the #ClimateEmergency turns into a #ClimateCatastrophe as a result of her refusal to listen to climate scientists when they say ban fracking NOW #TX21 The rich will survive. The rest of us, who knows? @SierraClubAlamo @LoreleiLadily https://t.co/lkBPBEr8pG",https://twitter.com/Wakely2020/status/1314015543914102784
Steven Kolln,"10/22/2020, 15:41:14","NPR has always been on the same level of fake news as CNN, ABC, and MSNBC. Finally more people are waking up https://t.co/7nUwaqqnGA",https://twitter.com/stevenkolln/status/1319302801839841281
Andrew Olding,"10/06/2020, 02:05:56",@RichardManzoNH Were you hanging out with Cam?,https://twitter.com/AndrewOlding/status/1313299419849265152
AnÔæÉÔΩ≠bal Acevedo VilÔæÉÔΩ°,"10/29/2020, 12:31:00","A 5 d√≠as de las elecciones, @Jenniffer2012 todav√≠a no es parte de esta administraci√≥n. Lamentable. #DebateWAPA https://t.co/UITbIhP85d",https://twitter.com/anibalacevedo/status/1321791644329529346
Robin Dominick,"10/12/2020, 21:44:56",@NotSweetDeeSez Eh.. Maybe 10 years ago when I didn't look like this https://t.co/lyzcopanVr,https://twitter.com/RobinRD4MO/status/1315770452770541569
Kenneth Tucker,"10/03/2020, 19:53:19",Another day on the road and talkin to anyone to make sure they #countusin #IN05 https://t.co/6oVBjH1JhK,https://twitter.com/aguyfromindiana/status/1312480872277315584
Harry Burger,"10/18/2020, 19:43:42","They don't want you to realize they already borrowed from these funds illegally &amp; a judge ordered them to pay it back; voting ""yes"" is giving them a get-out-of-jail-free card. They want to kick the can down the road, but that can is full of human waste, liable to break open.",https://twitter.com/HarryRBurger/status/1317914270831644672
Kenneth Tucker,"10/23/2020, 22:25:22",@Rettig_set_go @MomsDemand When will this end?,https://twitter.com/aguyfromindiana/status/1319766893163696128
Jon Dillard,"10/03/2020, 15:35:05",@BartlettSchools @WeAreBartlettFB Good job Panthers. Vote @JonDillard_TN8 for US Congress. Jon is a 30 year resident of Bartlett and supports public schools. Both of his sons graduated from BHS. His opponent Kustoff supports DeVos vouchers and his children attend private schools.,https://twitter.com/JonDillard_TN8/status/1312415888449171457
Mark Bauer,"10/23/2020, 02:52:32",Well played https://t.co/wOtCl78bHD,https://twitter.com/MarkBauer/status/1319471743153700865
Kevin Wilson,"10/09/2020, 22:29:29",I had a lot of good conversations with many people there and appreciated the opportunity to learn about these issues. Thank you all for sharing and educating.,https://twitter.com/KevinWilsonROC/status/1314694499235508224
Harry Burger,"10/21/2020, 04:16:13",@NBCNewYork Looks like he just ruined TWO perfectly good careers there.,https://twitter.com/HarryRBurger/status/1318768025336774657
Charleston Malkemus,"10/15/2020, 13:46:10","DESPITE WHAT THEY WANT YOU TO BELIEVE
I am right there on your ballot, standing for freedom, choice, and all Americans. Give us 3mins. https://t.co/79JKfsdaPv
#palmbeach #vote #election2020 https://t.co/OaXVvN5gmC",https://twitter.com/VoteCharleston/status/1316737130056560640
Christine Olivo,"10/24/2020, 23:34:58",We need to create an easier path to citizenship!,https://twitter.com/Christinefor24/status/1320146799752024071
Tommy Wakely,"10/23/2020, 13:38:00","Hoping to protect an important source of oil &amp; to antagonize nearby Iran, Israel is selling drones to Azerbaijan #TX21. ‚Å¶Unlike myself‚Å© @wendydavis‚Å© has little foreign policy knowledge ‚Å¶which should scare us all ‚Å¶‚Å¶@ATXInterfaith‚Å© https://t.co/1gj231e6AH",https://twitter.com/Wakely2020/status/1319634180796522496
Christine Olivo,"10/13/2020, 21:37:18",@SenSanders And impose a wealth tax on the rich!,https://twitter.com/Christinefor24/status/1316130920408264704
Akil Khalfani,"11/02/2020, 20:00:49","Remember You don't' have to vote on the line... Remember vote off the line!
You deserve #change, you deserve a community leader who cares about the people, and you deserve to be heard. 
.
Vote @DrK4Congress 
4D #Union County 
3D #Essex County
3C #Hudson County
.
#Newjersey https://t.co/J13VLyaCF4",https://twitter.com/DrK4Congress/status/1323354398437900291
Robin Dominick,"10/17/2020, 08:26:39",@tettsui77 @MinistryofTru16 He could run in the LP üòÇ,https://twitter.com/RobinRD4MO/status/1317381496366370818
Michael Madrid,"10/16/2020, 14:22:23",@TLA402 @sammisuesummer #nolibertarianunder1k,https://twitter.com/madrid4nyc/status/1317108632325062656
Michael Rufo,"10/05/2020, 21:57:51",https://t.co/N0khW7xrjQ https://t.co/k4ILh54EjL,https://twitter.com/rufo4congress/status/1313236989215477762
Rae Hart Anderson,"10/26/2020, 03:54:28",MN  Tina Smith's ads say she helped a farm family. She re-built the barn that was demolished with her own hands?  She contributed her money? She kept pacing the farm 'listening'? Where's her secret fund4 rebuilding farm barns?  Protecting calves!  MN babies DOA. #MillionsGone,https://twitter.com/GodisHere2day4U/status/1320574492142379008
Robin Dominick,"10/23/2020, 07:38:53",@TheBDunn @whoisnemoverne LSD sells better and you can feel ok knowing it's not addictive.,https://twitter.com/RobinRD4MO/status/1319543805037563906
John Molnar,"10/20/2020, 16:59:49","@ullr_rover $174k is their current starting salary. Im running on cutting it down to a performance based pay contingent on the median household income, minus unemployment rate, of their constituents",https://twitter.com/Gear6A/status/1318597803199860739
Andrew Olding,"10/07/2020, 16:02:02","@educated_educ8r Having literally just re-read the CDC guidelines to double check what you said, that's not true. There is nothing in their ""When to Quarantine"" section that says you should quarantine if you get tested. You should not feel deterred from being tested. It's a responsible decision",https://twitter.com/AndrewOlding/status/1313872221182529536
Charleston Malkemus,"10/19/2020, 03:03:53",Republicans want another choice! And We‚Äôve had so much momentum with voters from all parties. #votecharleston https://t.co/IWEG40HWxS,https://twitter.com/VoteCharleston/status/1318025046682705920
Joseph Naham,"10/28/2020, 15:20:38",@russellbrandom stems from Joe McCarthy,https://twitter.com/MrDunes/status/1321471947016994816
Michael Rufo,"10/06/2020, 06:38:44",AM I DOING THIS RIGHT? VOTE!,https://twitter.com/rufo4congress/status/1313368072061882368
Jon Dillard,"10/12/2020, 18:00:42",@BEX_cbahm If you have friends or family that depend on an income from FedEx you will want them to read this clear informative post. https://t.co/j5yZjwPt1W,https://twitter.com/JonDillard_TN8/status/1315714021048360960
Robin Dominick,"10/20/2020, 05:44:48","@MickeyBlowtorch Dude, yes.",https://twitter.com/RobinRD4MO/status/1318427932231163905
Christine Olivo,"10/20/2020, 17:11:36",No one should be in jail for smoking marijuana! #LegalizeIt,https://twitter.com/Christinefor24/status/1318600770154090497
Harry Burger,"10/08/2020, 02:19:28","@mathemattic I'm a big fan of NZ &amp; Kiwis, spent 8 days driving from Auckland to Wellington once. They do have a big advantage being small, isolated islands that have a lot more control of their borders, but Jacinda basically parroted the doctors, as any national leader should in a pandemic.",https://twitter.com/HarryRBurger/status/1314027600453472256
Paul N. Fiorino,"10/29/2020, 03:38:47",Candidate Spotlight: Paul Noel Fiorino | Coalition For American Heritage https://t.co/gGTKxeu2Sz Your vote will help preserve our quality of life and places. Once gone they're GONE so Preservation is for everyone to connect with the past moving forward. VOTE. https://t.co/wpb6pBBa6O,https://twitter.com/votefiorino/status/1321657707775098883
Robin Dominick,"10/12/2020, 00:21:44","@her_captain I've been cleaning in short bursts all day. 
It's still a disaster üò≠",https://twitter.com/RobinRD4MO/status/1315447524371697665
AnÔæÉÔΩ≠bal Acevedo VilÔæÉÔΩ°,"10/08/2020, 00:08:36",La campa√±a de Joe Biden denuncia el nuevo nombramiento a la Junta de Supervisi√≥n Fiscal https://t.co/LYcN5uZEsF,https://twitter.com/anibalacevedo/status/1313994668405854210
Andrew Olding,"10/08/2020, 22:25:11",@FreeStateNH You gotta hit all fronts. The US government hurts people all over the world. That needs to be combatted.,https://twitter.com/AndrewOlding/status/1314331032544522247
Robin Dominick,"10/09/2020, 07:22:21","@HitmanNumber86 @Gus99Lp @nsarwark You should vote for him.
Don't you live up there? 

You don't have to vote the whole ballot, you can leave the rest blank.

It would be great to have a libertarian county attorney. 

Local positions can do the most good.",https://twitter.com/RobinRD4MO/status/1314466213746139136
Christine Olivo,"10/22/2020, 15:28:28",@AndrewYang Vote for candidates who support UBI!,https://twitter.com/Christinefor24/status/1319299592274518016
Harry Burger,"11/01/2020, 02:37:46","I'm an engineer, I definitely don't talk like most politicians. We have more than enough lawyers &amp; career politicians in power, they've given us laws out of touch with the way things really work. They make the powerful rich, &amp; the rich powerful, sticking you with the bill. https://t.co/WFFwEnGUFD",https://twitter.com/HarryRBurger/status/1322729517224517632
Joel Anabilah-Azumah,"10/16/2020, 05:27:37",There are so many black people who complain that the Democratic Party locks black people out of meaningful policy formation. It is a key reason why Hillary Clinton lost in 2016 and Biden may face the same fate in 2020.,https://twitter.com/JoelAzumah/status/1316974056042881026
Robin Dominick,"10/26/2020, 22:06:57",@ExNihilo24 LOL,https://twitter.com/RobinRD4MO/status/1320849423786745857
Lou Antonelli,"10/11/2020, 15:46:25","The Dallas News has endorsed Pat Fallon. No surprise there - the News has always been the epitome of an establishment newspaper.  They've never gone out on a limb and endorsed an otherwise sure loser.
https://t.co/SExtdZ9GHz",https://twitter.com/LouAntonelli/status/1315317843362185216
Bekah Congdon,"10/22/2020, 01:13:24","Hear, hear!! https://t.co/7zgjUk70O5",https://twitter.com/LibertyBeks/status/1319084407337197571
Michael Rufo,"10/31/2020, 01:37:18","I don‚Äôt think you know what that means....because Trump doesn‚Äôt either..ü§∑üèª‚Äç‚ôÇÔ∏è

#NotSorry https://t.co/WQVd6dMLSM https://t.co/20MBtyhwkE",https://twitter.com/rufo4congress/status/1322351909672525824
Luis Roberto PiÔæÉÔΩ±ero,"10/27/2020, 16:50:45",#PatriaNueva üáµüá∑ https://t.co/mePh5olAbk,https://twitter.com/luisrobertoII/status/1321132235492364289
Christine Olivo,"10/03/2020, 21:57:55",@TulsiGabbard @JoeBiden Thank you Tulsi!,https://twitter.com/Christinefor24/status/1312512229149822976
Harry Burger,"10/13/2020, 00:00:49","@Vector563 @wchanley @socialiststeve6 @ProudSocialist @4aPeoplesParty @neveradime X could be any one thing an individual uses as a purity test - any of those things could be. If we're not inclusive of people who agree on 4 out of 5 issues, how do we expect to win elections?",https://twitter.com/HarryRBurger/status/1315804649451147265
Darren Hamilton,"10/20/2020, 15:43:52",@oA_Goulart @WardQNormal I have a plan to amend the Electoral College to address the growing disenfranchisement voters feel with the current system.,https://twitter.com/DHamilton2020/status/1318578692134735872
Joseph Naham,"10/23/2020, 00:59:09",#LetHowieDebate  #DemandMore #DemandGreen #GoGreen #Vote #VoteGreen #VoteGreen2020 https://t.co/ERdmn6QuJA,https://twitter.com/MrDunes/status/1319443209215528961
Alyse Galvin,"10/21/2020, 03:32:27","I will miss his advice and his kindness, but above all I will miss the light he brought to every room he walked into. Here‚Äôs us back in 2018, after a long day getting out the vote Jack came by to say hi. We‚Äôre all praying for the Roderick family tonight. https://t.co/HFsPnVHCvC",https://twitter.com/AlyseGalvin/status/1318757012402917376
Andrew Olding,"10/09/2020, 21:50:22",Is this the dumbest question ever asked? https://t.co/k1SGNSzrTz,https://twitter.com/AndrewOlding/status/1314684657011757056
Harry Burger,"10/29/2020, 07:22:16","Even if Garbage-rino wins, Reps have held CD2 for 28 years, they still lose King's seniority advantages, net loss. But if I get more voters to show up for me, &amp; if letting them express a second choice might have lost the Dems pick up a seat, RCV would've been better for Dems. https://t.co/Kgn8arOKPD",https://twitter.com/HarryRBurger/status/1321713949079965696
Robin Dominick,"10/13/2020, 01:24:03",@jessinicoleb üòÑ yay I can feel tall next to you and @000funsize,https://twitter.com/RobinRD4MO/status/1315825594240774144
Robin Dominick,"10/25/2020, 07:48:10",@riceman79 Exactly,https://twitter.com/RobinRD4MO/status/1320270916857847810
Christine Olivo,"10/03/2020, 23:50:30",@SocialistAaron @lisaenglishsays THANK YOU!,https://twitter.com/Christinefor24/status/1312540562520670208
Zayira JordÔæÉÔΩ°n Conde,"10/19/2020, 12:11:39","Prosecution with digital encrypted evidence is possible. In Puerto Rico, there are multiple cases that need computer forensics intervention. Most prominently, Alexa's murder (hate crime). What are the authorities waiting for? @FBISanJuan  
https://t.co/42iA4fuhkD",https://twitter.com/drajordanconde/status/1318162895704854528
Tommy Wakely,"10/23/2020, 14:11:15",Everything you are saying @SierraClub I‚Äôve said repeatedly over the years #TX21 but Democrats keep putting up fossil fuel candidates like @wendydavis for office which is just crazy @SierraClubAlamo You want to save the planet @TX21Indivisible vote policy over party @sunriseatx https://t.co/gdYcfeZdzX,https://twitter.com/Wakely2020/status/1319642544351961088
Robin Dominick,"11/02/2020, 08:09:23",@PoSt0nerDegen @Sgt_Skillcraft Since we started doing that we haven't seen another brown recluse.,https://twitter.com/RobinRD4MO/status/1323175358930341890
Christine Olivo,"10/21/2020, 15:32:15",Seeking higher education should not be a financial burden. I‚Äôm fighting for free 4 year public college as well as relieving all student debt.,https://twitter.com/Christinefor24/status/1318938153818968066
Zachary Dumont,"10/20/2020, 22:45:17","Under @MayorJoyceCraig, my hometown #MHT has fallen into complete ruin. Tent cities and needles at playgrounds are the #NewNormal #Democrat Mayor Craig brings to a once renown city. #Elections2020 #WalkAway https://t.co/myfvI1DMxD",https://twitter.com/ZacharySDumont/status/1318684742661902336
Trey Holcomb,"10/04/2020, 04:08:22",@BernstelChris @davenewworld_2 That's not a conservative.  That's an out of control ass of a man.,https://twitter.com/TreyHolcomb/status/1312605457484259331
Tommy Wakely,"10/22/2020, 23:50:41","This is the face of San Antonio #TX21 Progressive &amp; Latino. Here in the RiverCity we want to save the planet by banning fracking &amp; shutting down coal plants but not @wendydavis. She says NO, NO, NO &amp; HELL NO! @ClimateSATX @SierraClubAlamo @texrising @carnalismo_bb https://t.co/Fj9FfFkOBP",https://twitter.com/Wakely2020/status/1319425977743802373
Harry Burger,"10/15/2020, 06:45:39","@BengxlChai @JJisASocialist The #GreenParty is actively trying to win, but can't get the time of day from most of the media.",https://twitter.com/HarryRBurger/status/1316631306130911232
Albert Oram,"10/19/2020, 20:55:39",there have been only four previous editorials signed by all of the editors in the more than 200-year history of the Journal. None of those four previous editorials were about presidential politics -- or politics at all.,https://twitter.com/RealMaverickUSA/status/1318294764773691397
Bill Rood,"10/05/2020, 20:00:13","Paper on CDC website says public wearing masks doesn't prevent spread of respiratory disease:
https://t.co/w0V9Z8ni3p https://t.co/rEpo6oqRte",https://twitter.com/Antirepublocrat/status/1313207383615844360
Jonathan Lott,"10/24/2020, 00:59:54","2020 has been a wake-up call to me for how serious mental health is of an issue in this country, and internationally. Emotional intelligence, cognitive biases, logic, and perceptions of reality.....we must strive to remain grounded amidst all the clamor.",https://twitter.com/MrJonLott/status/1319805784771919873
AnÔæÉÔΩ≠bal Acevedo VilÔæÉÔΩ°,"10/18/2020, 16:02:55",16 d√≠as. Hoy aprobando el programa de gobierno PPD. Seguimos... https://t.co/EYmYKefSdT,https://twitter.com/anibalacevedo/status/1317858710094577666
Jonathan Lott,"10/24/2020, 15:38:01","Big Thanks to the Dedham Times for providing me the opportunity to answer some questions about my campaign and why I'm running! Check out my answers below! #MA8 #MA08

https://t.co/EwBsrAQcx0",https://twitter.com/MrJonLott/status/1320026771379703808
Andrew Olding,"10/23/2020, 01:33:28",Pre paying your taxes is bad business.,https://twitter.com/AndrewOlding/status/1319451844641542144
Andrew Olding,"10/23/2020, 01:56:59",Can someone remind me where @JoeBiden is from? Is it Harrisburg?,https://twitter.com/AndrewOlding/status/1319457761118326784
Harry Burger,"10/23/2020, 01:48:43","NK won't unilaterally give up nukes, basically ever, definitely not before walking in the door to negotiate, that's his biggest trump card, that's insurance against us nuking him if he decides to attack Seoul. He's also crazy, not stupid.",https://twitter.com/HarryRBurger/status/1319455681771077632
Thomas Wilda,"10/09/2020, 18:55:33","Good one, chief! LOL https://t.co/xKNhojslIM",https://twitter.com/TomWilda2020/status/1314640662080487424
Christine Olivo,"10/18/2020, 21:39:03","@toddjersey What up ‚úåÔ∏èI support Medicare for all, UBI, Green New Deal, and much more! Feel free to ask me any questions. üòÄ https://t.co/EutMQChl1n",https://twitter.com/Christinefor24/status/1317943298493980673
Michael Madrid,"10/30/2020, 02:22:47","@rontkim Don‚Äôt know why you think I‚Äôm anti food security. You‚Äôre attempting to pigeonhole me because of party.

Housing is an interesting issue. The council won‚Äôt let us build anything! You won‚Äôt let us increase the stock at all",https://twitter.com/madrid4nyc/status/1322000970759475200
Kevin Wilson,"10/07/2020, 00:00:42",Thread on tech monopolies: https://t.co/EAnvXyQONz,https://twitter.com/KevinWilsonROC/status/1313630293471965184
John Molnar,"10/29/2020, 15:20:43",@brycejacksoncvt @AP4Liberty The state health department mandating to my wife's OBGYN that I couldn't be present for any ultrasounds all year certainly isn't an indicator of small government and respecting individual rights,https://twitter.com/Gear6A/status/1321834356491669507
Michael Rufo,"10/09/2020, 00:39:53","If you watched the debate, thank you. If you couldn‚Äôt check the League of Women‚Äôs Voters website soon. There were ups and downs I know. I feel good however that the message was delivered and minds may be opened. 

Thank you for support and let‚Äôs keep moving liberty forward.",https://twitter.com/rufo4congress/status/1314364927201742849
Tommy Wakely,"10/09/2020, 18:33:00","The 2016 #ClimateCrisis has now turned into a #ClimateEmergency &amp; will soon turn into a #ClimateCatastrophe unless we stop stop trashing the planet. Innovation may save us, but it will not be pretty #TX21 @SierraClubAlamo @rachele_mermaid @SAcurrent https://t.co/ePMUTXgV6g",https://twitter.com/Wakely2020/status/1314634988772564992
Kevin Wilson,"10/14/2020, 23:33:25","George says he doesn't trust the govt to deliver healthcare, but he would still support heavy government intervention in the market. It ends up being an expensive and difficult to navigate system. We can do this better the lowering regulations.",https://twitter.com/KevinWilsonROC/status/1316522530157424640
Michael Madrid,"10/05/2020, 23:10:34","Want to talk special interest cronyism?  Garamendi has received tens of thousands of dollars in political contributions from maritime unions and industry

https://t.co/3tV6MP5ysU",https://twitter.com/madrid4nyc/status/1313255288351469568
Robin Dominick,"10/29/2020, 08:25:59","@MusicalKasparov @citizenhush At least I mostly only kill animals. 
Mostly. 
But those go in the deep freezer. 
The others... 
üëÄ",https://twitter.com/RobinRD4MO/status/1321729984814292993
Harry Burger,"11/02/2020, 15:18:11","A ""yes"" vote means we overrule the judge to say it's OK, &amp; they can rob the fund even further.
We need to prevent our aquifers from getting contaminated - if you think that sounds expensive, wait until you see what the cure costs!
Imagine your tap isn't safe to drink from.",https://twitter.com/HarryRBurger/status/1323283269476114432
David Krucoff,"10/26/2020, 13:38:57","The Ward 8 Early Voting Centers are:

Malcolm X Opportunity Center, 1351 Alabama Ave. SE
Ferebee-Hope Recreation Center, 3999 8th St. SE
Anacostia High School 1601 16th St. SE
Ballou High School, 3401 4th St. SE
Entertainment and Sports Arena, 1100 Oak St. SE

Vote Krucoff, TY",https://twitter.com/dkrucoff/status/1320721582453592064
Harry Burger,"10/16/2020, 17:36:24","This is my last 24 hours, as an autistic introvert stuck in a debate situation, which really doesn't test the same skills you need to be effective in office, then allies start messaging to say I nailed it. https://t.co/lbrrdZbkzt",https://twitter.com/HarryRBurger/status/1317157459274891277
Rae Hart Anderson,"10/05/2020, 17:11:55","The Center for Disease Control has developed rules for our conduct before and after people contract diseases.

Praying that all people will ask God for healing--then the CDC can test out the wonder of it all, as so many are (thankfully) being healed by God every day.  Check data! https://t.co/S1VdJasEuw",https://twitter.com/GodisHere2day4U/status/1313165031794708480
Andrew Olding,"10/12/2020, 12:26:19",@865101a8eb6041a @YellowCube7 How do you know how long it's going to be here? It could be like the flu and never go away. It could be gone next week. It could be here for like 4 more years.,https://twitter.com/AndrewOlding/status/1315629874556608512
J. Robert Latham,"11/02/2020, 17:15:34","*You* are the power.

#LiveFree
#VoteGold ‚òëÔ∏è
#LibertariansRising üóΩ

#UTCD2 = Utah's Second Congressional District
#utpol

#MondayMotivation
#ListenLearnVote
#utdebates

https://t.co/jriqsXQpGy",https://twitter.com/freeutahns/status/1323312808243712001
William Garlington,"10/23/2020, 01:52:08",That question just stumped Biden he has no freaking clue what to say about socialized medicine,https://twitter.com/billgarlington/status/1319456540131233792
Christine Olivo,"10/18/2020, 23:22:32","@Shaunagav1980 Thank you for following me! By any chance would you be willing to donate $5 or even $1 to my campaign? I‚Äôm fighting for Medicare for all, UBI, legalizing marijuana, the freedom of Julian Assange and much more! https://t.co/EutMQChl1n",https://twitter.com/Christinefor24/status/1317969340239663109
Christine Olivo,"10/06/2020, 22:18:15","@HighOnSweetTea thank you for following me! By any chance would you be willing to donate $5 or even $1 to my campaign? I‚Äôm fighting for Medicare for all, UBI, a $15 minimum wage and much more! https://t.co/EutMQChl1n",https://twitter.com/Christinefor24/status/1313604510011588608
Steven Kolln,"10/23/2020, 11:35:36",These governors should all be fired now at the very least and probably sent to jail. They close your business and destroy your life by forcing you not to make private decisions like risk evaluation which you can't do but they can. Even with masks they still get sick. All a fraud. https://t.co/ZYGcQ7laBX,https://twitter.com/stevenkolln/status/1319603377156820993
Bill Rood,"10/07/2020, 11:08:04","Black Portland police officer discusses the racism to which he's been subject from largely white, violent crowds.  Wake up, grassroots Democrats.  THAT is what you are supporting.
https://t.co/4e0lIPdkzQ",https://twitter.com/Antirepublocrat/status/1313798239007760384
Robin Dominick,"10/31/2020, 09:48:02",@37smadAmaS https://t.co/JFGR9dvhf2,https://twitter.com/RobinRD4MO/status/1322475406658658305
Harry Burger,"11/02/2020, 17:10:00","@The_Pale_H0rse Exactly, you need to show up &amp; be willing to give your ‚åö &amp; üí∞! Running for office is like a full time job that takes üíµ instead of paying you, it's hard to find people willing to do that. Even if you can't do it yourself, show up &amp; promise to help whoever does run.",https://twitter.com/HarryRBurger/status/1323311409208446976
Christine Olivo,"10/19/2020, 16:39:46",@AOC They are corporatists! As well as thrives.,https://twitter.com/Christinefor24/status/1318230372266741763
Robin Dominick,"10/30/2020, 03:06:49",@dandanorly üòÖ,https://twitter.com/RobinRD4MO/status/1322012051993223168
"Hal Ridley, Jr.","10/25/2020, 19:46:19",I feel like the puppet of my soul Who distant holds the strings From somewhere far up above So I dance and sing By hidden fingers in the glove I the wooden thing only moved by the hands of distant love And only while the bells there ring  hjr2,https://twitter.com/HalRidleyJr/status/1320451644069416961
Robin Dominick,"10/27/2020, 12:18:02","@BokoHarambe @derekisnotgay @InsanityIsFree I like him, but your description is üòÇüòÇüòÇ",https://twitter.com/RobinRD4MO/status/1321063606016987136
Jon Dillard,"10/03/2020, 15:30:22",@carsonlammart @BartlettSchools @Americans4Arts @blebruins Vote @JonDillard_TN8 for US Congress. Jon is a 30 year resident of Bartlett and supports public schools. BSEd in Art Ed. Both of his sons graduated from BHS. His opponent Kustoff supports DeVos vouchers and his children attend private schools.,https://twitter.com/JonDillard_TN8/status/1312414698332139524
Tommy Wakely,"10/06/2020, 22:58:55","Breaking News @PatrickSvitek our campaign didn't raise $3.4 million. Buying campaigns is not what the American people &amp; #TX21 voters want. Frankly, we all are tired of it. They want honesty foremost &amp; policy discussion, something that is not coming from the @wendydavis campaign https://t.co/3N493zkHdz",https://twitter.com/Wakely2020/status/1313614743865905154
Michael Rufo,"10/26/2020, 13:34:09",@TellingFabel @ShaneTHazel Happy Birthday Friend! https://t.co/kV6d2EvX91,https://twitter.com/rufo4congress/status/1320720373034438656
"Hal Ridley, Jr.","10/12/2020, 22:35:39","You decide crazy people don‚Äôt get to speak &amp; you decide who is crazy. Lots of crazy things are true. The world is round, was a crazy idea! Many judge what I say crazy as I judge them. Qanon crazy but elite child sex trafficking is real-Epstein? UFO‚Äôs crazy, now the Navy believes?",https://twitter.com/HalRidleyJr/status/1315783215639076872
Rae Hart Anderson,"11/01/2020, 15:01:18","Every American citizen #CanAndSHOULDvoteOnONEDAY, WITH ID...fair to all.  

Our one exception is for out of the country military.",https://twitter.com/GodisHere2day4U/status/1322916631375278081
Tommy Wakely,"10/13/2020, 23:02:46","Like most voters in #TX21 I'm deeply disgusted by the 2 major party candidates move away from spirited debate to a campaign of BS. Millions spent on advertising that say nothing except I‚Äôm better than the other old millionaire white guy. 

 https://t.co/hOxTedCdok via @usatoday",https://twitter.com/Wakely2020/status/1316152428602032134
Harry Burger,"10/23/2020, 04:55:20","@Sifill_LDF @KimoNickison IQ tests have always been full of cultural bias. The idea was created to justify white supremacy. 
I say that being in the exact group it was made to benefit. Maybe I'm crazy, but I want what's best for the majority, even if it's just ok for me. 
https://t.co/8EEho99r0W",https://twitter.com/HarryRBurger/status/1319502645384663040
Tommy Wakely,"10/05/2020, 02:55:47",Agreed @MichaelEMann we must fight for the future of our planet. The problem is way to many people don‚Äôt see or don‚Äôt care about this #ClimateEmergency. Take the #TX21 congressional race. Voters are poised to elect a Democratic who supports fracking. Madness. @SA_Indivisible https://t.co/RPlekakmBP,https://twitter.com/Wakely2020/status/1312949578078056449
David Krucoff,"10/26/2020, 13:31:42","The Ward 2 Early Voting Centers are:

Hardy Middle School, 1819 35th St. NW
Capital One Arena, 601 F. St. NW
School Without Walls (Francis Stevens), 2425 N. St. NW

Vote David Krucoff for DC Delegate. Thank you.",https://twitter.com/dkrucoff/status/1320719757935562753
Ada Norah Henriquez,"10/03/2020, 13:01:55","Nuestros j√≥venes son muertos en las calles. Esto ha pasado por d√©cadas. ¬øD√≥nde est√° el plan de prevenci√≥n, los servicios propios de educaci√≥n y salud? Necesitamos seguridad nacional ahora. Es lamentable, doloroso. Por favor, consideremos mejor a qui√©n le confiamos nuestro üáµüá∑. https://t.co/FQN68CXpNi",https://twitter.com/AdaHenriquez1/status/1312377340459208705
Tommy Wakely,"10/23/2020, 21:30:37",These folks in Connecticut #TX21 are telling their Congressman what they think about the ACA &amp; why they want him to support #MedicareForAll but just like @wendydavis he isn‚Äôt listening to what voters want @TX21Indivisible @BexarGreensTX @ourvoices2015 @LIVofTX @HardLensMedia https://t.co/zwChIMFM7s,https://twitter.com/Wakely2020/status/1319753118566010886
Tim Kelly,"10/27/2020, 13:34:47",@dankildee The best laid plans of mice and men often go awry.,https://twitter.com/timothykelly/status/1321082921789304832
Michael Rufo,"10/14/2020, 04:15:32","Yea Covid and the government have done a number on us and the corporate press is telling us that society falling apart. However the negative gets old, I just wanted to take a moment to see the positives. I hope you can do so too. Good night liberty Twitter!",https://twitter.com/rufo4congress/status/1316231137719660544
Kenneth Cody,"11/02/2020, 18:03:55",@HardLensMedia Will you be live tomorrow on YouTube with Election returns coming in?,https://twitter.com/Cody4CongressNJ/status/1323324978285236225
Mark Bauer,"10/22/2020, 03:08:46",@BrokenStaffer It is coming. I have my top wo/men on it right now,https://twitter.com/MarkBauer/status/1319113440716296193
Andrew Olding,"10/07/2020, 16:17:32",@notnotanna How?,https://twitter.com/AndrewOlding/status/1313876120681447431
Christine Olivo,"10/06/2020, 19:09:42",@ProPeaceCath Thank you so much‚ô•Ô∏è,https://twitter.com/Christinefor24/status/1313557058604630017
Andrew Olding,"10/12/2020, 20:35:28",Is this dude serious? https://t.co/kd8RiED7gw,https://twitter.com/AndrewOlding/status/1315752972941430785
Michael Madrid,"10/08/2020, 14:20:25",@rontkim regeneration -- creative destruction perhaps?,https://twitter.com/madrid4nyc/status/1314209035156029440
