Russell Foster,"10/13/2020, 16:01:11","@TeckieGirl I know I'm gonna be emotional when I cast mine, but I might be an oddball lol.",https://twitter.com/RussellFosterTX/status/1316046334567297025
Rick Kennedy,"10/25/2020, 22:07:11",Every once in a while amazing things happen. Pulled into Clay in Burleson County intending to drop literature and found the place studded with Biden and Kennedy signs.   AND we found a neighborhood barbecue!! https://t.co/a3N6gynD3n,https://twitter.com/RickKennedyTX17/status/1320487096713420800
Cameron Webb,"10/28/2020, 13:07:28","Thank you to the @MecklenburgSun for your endorsement! Check it out ‚¨áÔ∏è

""He‚Äôs someone the Fifth District sorely needs at the nation‚Äôs capital, working in measured, cooperative fashion to boost the region‚Äôs economy, prosperity and general health.""

https://t.co/hWgERAycQU",https://twitter.com/DrCameronWebb/status/1321438434330894338
"Maloney, Carolyn","10/30/2020, 13:22:28","Today from 10am-2pm, I‚Äôm hosting a flu shot drive w/ @RyanHealthNYC at Campos Plaza (611 East 13th Street).

If you haven‚Äôt already, join us to vote early and then get your flu shot.",https://twitter.com/RepMaloney/status/1322166984793088001
Phil Ehr,"10/08/2020, 02:07:22","Our campaign is counting on grassroots supporters to reach voters and restore honor to Northwest Florida. 

Together, we can defeat Gaetz. 

Join us: https://t.co/84hFUXEnQ3",https://twitter.com/PhilEhr/status/1314024557792108546
Brynne Kennedy,"10/06/2020, 20:57:03","Join me Thursday 10/8 at 6 pm for a #CA04 Districtwide Virtual Town Hall! I'll be answering your questions live with moderators EDC Supervisor John Hidahl &amp; Former Placer Co. Sheriff Ed Bonner!

Submit your questions:
info@brynneforcongress.com

Sign up: https://t.co/O7a1CrZBw8 https://t.co/aqCZCoWfr8",https://twitter.com/BrynneSpeak/status/1313584077421735936
"Lowenthal, Alan","11/02/2020, 00:19:00","High turnout is expected at vote centers. Be prepared. Please be patient. However you decide to vote, please make your voice be heard. @LACountyRRCC @OCRegistrar",https://twitter.com/RepLowenthal/status/1323056981448429568
Nate McMurray,"10/08/2020, 16:03:33","PIERS MORGAN: Donald Trump's dying presidency is crashing and burning in a reckless, chaotic, dangerous, earth-scorching ball of fire - because he fears the American people are about to tell him: 'YOU'RE FIRED!'

https://t.co/LdGOh8cq4V",https://twitter.com/Nate_McMurray/status/1314234989903515648
"Langevin, Jim","10/13/2020, 17:54:15","Republicans are relentless in their efforts to overturn the #ACA which would strip away coverage from 20M ppl &amp; gut pre-existing condition protections for 150M+ individuals. Glad to have @SenWhitehouse leading the fight to protect health coverage for RIers
https://t.co/ZMTRLocbYU",https://twitter.com/JimLangevin/status/1316074786628481024
Pam Keith,"10/15/2020, 12:42:56","In November, we rejoin the good guys. https://t.co/SgCEJwMuAm",https://twitter.com/PamKeithFL/status/1316721218947624961
Lindsey Simmons,"11/01/2020, 16:23:18","The only candidate who makes me feel old is this guy. Adam will make one hell of a Congressman. 

He's gonna win on Tuesday. 

And it's because the people of #FL03 ran their race, their way.

We respect the hell outta that over here. üí™ https://t.co/W83awbhOBs",https://twitter.com/LynzforCongress/status/1322937270572384262
Pam Keith,"10/25/2020, 21:09:58","My GOP opponent .@BrianMastFL thinks I‚Äôm ‚Äúradical,‚Äù ‚Äúextreme,‚Äù and ‚Äúhateful,‚Äù but that this üëáüèΩuntethered, freakishly stupid ish from 45 is fabulous.

Dude is WARPED. 

Time for both of them to GO!

VOTE BLUE! https://t.co/S124EhGYN3",https://twitter.com/PamKeithFL/status/1320472696375906304
"Beatty, Joyce","10/15/2020, 15:42:26",Pass it on. https://t.co/hDsr9IG36b,https://twitter.com/RepBeatty/status/1316766389932351488
Kim Mangone,"10/24/2020, 11:13:09","@gerryconway We have a real shot at beating Kevin McCarthy. If everyone who saw this chipped in just $50, we would blow our fundraising goals out of the water. Please retweet and chip in here to be a part of our victory over Kevin McCarthy: https://t.co/yEC0JRBe2L",https://twitter.com/KimMangone/status/1319960113822617600
Tedra Cobb,"10/20/2020, 17:27:54",".@EliseStefanik wants to have it both ways, but her healthcare record tells us all we need to know.

‚ÄúCobb lashed out at Stefanik for voting with Republicans in favor of repealing the ACA and backing a Republican-led lawsuit that would overturn that Obama-era health care law.‚Äù https://t.co/7nFBPJWygt",https://twitter.com/TedraCobb/status/1318604870648254465
"Pocan, Mark","10/23/2020, 14:14:33","Wisconsin, in-person early voting has started!

Visit https://t.co/H4u6c9BnnJ &amp; vote today! https://t.co/MY7LTgay3q",https://twitter.com/repmarkpocan/status/1319643375268757508
Tedra Cobb,"10/23/2020, 01:25:20","We know @realDonaldTrump doesn‚Äôt care about New York‚ÄîIn 12 short days we can  beat one of his top enablers, @EliseStefanik.

Pitch in now. Help us flip #NY21.

https://t.co/ts6ZMS2Ufn",https://twitter.com/TedraCobb/status/1319449798051827712
Adam Christensen,"10/04/2020, 03:09:04",If one person doesn‚Äôt have Health Care in the middle of a Pandemic then everyone else is at risk,https://twitter.com/AC4Congress2020/status/1312590534289088512
Christopher M. Ward,"10/08/2020, 13:27:12","I believe that the Earth is warming, sea levels are rising and humans have a direct impact. My opponent @RepDavidRouzer does not. @colbertlateshow said ""if your science gives you a result you don't like, pass a law saying the result is illegal. 

https://t.co/jw7fNCaXYZ",https://twitter.com/WardCongress/status/1314195642110140418
"Evans, Dwight","10/09/2020, 19:42:20","I was honored to attend @wgu‚Äôs mural unveiling dedicated to alum Shayne Moore, a VP @pidcphila. Shayne was born and raised in #Nicetown #Philly &amp; his vast contributions to our community have positively impacted the lives of so many ‚Äì we celebrate you, Shayne! https://t.co/HvLljtDKm3",https://twitter.com/RepDwightEvans/status/1314652436288634882
Christina Finello,"10/20/2020, 21:03:00","During our first #GOTV weekend, we made 30,000 calls and 20,000 texts.

Let's break that record.

Help us Get Out the Vote this weekend: https://t.co/uAVlKeOPCJ",https://twitter.com/FinelloForPA/status/1318659002482511873
Pam Keith,"10/17/2020, 13:15:38","@neeratanden @MarcACaputo @gogetemtigers The obsession w/reporting ‚Äúbad things‚Äù about ‚Äúboth sides‚Äù to appear ‚Äúbalanced‚Äù is the journalistic malpractice that got us here.

Good judgment says skip ‚Äúbad stuff‚Äù that is patently unreliable &amp;don‚Äôt conflate what isn‚Äôt comparable. Balance isn‚Äôt abandonment of critical thinking.",https://twitter.com/PamKeithFL/status/1317454221147590657
Adia Winfrey,"11/01/2020, 17:56:15","@StaceyWescott1 @fohdawgfoh @chicagotribune @ChristyGutowsk1 Hey Stacey! Not sure how you got linked in to this thread, but since you‚Äôre here...Where‚Äôs the story profiling the victims murdered by the 17 y.o. homegrown terrorist?",https://twitter.com/drdia/status/1322960658305028097
Christopher J. Hale,"10/31/2020, 14:45:22",Uber conservative papaws for Hale https://t.co/A29Mrv28Ro,https://twitter.com/chrisjollyhale/status/1322550234380144640
Mia Mason,"10/27/2020, 00:39:04","If you're upset with this confirmation, head to the polls tomorrow am at 7am and help us all win for the sake of Democracy! We can fix this and we have a plan that works because we are supporting our communities throughout our nation. Let's remove those who have voted against us! https://t.co/OYMEHPQGJn",https://twitter.com/Mia4MD/status/1320887704918368256
"Jacobs, Sara","10/22/2020, 02:36:36",Great chatting with you! It's people like you who keep me inspired. https://t.co/uqqXgQFVfu,https://twitter.com/SaraJacobsCA/status/1319105344824541186
Lindsey Simmons,"10/11/2020, 16:45:20","Now we‚Äôre visiting folks in Sturgeon! 

Dems are everywhere! https://t.co/c61a3HrxXW",https://twitter.com/LynzforCongress/status/1315332667634864130
David Kim,"11/01/2020, 19:30:22","TWO DAYS UNTIL WE MAKE HISTORY! Now is the time to give this your all. Whether it‚Äôs making calls, sending texts, talking to friends in the area, or waving signs, now is the time. We‚Äôll be out and about across #CA34 again today. Come say hi! üëã https://t.co/yvxN03nh7q https://t.co/YY5qFwQBqW",https://twitter.com/DavidKimForCA/status/1322984347394318336
Adam Christensen,"10/08/2020, 12:43:31",Mood https://t.co/biZ57oTHeR,https://twitter.com/AC4Congress2020/status/1314184650055733248
"Gottheimer, Josh","11/02/2020, 16:27:32","These white supremacist groups have no place in our community.

We must come together to denounce this kind of hate in the Fifth District and all across New Jersey.",https://twitter.com/JoshGottheimer/status/1323300721413050368
"Kirkpatrick, Ann","10/08/2020, 18:00:25","We are beginning to see a resurgence in COVID-19 cases. I strongly encourage all Arizonans to continue wearing masks in public spaces, and to stay home as much as possible.

https://t.co/NHxmGn5q1Y",https://twitter.com/RepKirkpatrick/status/1314264401264943104
Jim Kennedy,"10/09/2020, 00:56:16",@redsheri1 @MeidasTouch That would be awesome! There's a great collection of Posey's performances on C-Span.,https://twitter.com/JK4Florida/status/1314369054187180035
"McBath, Lucy","10/27/2020, 19:55:55","Today and always, I send my love to those who may be hurting, and I renew my commitment to supporting &amp; sustaining a community of peace &amp; love.

https://t.co/krQkQScj2C",https://twitter.com/RepLucyMcBath/status/1321178835975622658
Sri Preston Kulkarni,"10/28/2020, 21:38:31","Looking forward to joining these incredible candidates and elected officials tonight! 

Tune in to our virtual rally! #TX22 https://t.co/Q2YBNSfISt",https://twitter.com/SriPKulkarni/status/1321567044412780544
"Sherrill, Mikie","10/27/2020, 15:44:14","The pandemic has exacerbated the digital divide and made it even clearer that NJ families and business need strong, reliable broadband access. But today the @FCC again chose corporate profits over innovation, access, and a free and open internet.   #netneutrality",https://twitter.com/RepSherrill/status/1321115498113863682
Devin Thorpe,"10/24/2020, 04:05:44","So, @GeorgePyle of the @sltrib shreds Cox for endorsing President Trump, in effect, explaining exactly why you should vote for @PetersonUtah. I completely agree! #utpol #utah
  https://t.co/D2rOxO9mtm",https://twitter.com/devindthorpe/status/1319852549772513280
Joyce Elliott,"10/20/2020, 01:31:22",@ArkDems Amazing!,https://twitter.com/xjelliott/status/1318364152780492801
"Langevin, Jim","10/06/2020, 14:27:20","ICYMI: The application period for college students seeking federal financial aid has begun. Here‚Äôs what you need to know about #FAFSA:
https://t.co/I0OQXjhCpt",https://twitter.com/JimLangevin/status/1313485999599685632
Kate Bolz,"10/06/2020, 20:35:07","Last week we announced our endorsement from Vice President Biden's campaign. 

We also had an opportunity to talk with Dr. Jill Biden and Doug Emhoff in Omaha. 

Your vote matters. Your voice matters. Together, we're going to bring REAL Nebraskan values to Congress. https://t.co/EgMYdxBs19",https://twitter.com/katejbolz/status/1313578557243883521
"Porter, Katie","10/19/2020, 19:27:38","I asked Mr. DeJoy directly if he‚Äôd step down if the independent, nonpartisan inspector general found he committed misconduct by retaining *tens of millions worth of stock in a @USPS contractor* while serving as Postmaster General.

He declined. (2/2) https://t.co/ydHiPQvUN2",https://twitter.com/RepKatiePorter/status/1318272616545669120
"Pingree, Chellie","10/26/2020, 21:13:14",Senate Republicans are openly admitting that they are putting Amy Barrett on the Supreme Court *8 days before an election* to steal our reproductive rights. https://t.co/HMFRrJGk3k,https://twitter.com/chelliepingree/status/1320835903783424001
Lindsey Simmons,"10/14/2020, 19:56:53",We live in an America where one political party can decide not to count all of our people or all of our votes.,https://twitter.com/LynzforCongress/status/1316468037567082499
Christopher J. Hale,"10/09/2020, 03:41:57",I don't even know what @imgur is.,https://twitter.com/chrisjollyhale/status/1314410748509130753
Blair Walsingham,"10/13/2020, 23:17:54",Thank you to everyone who has helped. Shared. Donated. Worked to spread the word. Voting starts now but we need to keep pushing. Many voters are still UNDECIDED we're still call banking! Text banking! Call your friends and family!  Don't let up.,https://twitter.com/BlairWalsingham/status/1316156237646495744
Jackie Gordon,"10/23/2020, 19:04:00",Election Day is just 11 days away! Join me this weekend as we kick off early voting. I will be greeting voters at the Brentwood and Massapequa early voting sites. Come out and cast your #vote  ! https://t.co/SgSjJq3LUZ,https://twitter.com/VoteJackie4NY/status/1319716218773901312
"Castro, Joaquin","10/26/2020, 21:25:07","This is 1950s segregated south type behavior ‚Äî prospect of Texas Army National Guard at polling locations is a blatant act of voter intimidation.

Governor Abbott needs to immediately make clear that the Texas Guard will not be used to hover at polling sites intimidating voters. https://t.co/WstFuXZSAz",https://twitter.com/JoaquinCastrotx/status/1320838896800964610
Adam Christensen,"10/10/2020, 13:34:46",THIS https://t.co/cAJQ8yDhoQ,https://twitter.com/AC4Congress2020/status/1314922324928462848
Dana Balter,"10/09/2020, 14:41:46","We had a great visit to Wayne County last weekend!  Over the next couple days I'll be sharing some highlights from the time we spent speaking to small business owners, farmers, and community members. #NY24 https://t.co/UaBMtipiZG",https://twitter.com/dana_balter/status/1314576796722040832
Sima Ladjevardian,"10/04/2020, 18:07:12","Is he going to stop leading the lawsuit to dismantle ACA then?

Because two million Texans are relying on it, and his case is coming to court 10 days after the election.

We can't afford crooked politicians running our health care into the ground.

https://t.co/ciWFn5yfoF",https://twitter.com/SimaforTX/status/1312816555319844865
Alexandra Owensby,"10/16/2020, 14:44:32","Great turnout in Oldham County yesterday! 

This year we have a huge opportunity to change Kentucky politics and only YOU can make it happen!  

Rush your donation to help fuel my campaign in the home stretch 
https://t.co/GZMWIcWOAI

#owensby4congress https://t.co/MsqNPCC53e",https://twitter.com/AMOwensby/status/1317114206689333249
"DeLauro, Rosa L.","10/12/2020, 18:09:02","Instead, we are witnessing a hearing today led by Republicans. Rather than fighting for the people and serving their constituents, they are rushing to confirm a Justice who shares their commitment to stripping health care from millions.
 
This is disgraceful and shameful.",https://twitter.com/rosadelauro/status/1315716121878827010
"Norton, Eleanor Holmes","10/31/2020, 13:47:53","THREE (3) days left until #ElectionDay.

This is your daily reminder: #Vote. Vote like your future depends on it -- because it does.

Find your polling location and estimated wait times here: https://t.co/Ncc6V00nE1

#GoVote",https://twitter.com/EleanorNorton/status/1322535770809356294
Ammar Campa-Najjar,"10/13/2020, 07:40:45",@DarrellIssa I have never laughed so hard in my life üòÇ thanks habibi!,https://twitter.com/ACampaNajjar/status/1315920396118487041
Scott Huffman,"10/23/2020, 21:55:14",@viob2016 Thank you so much.,https://twitter.com/HuffmanForNC/status/1319759309849460736
Jon Hoadley,"10/26/2020, 14:38:46","When we vote, we win. We're seeing record turnout - keep it up! #MI06 #DemCastMI

If you haven't already, #VoteEarly and make sure three friends do too.

Find a drop box or make your in-person vote plan: https://t.co/168OdUUBFL https://t.co/Mpgpxl2hCa",https://twitter.com/JonHoadley/status/1320736634049040389
Kim Mangone,"10/31/2020, 22:26:43","We have a real shot at beating Kevin McCarthy. If everyone who saw this chipped in just $40, we would blow our fundraising goals out of the water. Please retweet &amp; chip in here to be a part of our victory over Kevin McCarthy: https://t.co/mfOYzsFmlL",https://twitter.com/KimMangone/status/1322666335768256513
Shannon Freshour,"10/08/2020, 01:58:19",And again... https://t.co/aXZpl05LRb,https://twitter.com/ShannonFreshour/status/1314022280662601729
Kim Mangone,"10/29/2020, 19:24:57","@MikkoAlanne We have a real shot at beating Kevin McCarthy. If everyone who saw this chipped in just $26, we would blow our fundraising goals out of the water. Please retweet &amp; chip in here to be a part of our victory over Kevin McCarthy: https://t.co/LPo3CSrd1z",https://twitter.com/KimMangone/status/1321895816890601472
Christina Finello,"10/03/2020, 19:10:00","I know how much of a burden student loan debt can be for families because I'm going through it, too. That's part of why I'm here, fighting for the families in my community. We should be able to afford quality higher education without taking on massive debt. #30ReasonsForFinello https://t.co/PHWLXJV4it",https://twitter.com/FinelloForPA/status/1312469970987765761
"Boyle, Brendan","10/17/2020, 19:03:38","Are you registered to vote? Check your registration and learn more about voting in Pennsylvania below! 

Remember, the deadline to register to vote is Monday, Oct. 19.  https://t.co/hB6mh2AhJx",https://twitter.com/CongBoyle/status/1317541800316456967
"Ryan, Tim","10/13/2020, 20:59:39","I'm proud to have helped secure these funds.

It‚Äôs not an accident when money &amp; opportunities like this come to our community. This has been years in the making while we've been laying the groundwork to position Northeast OH for the economy of the future. 
https://t.co/mxlo2SVdXC",https://twitter.com/RepTimRyan/status/1316121443885821952
Joe Mackey,"10/26/2020, 21:57:53","For our final $4 for the 4th of the campaign, we're calling on everyone in Newton and Jasper Counties to help us #FlipThe4th!

A donation of just $4, even this late in the game, will help us reach more voters at a critical time. (1/2)",https://twitter.com/joe4hoosiers/status/1320847142823567360
Donna Deegan,"11/01/2020, 16:04:25","Had an early zoom so I didn‚Äôt get to post this right away. #Grateful for this beautiful  Sunday sunrise. Now that I have your attention, it‚Äôs last day of #earlyvoting in Duval and Nassau counties. Go #vote! https://t.co/TS58fOFZQ5",https://twitter.com/DonnaDeegan/status/1322932516026748928
Donna Deegan,"10/22/2020, 18:55:31",Every vote that can be counted should be counted. https://t.co/Z8eOdMPonw,https://twitter.com/DonnaDeegan/status/1319351695495864322
"Aguilar, Pete","10/29/2020, 22:25:03","I was proud to support this funding to help provide homes to some of our most vulnerable residents during this crisis. Now, it's time for the Senate to take up the #HeroesAct so that we can continue providing these critical resources to our communities.
https://t.co/gAA0iYKrVN",https://twitter.com/RepPeteAguilar/status/1321941142301265924
Jim Kennedy,"10/12/2020, 17:15:00","This afternoon's Jim Talk is on the 2nd Amendment.

Watch this snippet and if you like with what you hear, please Donate to My Grassroots Effort to Make Washington work for You:  https://t.co/3QRSHEO1aC https://t.co/jbeHYyhgF8",https://twitter.com/JK4Florida/status/1315702521025884163
Kim Mangone,"11/01/2020, 00:49:35","We have a real shot at beating Kevin McCarthy. If everyone who saw this chipped in just $15, we would blow our fundraising goals out of the water. Please retweet and chip in here to be a part of our victory over Kevin McCarthy: https://t.co/S3qgVALFKS",https://twitter.com/KimMangone/status/1322702293070876673
Kim Mangone,"10/30/2020, 02:43:22","@kurteichenwald We have a real shot at beating Kevin McCarthy. If everyone who saw this chipped in just $26, we would blow our fundraising goals out of the water. Please retweet &amp; chip in here to be a part of our victory over Kevin McCarthy: https://t.co/DHXMCdcld6",https://twitter.com/KimMangone/status/1322006148074016768
David Kim,"10/14/2020, 15:26:33",@Stapes Wow thank you so much! üôè,https://twitter.com/DavidKimForCA/status/1316400006589485057
Phil Ehr,"10/16/2020, 21:51:58","@GreggHoush @mattgaetz He's been hiding from me so much that even Trump is forgetting his name. I'm Phil Ehr, and I'm running to beat him this November. 

Chip-in today to help: https://t.co/84hFUXEnQ3 #GaetzWontDebate",https://twitter.com/PhilEhr/status/1317221774552072198
Kim Mangone,"10/27/2020, 22:44:10","We have a real shot at beating Kevin McCarthy. If everyone who saw this chipped in just $13, we would blow our fundraising goals out of the water. Please retweet and chip in here to be a part of our victory over Kevin McCarthy: https://t.co/IVNIF8dJm8",https://twitter.com/KimMangone/status/1321221176341925888
Mia Mason,"10/17/2020, 22:09:34",Wishing all of our Hindu friends and families a happy and safe Navrati! https://t.co/Scj9zRwqUB,https://twitter.com/Mia4MD/status/1317588592114470913
Kim Mangone,"10/14/2020, 19:29:22","When I was in the Air Force, we learned about integrity, courage, duty, service. Kevin McCarthy just did the cliff‚Äôs notes version, and that‚Äôs why he is the way he is. Let‚Äôs send someone to Washington who will actually defend this nation.",https://twitter.com/KimMangone/status/1316461112750088192
Kate Bolz,"10/23/2020, 00:52:02","Daily Reminder: 
‚Üí Jeff Fortenberry's voting record favors wealthy, corporate interests

‚Üí Jeff Fortenberry's voting record suppresses votes and supports restricting civil rights.

Source: https://t.co/cN5dm7T0eG https://t.co/YCS2Ipkt4C",https://twitter.com/katejbolz/status/1319441415013793793
"McCollum, Betty","10/06/2020, 16:32:00","It's hard to keep up with all of the president's lies, but his ludicrous claim that insulin is so cheap ""it‚Äôs like water"" is particularly egregious given that millions of Americans struggle every single day to pay for this medicine that keeps them alive. https://t.co/9Wgu2c7sis",https://twitter.com/BettyMcCollum04/status/1313517372737806342
Joan Greene,"10/03/2020, 17:47:23","AZ folks - we put a tab on our website for voter information. Share it.

üó≥Ô∏è register to vote - DEADLINE OCT 5th
üó≥Ô∏è request ballot by mail
üó≥Ô∏è find voter location to vote in person or drop off your mail in ballot

#MaskUp #HireJoan #VoteEarly #VoteSafe  

https://t.co/20NzEcpGGD",https://twitter.com/joangreeneaz/status/1312449181240369158
"Adams, Alma","10/03/2020, 00:15:54","Out of an abundance of caution, I took another COVID-19 test today and the results came back negative. My prayers, as well as my actions in Congress, continue to be with everyone suffering from the effects of this terrible pandemic.",https://twitter.com/RepAdams/status/1312184568271626240
Adam Christensen,"10/13/2020, 20:43:55","In case it isn‚Äôt blatantly obvious to everyone, I hate politicians who lie to make money. 

If you are a grifter, I simply got no time for your shenanigans. Gloves are off, I‚Äôm done playing games.",https://twitter.com/AC4Congress2020/status/1316117484580282373
"Hayes, Jahana","10/18/2020, 14:21:22",https://t.co/oXdWAmy2PN,https://twitter.com/RepJahanaHayes/status/1317833153709572098
"Pascrell Jr., Bill","10/13/2020, 13:58:26",Ms. Hardy's commitment is inspiring. But no American should have to wait on line for hours to cast a ballot. Our nation won't ever be equal and free so long as rancid voter suppression exists. https://t.co/1XyTkSEmNc,https://twitter.com/BillPascrell/status/1316015441886679040
Harley Rouda,"10/29/2020, 02:30:10","For months, Sarah's been making calls to support me in #CA48's election. Today, I got to call her and say thank you. 

Thanks to ALL our volunteers who are fighting hard to support our campaign. Want to join the team? Sign up here: https://t.co/HAG6ZMzT0c https://t.co/obgZ3dnWxj",https://twitter.com/HarleyRouda/status/1321640438340624384
"Pascrell Jr., Bill","10/27/2020, 14:03:41","The republican party is unfit to govern and doesn't give a damn about you.
https://t.co/ybgG6A9wyN",https://twitter.com/BillPascrell/status/1321090194431500294
"Murphy, Stephanie","10/22/2020, 18:53:29","Today, Sean and I took our completed vote-by-mail ballots to our nearest secure ballot drop box (the #WinterPark Library) and voted! It was super easy &amp; no lines! Find your nearest drop box at https://t.co/dkPzl6B6gJ. Make a plan &amp; vote early! #FL07 #FlaPol https://t.co/CCJcUxWriI",https://twitter.com/SMurphyCongress/status/1319351184931651584
"Stanton, Greg","10/03/2020, 16:25:08","Far too many families in Arizona have been targets of Notario schemes. This week, the House passed the Fight Notario Fraud Act, which places criminal penalties on false advertising &amp; misrepresentation designed to defraud people just trying to work through the immigration process.",https://twitter.com/RepGregStanton/status/1312428482274693126
"Castor, Kathy","10/29/2020, 16:01:39","üö® Florida relies on @NOAA for vital hurricane, climate, &amp; ocean data and research.

It‚Äôs outrageous that Trump is sabotaging the science we need to sustain our #Florida economy and our way of life. 

It‚Äôs also costly, wrong and dangerous!üëá‚Å¶@UCSUSA‚Å© https://t.co/6PfYmL2bmG",https://twitter.com/USRepKCastor/status/1321844657240813568
"Meng, Grace","10/08/2020, 02:10:01",List of schools closed tomorrow which includes schools in my congressional district. https://t.co/da08EUCQrP,https://twitter.com/RepGraceMeng/status/1314025225848324096
Mia Mason,"11/01/2020, 19:39:06","Early Voting is happening now 7am-8pm Daily through Nov. 2nd.   Come on out and join me at the polls to VOTE! Every vote matters, so make yours count!
#votemia #mia4md 

Find your local Early Voting polling location here:

https://t.co/ebC7wgFfyD https://t.co/wAbLYhzd2Y",https://twitter.com/Mia4MD/status/1322986541669666820
Phil Arballo,"10/09/2020, 16:55:09","The polls in our race are neck &amp; neck. We invited him to debate so voters could hear both of our visions for the future. We haven't heard back from Nunes' campaign... 

Definitely don't retweet with the hashtag #DevinWontDebate - he would be really upset https://t.co/ZZ3DBEY5CT",https://twitter.com/PhilArballo/status/1314610364533764096
"Gottheimer, Josh","11/02/2020, 15:00:00",Voting issues? Give us a call! See more information at https://t.co/fdz4javoEL. https://t.co/0XimMftytk,https://twitter.com/JoshGottheimer/status/1323278694606082048
"C√°rdenas, Tony","10/23/2020, 20:14:49","Today, I joined my colleagues in sending a letter to Secretary Pompeo demanding that he sanction Azerbaijani officials under the Magnitsky Act.

https://t.co/dwtMkA9Be5",https://twitter.com/RepCardenas/status/1319734042430984192
Clint Curtis,"10/12/2020, 21:37:02","Instead of visiting his District and having town halls with his constituents, @RepMichaelWaltz is close by campaigning for Donald Trump.  Sounds about right for Worthless Waltz. #VoteBlueDownBallot #vote #Vote2020 https://t.co/WR0vXERGHi",https://twitter.com/Clint4congress/status/1315768463256887296
"Jackson Lee, Sheila","10/07/2020, 17:42:24","2/2 and more testing. COVID-19 deaths are still a glaring fact. The American people need a lifeline. They cannot wait until after the election, nor can they entertain Trump's new half-hearted offer. Pass the complete Heroes Act now!",https://twitter.com/JacksonLeeTX18/status/1313897479713304581
Michael Muscato,"10/14/2020, 22:59:29","Today I‚Äôm proposing the ‚ÄúHold Politicians Accountable Act‚Äù. 

The entire country can be co-sponsors of this ‚ÄúBill‚Äù. 
All you have to do is vote.",https://twitter.com/michael_muscato/status/1316513989820518401
James Averhart,"10/09/2020, 00:55:15","The citizens of Alabama have a wonderful opportunity to be a Beacon of Light for the nation to follow and resurrect a renewed desire to be ‚ÄúRepairers of the Breach!‚Äù  The year 2020 is our wake-up call to a new vision for our future‚Äî on Tuesday, November 3, 2020, VOTE BLUE! #AL01 https://t.co/ajjqAJVn1B",https://twitter.com/JAverhart2020/status/1314368794727526400
Scott Huffman,"10/17/2020, 15:21:12","60,000 new COVID Cases in America Yesterday.
Budd wants to strip your healthcare from you.
I'm feeding the Pandemic impoverished with campaign donations while Ted Budd buys cigars and fishing rods with his.
Please give what you can to help me help others! https://t.co/cJpqwLjXcr",https://twitter.com/HuffmanForNC/status/1317485823365992450
Debbie Mucarsel-Powell,"10/16/2020, 20:37:20",Our team's hard work is paying off and the wind is at our back! Now we have the momentum going into the final stretch #FL26 https://t.co/SN99bqsJue,https://twitter.com/DebbieforFL/status/1317202991661940739
Candace Valenzuela,"10/19/2020, 13:02:08","Cuando era ni√±o, mi pap√° sol√≠a saltar de los aviones y mi mam√° los arreglaba. S√© que la universidad no es el √∫nico camino y en el Congreso luchar√© por programas de capacitaci√≥n laboral y habilidades.",https://twitter.com/candacefor24/status/1318175601870721026
Russell Foster,"10/06/2020, 11:24:07","I am proud of my district's swift response to this. This is the kind of accountability we all have been talking about. While this is just the start of the process, it's a good start. 
https://t.co/zDfA8A77jl",https://twitter.com/RussellFosterTX/status/1313439892056297473
Mia Mason,"10/05/2020, 01:11:05","Mia will fight for affordable healthcare &amp;  make sure everyone is covered! We need to raise $10,000 for Mia Mason @Mia4MD running for Maryland's 1st Congressional District! 

$5, $15, or anything you can afford is appreciated!

https://t.co/gQ93neC1gP https://t.co/Fem83XX53y",https://twitter.com/Mia4MD/status/1312923227556139009
"Pingree, Chellie","10/19/2020, 23:34:55",In Dr. Fauci we trust. https://t.co/9hxQyuzKBQ,https://twitter.com/chelliepingree/status/1318334844288499712
"Pallone Jr., Frank","10/05/2020, 17:40:57","The sterilization of immigrant women is part of a calculated effort by the Trump Administration to dehumanize asylum seekers. The trauma experienced by these women is unimaginable. It must stop now.
https://t.co/cxV2pQPKDL",https://twitter.com/FrankPallone/status/1313172336477118465
Mia Mason,"10/11/2020, 11:33:03","We need to Flip Maryland's District 1 Blue by Voting for Mia Mason! We need your help to do it! Join in now for  Phone Banking for Carroll County!

It's easy &amp; if you need training email benjamin@miadmason.us

https://t.co/4z6EHB4Adn https://t.co/A4QdYNvVu9",https://twitter.com/Mia4MD/status/1315254078264442881
Nate McMurray,"10/30/2020, 18:02:43","Not the hate. Never the hate, but the parts about the forgotten American. The parts about bringing back America. Let me explain.",https://twitter.com/Nate_McMurray/status/1322237510974689285
"Scanlon, Mary-Gay","10/08/2020, 18:45:05","‚ÄúThe effects of this shock are likely to outlast the actual epidemic.‚Äù
https://t.co/MQq2yQvziT",https://twitter.com/RepMGS/status/1314275642112966656
Cameron Webb,"11/02/2020, 19:14:55","Another new endorsement: Dr. John Boyd Jr! A 4th generation farmer, President of the National Black Farmers Association &amp; also the 2000 Democratic nominee for Congress in VA05! He‚Äôs been a powerful advocate for farmers on the Hill, I‚Äôd be honored to work w/him in the years ahead. https://t.co/8xkeC4Td0t",https://twitter.com/DrCameronWebb/status/1323342846263468034
"Lowenthal, Alan","10/15/2020, 14:21:00","Attacking Dr. Fauci, and distorting his statements for political purposes, makes us less safe. The president‚Äôs conduct is disgraceful. https://t.co/LJMxQYqTGq",https://twitter.com/RepLowenthal/status/1316745896202317824
Matthew Best,"10/14/2020, 15:52:36","@RepHalRogers Maybe work towards remembering the 750,000 living people in #KY5 currently facing an economic crisis, a global pandemic, food scarcity, an education crisis, and sky rocketing unemployment.",https://twitter.com/BestforKY/status/1316406560541868035
"Haaland, Debra","10/30/2020, 02:45:00","To families across New Mexico, each one of these cases is a loved one. Let's protect our communities. Wear a mask when you're out, keep a safe distance from others, wash your hands, and stay home if you can. #COVID19 #MaskUp https://t.co/AkEXQZigV9",https://twitter.com/RepDebHaaland/status/1322006559883493377
Aaron Paul Godfrey,"10/21/2020, 00:56:23",can confirm https://t.co/JqMRJkHRVE,https://twitter.com/GodfreyForOH16/status/1318717734788698114
Mia Mason,"10/21/2020, 21:47:05","Sunday Oct. 25 at 1 PM ‚Äì 2 PM

Learn about who Mia Mason is &amp; what she stands for. This town hall is with The Sudanese American Community - Delmarva &amp; we will also cover issues facing our minority communities!

Please join us by registering for the Zoom: https://t.co/zZiw09jEl8 https://t.co/1lD2kvZzOT",https://twitter.com/Mia4MD/status/1319032484382806025
Kendra Horn,"10/23/2020, 15:51:15","Doing what‚Äôs right for Oklahoma often means standing up to party leadership. Whether I‚Äôm fighting for our public schools or speaking out for our energy industry, I‚Äôll always take a thoughtful, bipartisan approach that puts Oklahoma first.

https://t.co/MIb4ctrcz3",https://twitter.com/HornForCongress/status/1319667712273059840
Jon Mark Hogg,"10/19/2020, 22:24:30",Eating once again at the official restaurant of Hogg for Congress. https://t.co/ri1KcyZnwG,https://twitter.com/jonmarkhogg/status/1318317124717338628
Aaron Paul Godfrey,"10/16/2020, 01:16:23","Normally I'm pretty active on here, but this week I've been trying to help my 13.5 year-old Border Collie mix overcome what we hope is idiopathic vestibular syndrome ('old dog syndrome'), but could have been a stroke (two very different conditions with near-identical symptoms). https://t.co/PgqmAksQy9",https://twitter.com/GodfreyForOH16/status/1316910829510545408
Russell Foster,"10/05/2020, 11:15:08","Texas, Today is the last day to register to vote. If you are already registered, please check the website and make sure you still are! We don't want to have any issues and you not have a chance to have your voice heard. Let's flip this state!

https://t.co/lnfBSFwb03",https://twitter.com/RussellFosterTX/status/1313075243905363968
Scott Huffman,"10/24/2020, 10:46:37",@99for99 Thank you.,https://twitter.com/HuffmanForNC/status/1319953437484789760
"Maloney, Sean Patrick","10/08/2020, 22:56:54","Let‚Äôs cut the red tape on COVID-19 testing and help our local health departments catch outbreaks before they start. 

We need a national wastewater testing program so we can protect our communities. Read more:

https://t.co/pHBNiE7W0V",https://twitter.com/RepSeanMaloney/status/1314339012518334465
"Meng, Grace","10/14/2020, 17:00:11",.@Facebook's decision to finally ban #Holocaust denial posts is a step in the right direction. Such incendiary lies created fertile grounds for anti-Semitism to grow. Kudos to @JGreenblattADL for leading this multi-year effort. #NoDenyingIt https://t.co/rWHhJKBfMH,https://twitter.com/RepGraceMeng/status/1316423571154046976
"Ruiz, Raul","10/14/2020, 02:42:00","Now more than ever, it's important to remain vigilant for #COVID19 scams and misinformation. Here is how you can identify and report scams. ‚¨áÔ∏è https://t.co/iTL3Mw5Vtd",https://twitter.com/RepRaulRuizMD/status/1316207598903984134
Lindsey Simmons,"10/26/2020, 17:10:05","Just because Vicky Hartzler hides from accountability, doesn't mean she can hide from 10 years worth of video footage showing her put corporations ahead of constituents.

Get ready. 

You don't want to miss this. https://t.co/9QnRmUfGoX",https://twitter.com/LynzforCongress/status/1320774715615682560
Tom Palzewicz,"10/14/2020, 23:06:24","We‚Äôre live! Now until 6:30pm CDT with Wisconsin State Treasurer Sarah Godlewski üôåüéâ@SarahforWI discussing women in finance, economic mobility for women, &amp; the power of the women vote üí™ https://t.co/xjejeYOjeP
or watch on Facebook live from Tom‚Äôs page",https://twitter.com/tomforwi/status/1316515731207532546
Christina Finello,"10/17/2020, 18:09:31","Copy and paste bunny but make it vote by mail

(\_/)
( ‚Ä¢_‚Ä¢)
/ &gt; ‚úâÔ∏è
ballot in the secrecy envelope!
(\_/)
( ‚Ä¢_‚Ä¢)
/ &gt; üì©
secrecy envelope in the return envelope!
(\_/)
( ‚Ä¢_‚Ä¢)
/ &gt; üì¨
return envelope in the mail!",https://twitter.com/FinelloForPA/status/1317528181944078344
Quinn Nystrom,"10/12/2020, 02:58:37","This weekend, I had the opportunity to meet with people &amp; families in:
üìçBaxter
üìçAitkin
üìçCloquet 
üìçDuluth
üìçTwo Harbors
üìçGrand Marais
üìçInternational Falls
üìçChisholm

And I‚Äôm not done yet! For the full 18 County Tour schedule, click here: https://t.co/SIViRuzTn8 https://t.co/DrpK4ZK23t",https://twitter.com/QuinnNystrom/status/1315487007611727878
Tedra Cobb,"10/31/2020, 13:18:23","Good morning, St. Lawrence County! Thank you for braving the cold to help us #GOTV. Three days! Let‚Äôs #GoVoteNY! https://t.co/YLeRvmJzGS",https://twitter.com/TedraCobb/status/1322528343036747780
Celeste Williams,"10/29/2020, 03:22:29","Super scientific Twitter poll! Go! 

#VOTE #Election2020 #ElectANurseüë©‚Äç‚öïÔ∏è",https://twitter.com/CelesteforAR/status/1321653604059668487
Lindsey Simmons,"10/12/2020, 01:26:00",Thank you @Emily4Mo‚ÄîI cannot wait to see you in Jefferson City! https://t.co/zIhwnBWIc3,https://twitter.com/LynzforCongress/status/1315463699629514758
"Gottheimer, Josh","10/21/2020, 21:02:40","This proposed financial transaction tax will cost the Fifth District at least two hundred good paying jobs, including the hardworking men and women of labor...
https://t.co/TRJjyG3slN",https://twitter.com/JoshGottheimer/status/1319021305694461953
Kim Mangone,"10/31/2020, 02:25:31","We have a real shot at beating Kevin McCarthy. If everyone who saw this chipped in just $40, we would blow our fundraising goals out of the water. Please retweet &amp; chip in here to be a part of our victory over Kevin McCarthy: https://t.co/k2SNrU7k9f",https://twitter.com/KimMangone/status/1322364047447089152
"Yarmuth, John A.","10/09/2020, 16:57:14","Today, there still is no plan. Nothing has been released. No new ideas have been proposed.",https://twitter.com/RepJohnYarmuth/status/1314610888901570563
Kristy Gnibus,"10/25/2020, 00:37:03",Don‚Äôt sleep on our Western PA races!  Support my friend and the powerhouse @KolbeForPA10! https://t.co/RyOWRfUCAw,https://twitter.com/Kristy4PA/status/1320162422154461185
Mia Mason,"10/16/2020, 11:45:00","Only 18 days left till election day!!!
Vote or Donate! Hang out with Mia at https://t.co/SBFVAJ1Q1J! https://t.co/a5iMRl75vq",https://twitter.com/Mia4MD/status/1317069025206181888
Jim Kennedy,"10/06/2020, 01:30:53",@PlumSauces Just now https://t.co/UAZuHu2yc8,https://twitter.com/JK4Florida/status/1313290601291485186
Christina Finello,"10/25/2020, 15:37:58",We have 9 days left until we make hiss-tory in #PA01. Sign up for multiple shifts to help us make this happen! https://t.co/uAVlKeOPCJ https://t.co/upvwzvwX2o,https://twitter.com/FinelloForPA/status/1320389145177501696
Joyce Elliott,"10/10/2020, 19:00:53","Today on #WorldMentalHealthDay , we must remember to prioritize mental health like we do physical health. 

As a policymaker, I pledge to work for expanded access to quality mental healthcare. https://t.co/OEbbUQxns7",https://twitter.com/xjelliott/status/1315004390902771712
Aaron Paul Godfrey,"10/23/2020, 01:43:10","Boy, not a good luck for Trump, talking down to the suffering most American families are enduring right now.",https://twitter.com/GodfreyForOH16/status/1319454283314724867
"Manning, Kathy","10/19/2020, 12:51:15","‚ÄúWe bring a unique perspective. We‚Äôve raised families, navigated careers, cared for aging parents. It gives female lawmakers insight into the challenges that more than half of our population faces every day,‚Äù said Manning.

https://t.co/H0eXoFfZQm",https://twitter.com/KathyManningNC/status/1318172860540735490
Kimberly Bizon,"10/26/2020, 03:17:22","@TylerEveritt @WelchForJustice @BridgetMaryMc @SenGaryPeters @JoeBiden @KamalaHarris That I am not sure of. I only know the Federally Rules. However, in Michigan someone is supposed to have a committee formed  within 10 days they are officially a candidate for any office.",https://twitter.com/electbizon2020/status/1320565156515139584
Pam Keith,"10/13/2020, 13:09:26","THIS is why we must vote!! 

Because we can fix this. https://t.co/nOfFbLqtbu",https://twitter.com/PamKeithFL/status/1316003110616260609
"McGovern, James","10/06/2020, 19:14:52","House Democrats passed two different versions of the Heroes Act. We‚Äôve negotiated in good faith, cutting trillions from our package to reach a compromise.

Trump is HOLDING AMERICA HOSTAGE by refusing to act. His bottomless selfishness is ruining lives and livelihoods. SHAME. https://t.co/VJhD5NixQf",https://twitter.com/RepMcGovern/status/1313558360369790976
Jon Hoadley,"10/24/2020, 12:15:00","It's officially #VoteEarly day!

- Take your ballot to a drop box or local clerk's office
- Vote early in-person
- Make your plan to vote in-person on Election Day

Get your questions answered: https://t.co/168OdUUBFL https://t.co/z5f89uZAs4",https://twitter.com/JonHoadley/status/1319975678301843457
Mia Mason,"10/04/2020, 11:11:06","We need to Flip Maryland's District 1 Blue by Voting for Mia Mason! We need your help to do it! Join in now for  Phone Banking for Baltimore County!

It's easy &amp; if you need training email benjamin@miadmason.us

https://t.co/zkYll7Y1Vv https://t.co/ywOQLyAMGr",https://twitter.com/Mia4MD/status/1312711839831273472
Patricia Timmons-Goodson,"10/05/2020, 17:59:32","I am praying for Mrs. Davis's family, friends, and students at this time. Mrs. Davis was known to bring joy to her classroom and the Stanly County community. 

My heart breaks for everyone who has lost a loved one to this devastating virus. https://t.co/XWgC9JeTuA",https://twitter.com/TimmonsGoodson/status/1313177014040432640
Nate McMurray,"11/02/2020, 03:24:19","Though passion may have strained it must not break our bonds of affection. The mystic chords of memory . . . will yet swell the chorus of the Union, when again touched, as surely they will be, by the better angels of our nature.5/",https://twitter.com/Nate_McMurray/status/1323103619491704836
"Higgins, Brian","10/27/2020, 20:30:31",The economies of Western New York and Southern Ontario are interconnected. A return to robust cross-border economic benefits will require national leadership that takes this pandemic seriously. A healthy nation is the best path to a healthy economy. https://t.co/IYbajlpCPP,https://twitter.com/RepBrianHiggins/status/1321187542218190856
Vanessa Enoch,"10/15/2020, 18:18:01","This is why it is so important that we fight to save health care. Our current legislator won't do it.
#ElectEnoch https://t.co/my7RRiCXDf",https://twitter.com/DrVEnoch/status/1316805545282736128
Matthew Best,"10/25/2020, 00:38:53",@HalRogersKY5 @BGPolitics https://t.co/1Cndus8mHu,https://twitter.com/BestforKY/status/1320162885243457538
Christopher J. Hale,"10/09/2020, 16:56:06","@Chef_Lu_Bu @imgur Because of the crucial nature of this question and my relative lack of expertise on the topic, I‚Äôve decided to put together a task force immediately to study this question.

We‚Äôll get back to you by the end of the day.",https://twitter.com/chrisjollyhale/status/1314610601264664577
Dani Brzozowski,"10/20/2020, 14:56:09",https://t.co/QpBG5BC9uL,https://twitter.com/DaniForCongress/status/1318566681309052928
Carolyn Salter,"10/30/2020, 23:58:46","The early voting line at the South Garland Branch Library on Broadway circles the entire building. If you‚Äôre in line to vote by 7pm, stay there! You will be allowed to vote. https://t.co/Z3Jhfafose",https://twitter.com/SalterforTexas/status/1322327116868968450
Jim Kennedy,"10/30/2020, 20:15:42","@Ferrydogmother Don't be infuriated... make sure everyone you know with a vote by mail ballot gets it in on time to be counted!

#YourVoteMatters",https://twitter.com/JK4Florida/status/1322270978123190273
"Maloney, Carolyn","10/09/2020, 15:54:52","ATTN NYers: TODAY is the last day to register to vote. This is the most critical election of your lifetime, and it is VITAL that your voice be heard.

https://t.co/xCYBPpGZnQ",https://twitter.com/RepMaloney/status/1314595191655890944
"Beyer, Don","10/04/2020, 22:04:22","I am glad the President is feeling well. I want him to recover.

The safety and health of the Secret Service, the President‚Äôs staff, and the medical personnel and patients at Walter Reed must come first. They should not be put at risk. https://t.co/lhiTNhCtnD",https://twitter.com/RepDonBeyer/status/1312876241498918913
"Harder, Josh","10/05/2020, 18:00:01","We‚Äôre in the homestretch here to eradicate swamp rats:
‚úÖ Passed the House
‚úÖ Passed the Senate
üü© Signed by the President
https://t.co/irGWOOxIeJ",https://twitter.com/RepJoshHarder/status/1313177137411698689
"Pingree, Chellie","10/08/2020, 14:34:56","Starting tomorrow, recreational marijuana goes on sale in Maine! 

Check out the @PressHerald's ""Know Before You Go"" guide. For example, the method of payment will vary by retailer. Do your research before waiting in line.
https://t.co/RIab7LEvLG",https://twitter.com/chelliepingree/status/1314212689053278208
"Boyle, Brendan","10/04/2020, 16:31:16",The #2020Census is ending this month! An accurate Census provides the ability to gather evidence needed to protect people from discrimination and build a democracy where every voice matters and every vote is valued. Be counted at https://t.co/SRdbFEw4Um. https://t.co/OXqNwkIxqz,https://twitter.com/CongBoyle/status/1312792411953934337
Jessica King,"10/13/2020, 15:30:31",We are simply running out of time in this world to continue to deny the science. #GlobalWarmingIsReal It's time for a change. #FlipThe6th #VoteBlue https://t.co/jJPiKi2hED https://t.co/KDQ70zCcOj,https://twitter.com/JessicaKing6th/status/1316038614212653062
"Torres, Norma","10/09/2020, 22:32:15","Thank you to everyone who came for a drive thru flu shot today in Pomona. More than 300 people made sure they are protected this flu season, and in turn, they ensured they can‚Äôt pass it on to others either. https://t.co/bQSrtMyiik",https://twitter.com/NormaJTorres/status/1314695196899184647
Mia Mason,"10/18/2020, 11:47:04","We need to Flip Maryland's District 1 Blue by Voting for Mia Mason! We need your help to do it! Join in now for  Phone Banking for Kent County!

It's easy &amp; if you need training email benjamin@miadmason.us

https://t.co/aEJM6VaDeX https://t.co/smiqP4FBXB",https://twitter.com/Mia4MD/status/1317794323967213569
Mia Mason,"10/26/2020, 17:04:04",1st Day of Early Voting at Kennard Elementary School in Queen Anne's County! Putting up signs and checking to the polling activity! https://t.co/MVNEfvzPLX,https://twitter.com/Mia4MD/status/1320773200448528386
"Kelly, Robin","10/27/2020, 17:55:09","Millions rely on broadband to work, study and build a business from home. But many in Illinois still don‚Äôt have access. Instead of abandoning net neutrality and America‚Äôs unconnected, the @FCC should restore #NetNeutrality and make broadband reliable and affordable for all.",https://twitter.com/RepRobinKelly/status/1321148444870926336
Liam O'Mara,"10/29/2020, 01:58:19",@poltimamiRN Yes. Starts. As in... just beginning to wake up and move around the population. Talking about influenza deaths in October is nonsensical.,https://twitter.com/LiamOMaraIV/status/1321632425282138112
Mary Brannon,"10/11/2020, 21:50:59",Glad Fauci is defending his reputation. Trump knows trusted  and why he used him. Biden/Harris Blue DOWN THE BALLOT. https://t.co/STc1drbzsA https://t.co/ZyyRGxPI23,https://twitter.com/ElectBrannon/status/1315409587026169856
Carolyn Salter,"10/12/2020, 20:18:14","üåê In 2020, folks in suburban Dallas to rural Palestine don‚Äôt have reliable internet‚Äîlike sitting in the dark in 1920. Internet access is a necessity for education, biz, and medicine. Broadband is the electricity of our time. I won‚Äôt skimp on infrastructure. Vote for me. #TX05 https://t.co/jHu6IN328H",https://twitter.com/SalterforTexas/status/1315748634462478336
Matthew Best,"10/20/2020, 00:00:46",High court allows 3-day extension for Pennsylvania ballots  (from @AP) https://t.co/DOTvsD9hcR,https://twitter.com/BestforKY/status/1318341353529626624
Adam Christensen,"10/23/2020, 03:39:42",@Ghostly_God Do they have a twitter handle?,https://twitter.com/AC4Congress2020/status/1319483612169981952
Jon Hoadley,"10/19/2020, 21:46:07","Folks across the country realize what we've known in #MI06 for a long time - we can win.

This won't be easy. Upton's been in office for 34 years &amp; polling shows this race is neck and neck with just 2 weeks to go.

Chip in what you can to help us win: https://t.co/SRgQZH8MYt https://t.co/kzlF6ayVS2",https://twitter.com/JonHoadley/status/1318307464987725829
Kiran Sreepada,"10/23/2020, 02:52:23",@Radio_Monica Thank you for your support!,https://twitter.com/Kiran4Congress/status/1319471704536682496
"Pallone Jr., Frank","10/16/2020, 19:17:06","How bad do things have to get before Washington Republicans join us in crushing #COVID19? With cases surging, Senate Republicans still refuse to pass the #HeroesAct and Trump continues to spread dangerous misinformation. This is not the way we‚Äôre going to beat this pandemic. https://t.co/zveW5IIUht",https://twitter.com/FrankPallone/status/1317182799426838528
Nate McMurray,"10/06/2020, 04:24:27","The unthinkable has become commonplace. These men want to end same sex marriage. 

Vote 

https://t.co/rBjjSduP6A",https://twitter.com/Nate_McMurray/status/1313334279863234562
Allen Ellison,"10/25/2020, 09:21:51",@MoveToAmend Let‚Äôs end corporate rule! #anewpathforward,https://twitter.com/AllenLEllison/status/1320294491052494849
Scott Huffman,"10/07/2020, 17:03:01","Senator Boxer nails this point: They targeted children. Ted Budd remained silent. He still remains silent. This is why I need your help. We have to defeat the enablers AND POTUS. #NC13

We're at $250 for the $5000 challenge today! https://t.co/Wisd9KrvjB https://t.co/37LVhEyQCi",https://twitter.com/HuffmanForNC/status/1313887566446419973
Meg Gorman,"10/23/2020, 20:04:22","We're back on the road for this last weekend of early voting. Support us as we make it our mission to meet with people all over the district leading up to November 3rd.

https://t.co/GznimZcupq https://t.co/1FNl6Um2pr",https://twitter.com/Meg4Congress/status/1319731411348279298
David Kim,"11/01/2020, 01:47:03",@simply_rouge Love it!!,https://twitter.com/DavidKimForCA/status/1322716753793863680
"Hayes, Jahana","10/19/2020, 16:35:17",https://t.co/r46lRPeqVg,https://twitter.com/RepJahanaHayes/status/1318229241582977024
Elizabeth Hernandez,"10/22/2020, 21:33:58","Trump wants a mulligan. Kevin Brady thinks we should give him one, but I say hell no! 

What do you think?",https://twitter.com/LizForTX8/status/1319391572253954049
Devin Thorpe,"10/31/2020, 00:33:16","Congratulations @PetersonUtah and @karinaforutah!

#letsbeboldtogether #UtahValues #BoldSolutions #UTpol https://t.co/awnIeP5F0A",https://twitter.com/devindthorpe/status/1322335796821516294
Jon Hoadley,"10/18/2020, 17:23:00","We need leaders who will protect our care, and the GOP doesn't have a plan to do that. The ""Upton Amendment"" itself would have killed preexisting conditions coverage for millions. 

In Congress, I'll fight in the House along with @GaryPeters in the Senate for Michigan families. https://t.co/JOvsS3LryY",https://twitter.com/JonHoadley/status/1317878861636329472
"Kim, Andy","10/08/2020, 19:40:59",Our first day of #COVID19 cases above 1k since May. We aren't through this crisis and we need to stay absolutely focused on doing everything we can to follow public health guidelines and stay safe. https://t.co/JEqLcu0QKk,https://twitter.com/RepAndyKimNJ/status/1314289706537025536
"Beatty, Joyce","10/27/2020, 17:31:11","My heart breaks for every family who has lost a loved one because of COVID-19. üíî

https://t.co/3372dEOiLF",https://twitter.com/RepBeatty/status/1321142412232794128
Lindsey Simmons,"10/14/2020, 12:58:02","I felt embarrassed and alone. 

She grabbed my hand and my phone, turned the machine back on and we filmed the very first video my husband would see of his son. 

I immediately sent it to him--half a world away.

3/ https://t.co/kU7xc9suRn",https://twitter.com/LynzforCongress/status/1316362631192641539
"McCollum, Betty","10/28/2020, 22:27:00","Stopped by @WCHSMN to see the space for the new Washington County Heritage Center. This historic Stillwater ballot box, c/o Mayor @tedkozlowski, is a reminder of the importance of exercising our right to vote at every opportunity to sustain our democracy for future generations. https://t.co/itmiKmvtBd",https://twitter.com/BettyMcCollum04/status/1321579244124852226
Lindsey Simmons,"10/21/2020, 19:33:59","There's not much better than a woman who voted against the ERA supporting a woman who only subscribes to an ""originalist"" view of the Constitution which says women weren't intended to vote.

The only thing Vicky cares about is forcing other people to abide by her extremist views. https://t.co/yNk5bS5P2B",https://twitter.com/LynzforCongress/status/1318998989522522112
Joe Cunningham,"10/11/2020, 01:04:23","@realDonaldTrump @NancyMace If you want to do the opposite of this, help me hold this seat in November. #SC01  

Donate ‚û°Ô∏è https://t.co/cPKKC18Xi8",https://twitter.com/JoeCunninghamSC/status/1315095869713190920
"Jacobs, Sara","10/28/2020, 16:38:22","Our local economy will only survive if our small businesses survive. In Congress, I'll fight for our small businesses to get the economic support they need -- ensuring that federal relief money actually goes to small businesses, not big corporations. #CA53 https://t.co/TSAiPReW9H",https://twitter.com/SaraJacobsCA/status/1321491509124935680
"Hayes, Jahana","10/19/2020, 16:31:47",https://t.co/7mriJQrsum,https://twitter.com/RepJahanaHayes/status/1318228359789355008
Kenny Houston,"10/09/2020, 20:05:08","When you get a call from a community leader and they Ôøºtell you keep working because the people are happy! ‚ù§Ô∏è

#CommunityFirst
#LetCareAboutLouisiana 
#ICanBeHappy https://t.co/eaWfaF4rq6",https://twitter.com/KennyHoustonCD4/status/1314658174700523520
Christopher J. Hale,"10/13/2020, 03:43:02",67% of citizens in my R+20 district support ‚Äúgiving Medicare to all Americans.‚Äù,https://twitter.com/chrisjollyhale/status/1315860573477842946
Mike Siegel,"10/26/2020, 03:52:41",@ProfJSCarberry @shaadinotshawty @swifties4siegel @taylorswift13 This is epic,https://twitter.com/SiegelForTexas/status/1320574040847896577
"Pascrell Jr., Bill","10/04/2020, 17:19:05","Trump's complete corruption of all institutions of trust is reflected here. Since 2017, figures we should be able to rely on have lied to our faces to protect donald trump. https://t.co/ZDwsG3Vefg",https://twitter.com/BillPascrell/status/1312804444761980942
David Kim,"10/06/2020, 02:43:20","Look. Twitter isn‚Äôt everything, but we have one candidate who blocks constituents asking questions and one who tries his very hardest to reply to each and every comment.

Says a lot about character.",https://twitter.com/DavidKimForCA/status/1313308830747549696
"Pocan, Mark","10/14/2020, 14:35:04","Wisconsin reported 3,279 new cases. Yesterday.

We've had an average of over 2,700 cases/day for the last 7 days.

This reckless decision will cost lives. https://t.co/V4VojTmXhI",https://twitter.com/repmarkpocan/status/1316387050376044545
Blair Walsingham,"10/22/2020, 03:48:06",#womenLikeMe https://t.co/1iSyNCGjSw,https://twitter.com/BlairWalsingham/status/1319123335922503680
"Gottheimer, Josh","10/29/2020, 19:38:11","That‚Äôs why we must continue our efforts, and to work with key partners, like the ADL and the New Jersey Office of Homeland Security and Preparedness, to address the threats posed by violent extremists and homegrown lone-wolf terrorists.",https://twitter.com/JoshGottheimer/status/1321899150238195715
"McGovern, James","10/28/2020, 18:56:27","Open enrollment for Medicare is underway! This means #Medicare recipients have until December 7th to review, tailor or change their plans. 

Visit https://t.co/7y57NTkCPN to get started. https://t.co/9hVAI48Es3",https://twitter.com/RepMcGovern/status/1321526258656792578
"Malliotakis, Nicole","10/22/2020, 21:35:54","‚ÄúThe men and woman in blue are people that you represent as well and they feel very hurt and vilified by your actions,‚Äù Malliotakis said. https://t.co/lSobDIxrJy",https://twitter.com/NMalliotakis/status/1319392056498884611
Josh Hicks,"11/01/2020, 21:14:00","I got to visit some fantastic local restaurants in Woodford County yesterday! We are lucky to have so many great restaurants, and Congress should do its job to help our businesses survive. https://t.co/sOySq03B0L",https://twitter.com/joshhicksky/status/1323010424510533633
"Himes, Jim","10/29/2020, 20:11:06","And the Academy Award for Grade A, Blue Ribbon, kick-in-the-pants trolling goes to.... https://t.co/6jKze9yXSu",https://twitter.com/jahimes/status/1321907432570933253
"Napolitano, Grace","10/15/2020, 17:09:51","Today is the last day to complete the¬†#2020Census! If you need language assistance, the¬†Census¬†is available in 13¬†languages online¬†at¬†https://t.co/LOTPMf8d7e¬†and there are languages¬†guides in 59 languages¬†here:¬†https://t.co/BxWUvdIbNX",https://twitter.com/gracenapolitano/status/1316788389774008322
Christina Finello,"10/30/2020, 12:57:15","Hand deliver your ballot to the dropbox today, October 30th!

üó≥Ô∏è Bucks County from 8:00AM to 7:00PM
üó≥Ô∏è Montgomery County (in #PA01) from 9:00AM to 4:00PM https://t.co/EoUqCaeLQr",https://twitter.com/FinelloForPA/status/1322160640153292800
"Swalwell, Eric","10/04/2020, 22:52:26",It is criminal negligence for @realDonaldTrump to recklessly expose others. Pray for the Secret Service. LAW &amp; ORDER! https://t.co/sejBydBNLk,https://twitter.com/RepSwalwell/status/1312888335044538369
Christopher J. Hale,"10/16/2020, 01:09:14",Want to fully fund Tennessee public schools? Legalize weed today. https://t.co/MrVduuCsZs,https://twitter.com/chrisjollyhale/status/1316909031798329345
